,en-US,af,ba-RU,ce-RU,sq,am,ar,hy-AM,az-AZ,bn-BD,be,bq,my-MM,zh-HK,zh-CN,zh-TW,hr,cs-CZ,da-DK,nl-NL,et,fil,fi-FI,fr-FR,ka-GE,de-DE,el-GR,gu,iw-IL,hi-IN,hu-HU,is-IS,id,it-IT,ja-JP,kn-IN,kk,km-KH,ko-KR,ky-KG,lo-LA,lv,lt,mk-MK,ms-MY,ml-IN,mr-IN,mn-MN,ne-NP,no-NO,fa,pl-PL,pt-BR,pt-PT,pa,ro,ru-RU,sr,si-LK,sk,sl,es-419,es-ES,sw,sv-SE,ta-IN,te-IN,tg-TJ,th,tk-TM,tr-TR,tt-RU,uk,ur,uz-UZ,vi,zu
language_name,English,Afrikaans,Башҡортса,Нохчийн,Shqip,አማርኛ,العربية,Հայերեն,Azərbaycanca,বাংলা,Беларуская,Bislama,မြန်မာ,繁體中文,简体中文,繁體中文 (台灣),Hrvatski,Čeština,Dansk,Nederlands,Eesti,Filipino,Suomi,Français,ქართული,Deutsch,Ελληνικά,ગુજરાતી,עברית,हिन्दी,Magyar,Íslenska,Bahasa Indonesia,Italiano,日本語,ಕನ್ನಡ,Қазақша,ភាសាខ្មែរ,한국어,Кыргызча,ລາວ,Latviešu,Lietuvių,Македонски,Bahasa Melayu,മലയാളം,मराठी,Монгол,नेपाली,Norsk,فارسی,Polski,Português (Brasil),Português (Portugal),ਪੰਜਾਬੀ,Română,Русский,Српски,සිංහල,Slovenčina,Slovenščina,Español (AL),Español (ES),Kiswahili,Svenska,தமிழ்,తెలుగు,Тоҷикӣ,ไทย,Türkmençe,Türkçe,Татарча,Українська,اردو,O'zbekcha,Tiếng Việt,isiZulu
your_worlds,Your worlds,Jou wêrelde,Һеҙҙең донъялар,Хьайн дуьненаш,Botët e tua,የአንተ ዓለማት,عوالمك,Քո աշխարհները,Sizin dünyalarınız,আপনার বিশ্বগুলো,Вашы сусветы,Ol wol blong yu,သင့်ကမ္ဘာများ,你的世界,你的世界,你的世界,Vaši svjetovi,Vaše světy,Dine verdener,Jouw werelden,Sinu maailmad,Ang iyong mga mundo,Maailmasi,Vos mondes,შენი სამყაროები,Deine Welten,Οι κόσμοι σας,તમારી દુનિયાઓ,העולמות שלך,आपके संसार,A te világaid,Heimarnir þínir,Dunia-dunia Anda,I tuoi mondi,あなたの世界,ನಿಮ್ಮ ಲೋಕಗಳು,Сіздің әлемдеріңіз,ពិភពលោករបស់អ្នក,당신의 세계,Сиздин дүйнөлөрүңүз,ໂລກຂອງທ່ານ,Jūsu pasaules,Jūsų pasauliai,Вашите светови,Dunia anda,നിങ്ങളുടെ ലോകങ്ങൾ,तुमची जगं,Таны ертөнцүүд,तपाईंको संसारहरू,Dine verdener,دنیاهای شما,Twoje światy,Seus mundos,Os seus mundos,ਤੁਹਾਡੀਆਂ ਦੁਨੀਆਂ,Lumile tale,Ваши миры,Ваши светови,ඔබගේ ලෝක,Vaše svety,Vaši svetovi,Tus mundos,Tus mundos,Ulimwengu wako,Dina världar,உங்கள் உலகங்கள்,మీ ప్రపంచాలు,Оламҳои шумо,โลกของคุณ,Siziň dünýäleriňiz,Dünyaların,Сезнең дөньялар,Ваші світи,آپ کی دنیایں,Sizning olamlaringiz,Thế giới của bạn,Imihlaba yakho
new_world,New world,Nuwe wêreld,Яңы донъя,Керла дуьне,Botë e re,አዲስ ዓለም,عالم جديد,Նոր աշխարհ,Yeni dünya,নতুন বিশ্ব,Новы сусвет,Niu wol,ကမ္ဘာအသစ်,新世界,新世界,新世界,Novi svijet,Nový svět,Ny verden,Nieuwe wereld,Uus maailm,Bagong mundo,Uusi maailma,Nouveau monde,ახალი სამყარო,Neue Welt,Νέος κόσμος,નવી દુનિયા,עולם חדש,नई दुनिया,Új világ,Nýr heimur,Dunia baru,Nuovo mondo,新しい世界,ಹೊಸ ಲೋಕ,Жаңа әлем,ពិភពលោកថ្មី,새로운 세계,Жаңы дүйнө,ໂລກໃໝ່,Jauna pasaule,Naujas pasaulis,Нов свет,Dunia baru,പുതിയ ലോകം,नवीन जग,Шинэ ертөнц,नयाँ संसार,Ny verden,دنیای جدید,Nowy świat,Novo mundo,Novo mundo,ਨਵੀਂ ਦੁਨੀਆ,Lume nouă,Новый мир,Нови свет,නව ලෝකය,Nový svet,Nov svet,Nuevo mundo,Mundo nuevo,Ulimwengu mpya,Ny värld,புதிய உலகம்,కొత్త ప్రపంచం,Олами нав,โลกใหม่,Täze dünýä,Yeni dünya,Яңа дөнья,Новий світ,نئی دنیا,Yangi olam,Thế giới mới,Umhlaba omusha
name_your_world,Name your world,Gee jou wêreld 'n naam,Донъяғыҙға исем бирегеҙ,Хьайн дуьненан цӀе тилла,Emërto botën tënde,ዓለምህን ሰይም,سمِّ عالمك,Անվանիր քո աշխարհը,Dünyanızı adlandırın,আপনার বিশ্বের নাম দিন,Назвіце ваш сусвет,Nemim wol blong yu,သင့်ကမ္ဘာကို အမည်ပေးပါ,為你的世界命名,为你的世界命名,為你的世界命名,Imenujte svoj svijet,Pojmenujte svůj svět,Navngiv din verden,Geef je wereld een naam,Pane oma maailmale nimi,Pangalanan ang iyong mundo,Nimeä maailmasi,Nommez votre monde,დაასახელე შენი სამყარო,Benenne deine Welt,Ονομάστε τον κόσμο σας,તમારી દુનિયાને નામ આપો,תן שם לעולם שלך,अपनी दुनिया का नाम रखें,Nevezd el a világodat,Nefndu heiminn þinn,Beri nama duniamu,Dai un nome al tuo mondo,世界の名前を入力,ನಿಮ್ಮ ಲೋಕಕ್ಕೆ ಹೆಸರಿಡಿ,Әлеміңізге атау беріңіз,ដាក់ឈ្មោះពិភពលោករបស់អ្នក,세계 이름 지정,Дүйнөңүзгө аталыш бериңиз,ຕັ້ງຊື່ໂລກຂອງທ່ານ,Nosauciet savu pasauli,Pavadinkite savo pasaulį,Именувајте го вашиот свет,Namakan dunia anda,നിങ്ങളുടെ ലോകത്തിന് പേര് നൽകുക,तुमच्या जगाला नाव द्या,Ертөнцөө нэрлэ,आफ्नो संसारलाई नाम दिनुहोस्,Navngi din verden,نام دنیای خود را وارد کنید,Nazwij swój świat,Nomeie seu mundo,Dê um nome ao seu mundo,ਆਪਣੀ ਦੁਨੀਆ ਨੂੰ ਨਾਮ ਦਿਓ,Dă un nume lumii tale,Назовите ваш мир,Именујте свој свет,ඔබගේ ලෝකයට නමක් දෙන්න,Pomenujte svoj svet,Poimenujte svoj svet,Nombra tu mundo,Nombra tu mundo,Taja ulimwengu wako,Namnge din värld,உங்கள் உலகத்திற்கு பெயரிடவும்,మీ ప్రపంచానికి పేరు పెట్టండి,Ба олами худ ном гузоред,ตั้งชื่อโลกของคุณ,Dünýäňize at goýuň,Dünyanı adlandır,Дөньягызга исем бирегез,Назвіть свій світ,اپنی دنیا کا نام رکھیں,Olamingizga nom bering,Đặt tên cho thế giới của bạn,Qamba igama lomhlaba wakho
world_name_already_exists,World name already exists,Wêreldnaam bestaan reeds,Донъя исеме инде бар,Дуьненан цӀе йу хӀинца а,Emri i botës ekziston tashmë,የዓለሙ ስም አስቀድሞ አለ,اسم العالم موجود بالفعل,Աշխարհի անունն արդեն գոյություն ունի,Dünya adı artıq mövcuddur,বিশ্বের নাম ইতিমধ্যে বিদ্যমান,Назва сусвету ўжо існуе,Nem blong wol i stap finis,ကမ္ဘာအမည် ရှိပြီးသားဖြစ်သည်,世界名稱已存在,世界名称已存在,世界名稱已存在,Naziv svijeta već postoji,Název světa již existuje,Verdenens navn findes allerede,Wereldnaam bestaat al,Maailma nimi on juba olemas,Umiiral na ang pangalan ng mundo,Maailman nimi on jo olemassa,Le nom du monde existe déjà,სამყაროს სახელი უკვე არსებობს,Weltname existiert bereits,Το όνομα του κόσμου υπάρχει ήδη,દુનિયાનું નામ પહેલેથી અસ્તિત્વ ધરાવે છે,שם העולם כבר קיים,दुनिया का नाम पहले से मौजूद है,A világ neve már létezik,Heimsnafn er nú þegar til,Nama dunia sudah ada,Il nome del mondo esiste già,その世界名は既に使用されています,ಲೋಕದ ಹೆಸರು ಈಗಾಗಲೇ ಅಸ್ತಿತ್ವದಲ್ಲಿದೆ,Әлем атауы қазірдің өзінде бар,ឈ្មោះពិភពលោកមានរួចហើយ,이미 존재하는 세계 이름입니다,Дүйнөнүн аталышы мурунтан эле бар,ຊື່ໂລກມີຢູ່ແລ້ວ,Pasaules nosaukums jau pastāv,Pasaulio pavadinimas jau egzistuoja,Името на светот веќе постои,Nama dunia sudah wujud,ലോകത്തിന്റെ പേര് നിലവിലുണ്ട്,जगाचे नाव आधीपासून अस्तित्वात आहे,Ертөнцийн нэр аль хэдийн байна,संसारको नाम पहिले नै अवस्थित छ,Verdennavnet eksisterer allerede,این نام دنیا قبلاً وجود دارد,Nazwa świata już istnieje,Nome do mundo já existe,O nome do mundo já existe,ਦੁਨੀਆ ਦਾ ਨਾਮ ਪਹਿਲਾਂ ਤੋਂ ਮੌਜੂਦ ਹੈ,Numele lumii există deja,Название мира уже существует,Назив света већ постоји,ලෝකයේ නම දැනටමත් පවතී,Názov sveta už existuje,Ime sveta že obstaja,Este nombre de mundo ya existe,El nombre del mundo ya existe,Jina la ulimwengu tayari lipo,Världens namn finns redan,உலகப் பெயர் ஏற்கனவே உள்ளது,ప్రపంచం పేరు ఇప్పటికే ఉంది,Номи олам аллакай вуҷуд дорад,ชื่อโลกนี้มีอยู่แล้ว,Dünýäniň ady eýýäm bar,Dünya adı zaten mevcut,Дөнья исеме инде бар,Назва світу вже існує,دنیا کا نام پہلے سے موجود ہے,Olam nomi allaqachon mavjud,Tên thế giới đã tồn tại,Igama lomhlaba selivele likhona
world_name_incorrect,World name is incorrect,Wêreldnaam is verkeerd,Донъя исеме дөрөҫ түгел,Дуьненан цӀе нийса дац,Emri i botës është i pasaktë,የዓለሙ ስም የተሳሳተ ነው,اسم العالم غير صحيح,Աշխարհի անունը սխալ է,Dünya adı düzgün deyil,বিশ্বের নাম সঠিক নয়,Назва сусвету няправільная,Nem blong wol i no stret,ကမ္ဘာအမည် မှားယွင်းနေသည်,世界名稱不正確,世界名称不正确,世界名稱不正確,Naziv svijeta je neispravan,Název světa je nesprávný,Verdenens navn er forkert,Wereldnaam is onjuist,Maailma nimi on vale,Mali ang pangalan ng mundo,Maailman nimi on virheellinen,Nom du monde incorrect,სამყაროს სახელი არასწორია,Weltname ist ungültig,Το όνομα του κόσμου είναι λανθασμένο,દુનિયાનું નામ ખોટું છે,שם העולם לא תקין,दुनिया का नाम गलत है,A világ neve helytelen,Heimsnafn er rangt,Nama dunia salah,Il nome del mondo non è corretto,世界名が正しくありません,ಲೋಕದ ಹೆಸರು ತಪ್ಪಾಗಿದೆ,Әлем атауы дұрыс емес,ឈ្មោះពិភពលោកមិនត្រឹមត្រូវ,잘못된 세계 이름입니다,Дүйнөнүн аталышы туура эмес,ຊື່ໂລກບໍ່ຖືກຕ້ອງ,Pasaules nosaukums ir nepareizs,Pasaulio pavadinimas neteisingas,Името на светот е неточно,Nama dunia tidak betul,ലോകത്തിന്റെ പേര് തെറ്റാണ്,जगाचे नाव चुकीचे आहे,Ертөнцийн нэр буруу байна,संसारको नाम गलत छ,Verdennavnet er feil,نام دنیا نادرست است,Nazwa świata jest nieprawidłowa,Nome do mundo está incorreto,Nome do mundo incorreto,ਦੁਨੀਆ ਦਾ ਨਾਮ ਗਲਤ ਹੈ,Numele lumii este incorect,Некорректное название мира,Назив света је неисправан,ලෝකයේ නම වැරදියි,Názov sveta je nesprávny,Ime sveta je napačno,El nombre del mundo no es válido,El nombre del mundo es incorrecto,Jina la ulimwengu si sahihi,Världens namn är felaktigt,உலகப் பெயர் தவறானது,ప్రపంచం పేరు తప్పు,Номи олам нодуруст аст,ชื่อโลกไม่ถูกต้อง,Dünýäniň ady nädogry,Dünya adı geçersiz,Дөнья исеме дөрес түгел,Назва світу неправильна,دنیا کا نام غلط ہے,Olam nomi noto‘g‘ri,Tên thế giới không đúng,Igama lomhlaba alilungile
enter_name,Enter name..,Voer naam in...,Исемде яҙығыҙ...,ЦӀе йазде..,Shkruani emrin...,ስም አስገባ...,أدخل الاسم...,Մուտքագրեք անունը...,Ad daxil edin...,নাম লিখুন...,Увядзіце імя...,Raitem nem...,အမည်ထည့်ပါ...,請輸入名稱...,请输入名称...,請輸入名稱...,Unesite ime...,Zadejte název...,Indtast navn...,Voer naam in...,Sisesta nimi...,Maglagay ng pangalan...,Kirjoita nimi..,Entrez un nom..,შეიყვანეთ სახელი...,Name eingeben...,Εισαγάγετε όνομα...,નામ દાખલ કરો...,הזן שם...,नाम दर्ज करें...,Írd be a nevet...,Sláðu inn nafn...,Masukkan nama...,Inserisci il nome...,名前を入力...,ಹೆಸರನ್ನು ನಮೂದಿಸಿ...,Атауды енгізіңіз...,បញ្ចូលឈ្មោះ...,이름 입력...,Аталышты киргизиңиз...,ປ້ອນຊື່...,Ievadiet nosaukumu...,Įveskite pavadinimą...,Внесете име...,Masukkan nama...,പേര് നൽകുക...,नाव प्रविष्ट करा...,Нэрээ оруулна уу...,नाम प्रविष्ट गर्नुहोस्...,Skriv inn navn...,نام را وارد کنید...,Wprowadź nazwę...,Digite o nome...,Digite o nome..,ਨਾਮ ਦਾਖਲ ਕਰੋ...,Introduceți numele...,Введите имя..,Унесите назив...,නම ඇතුළත් කරන්න...,Zadajte názov...,Vnesite ime...,Escribe un nombre...,Introduce un nombre...,Weka jina...,Ange namn...,பெயரை உள்ளிடவும்...,పేరును నమోదు చేయండి...,Номро ворид кунед...,ป้อนชื่อ...,Ady giriziň...,İsim girin...,Исемне кертегез...,Введіть назву...,نام درج کریں...,Nomni kiriting...,Nhập tên...,Faka igama...
load,Load,Laai,Йөкләү,Чуяккха,Ngarko,ጫን,تحميل,Բեռնել,Yüklə,লোড করুন,Загрузіць,Lodim,တင်ပါ,載入,加载,載入,Učitaj,Načíst,Indlæs,Laden,Laadi,I-load,Lataa,Charger,ჩატვირთვა,Laden,Φόρτωση,લોડ કરો,טען,लोड करें,Betöltés,Hlaða,Muat,Carica,読み込む,ಲೋಡ್ ಮಾಡಿ,Жүктеу,ផ្ទុក,불러오기,Жүктөө,ໂຫຼດ,Ielādēt,Įkelti,Вчитај,Muat,ലോഡ് ചെയ്യുക,लोड करा,Ачаалах,लोड गर्नुहोस्,Last inn,بارگذاری,Załaduj,Carregar,Carregar,ਲੋਡ ਕਰੋ,Încărcare,Загрузить,Учитај,පූරණය කරන්න,Načítať,Naloži,Cargar,Cargar,Pakia,Ladda,ஏற்று,లోడ్ చేయండి,Боргирӣ кунед,โหลด,Ýüklemek,Yükle,Йөкләү,Завантажити,لوڈ کریں,Yuklash,Tải,Layisha
create,Create,Skep,Булдырыу,Кхолла,Krijo,ፍጠር,إنشاء,Ստեղծել,Yarat,তৈরি করুন,Стварыць,Mekem,ဖန်တီးပါ,創建,创建,創建,Kreiraj,Vytvořit,Opret,Aanmaken,Loo,Lumikha,Luo,Créer,შექმნა,Erstellen,Δημιουργία,બનાવો,צור,बनाएँ,Létrehozás,Búa til,Buat,Crea,作成,ರಚಿಸಿ,Жасау,បង្កើត,생성,Түзүү,ສ້າງ,Izveidot,Sukurti,Креирај,Cipta,സൃഷ്ടിക്കുക,तयार करा,Үүсгэх,सिर्जना गर्नुहोस्,Opprett,ایجاد,Utwórz,Criar,Criar,ਬਣਾਓ,Creare,Создать,Направи,සාදන්න,Vytvoriť,Ustvari,Crear,Crear,Unda,Skapa,உருவாக்கு,సృష్టించండి,Эҷод кунед,สร้าง,Döretmek,Oluştur,Төзү,Створити,بنائیں,Yaratish,Tạo,Dala
cancel,Cancel,Kanselleer,Бәлки,ДӀасадахьа,Anulo,ሰርዝ,إلغاء,Չեղարկել,Ləğv et,বাতিল করুন,Адмяніць,Kanselim,ပယ်ဖျက်ပါ,取消,取消,取消,Otkaži,Zrušit,Annuller,Annuleren,Tühista,Kanselahin,Peruuta,Annuler,გაუქმება,Abbrechen,Ακύρωση,રદ કરો,בטל,रद्द करें,Mégse,Hætta við,Batal,Annulla,キャンセル,ರದ್ದುಮಾಡಿ,Болдырмау,បោះបង់,취소,Жокко чыгаруу,ຍົກເລີກ,Atcelt,Atšaukti,Откажи,Batal,റദ്ദാക്കുക,रद्द करा,Цуцлах,रद्द गर्नुहोस्,Avbryt,لغو,Anuluj,Cancelar,Cancelar,ਰੱਦ ਕਰੋ,Anulare,Отменить,Откажи,අවලංගු කරන්න,Zrušiť,Prekliči,Cancelar,Cancelar,Ghairi,Avbryt,ரத்து செய்,రద్దు చేయండి,Бекор кунед,ยกเลิก,Bes etmek,İptal,Баш тарту,Скасувати,منسوخ کریں,Bekor qilish,Hủy,Khansela
delete,Delete,Verwyder,Юйыу,ДӀаяккха,Fshi,አጥፋ,حذف,Ջնջել,Sil,মুছে ফেলুন,Выдаліць,Rausim,ဖျက်ပါ,刪除,删除,刪除,Izbriši,Smazat,Slet,Verwijderen,Kustuta,Burahin,Poista,Supprimer,წაშლა,Löschen,Διαγραφή,કાઢી નાખો,מחק,हटाएँ,Törlés,Eyða,Hapus,Elimina,削除,ಅಳಿಸಿ,Жою,លុប,삭제,Өчүрүү,ລຶບ,Dzēst,Ištrinti,Избриши,Padam,ഇല്ലാതാക്കുക,हटवा,Устгах,मेटाउनुहोस्,Slett,حذف,Usuń,Excluir,Eliminar,ਮਿਟਾਓ,Ștergere,Удалить,Обриши,මකන්න,Zmazať,Izbriši,Eliminar,Eliminar,Futa,Ta bort,நீக்கு,తొలగించండి,Нест кунед,ลบ,Pozmak,Sil,Бетерү,Видалити,حذف کریں,O‘chirish,Xóa,Susa
update,Update,Dateer op,Яңыртыу,Карлаяккха,Përditëso,አዘምን,تحديث,Թարմացնել,Yenilə,আপডেট করুন,Абнавіць,Apdeitim,အပ်ဒိတ်လုပ်ပါ,更新,更新,更新,Ažuriraj,Aktualizovat,Opdater,Bijwerken,Uuenda,I-update,Päivitä,Mettre à jour,განახლება,Aktualisieren,Ενημέρωση,અપડેટ કરો,עדכן,अपडेट करें,Frissítés,Uppfæra,Perbarui,Aggiorna,更新,ನವೀಕರಿಸಿ,Жаңарту,ធ្វើបច្ចុប្បន្នភាព,업데이트,Жаңыртуу,ອັບເດດ,Atjaunināt,Atnaujinti,Ажурирај,Kemas kini,അപ്ഡേറ്റ് ചെയ്യുക,अपडेट करा,Шинэчлэх,अद्यावधिक गर्नुहोस्,Oppdater,به‌روزرسانی,Zaktualizuj,Atualizar,Atualizar,ਅਪਡੇਟ ਕਰੋ,Actualizare,Обновить,Ажурирај,යාවත්කාලීන කරන්න,Aktualizovať,Posodobi,Actualizar,Actualizar,Sasisha,Uppdatera,புதுப்பி,అప్డేట్ చేయండి,Навсозӣ кунед,อัปเดต,Täzelemek,Güncelle,Яңарту,Оновити,اپ ڈیٹ کریں,Yangilash,Cập nhật,Buyekeza
update_now,Update now,Dateer nou op,Хәҙер яңыртыу,ХӀинца карлаяккха,Përditëso tani,አሁን አዘምን,تحديث الآن,Թարմացնել հիմա,İndi yenilə,এখনই আপডেট করুন,Абнавіць зараз,Apdeitim nau,ယခုအပ်ဒိတ်လုပ်ပါ,立即更新,立即更新,立即更新,Ažuriraj sada,Aktualizovat nyní,Opdater nu,Nu bijwerken,Uuenda kohe,I-update ngayon,Päivitä nyt,Mettre à jour maintenant,განახლება ახლავე,Jetzt aktualisieren,Ενημέρωση τώρα,હમણાં અપડેટ કરો,עדכן עכשיו,अभी अपडेट करें,Frissítés most,Uppfæra núna,Perbarui sekarang,Aggiorna ora,今すぐ更新,ಈಗ ನವೀಕರಿಸಿ,Қазір жаңарту,ធ្វើបច្ចុប្បន្នភាពឥឡូវនេះ,지금 업데이트,Азыр жаңыртуу,ອັບເດດດຽວນີ້,Atjaunināt tagad,Atnaujinti dabar,Ажурирај сега,Kemas kini sekarang,ഇപ്പോൾ അപ്ഡേറ്റ് ചെയ്യുക,आत्ता अपडेट करा,Одоо шинэчлэх,अहिले अद्यावधिक गर्नुहोस्,Oppdater nå,هم‌اکنون به‌روزرسانی,Zaktualizuj teraz,Atualizar agora,Atualizar agora,ਹੁਣੇ ਅਪਡੇਟ ਕਰੋ,Actualizează acum,Обновить сейчас,Ажурирај сада,දැන් යාවත්කාලීන කරන්න,Aktualizovať teraz,Posodobi zdaj,Actualizar ahora,Actualizar ahora,Sasisha sasa,Uppdatera nu,இப்போது புதுப்பி,ఇప్పుడే అప్డేట్ చేయండి,Ҳозир навсозӣ кунед,อัปเดตตอนนี้,Häzir täzelemek,Şimdi güncelle,Хәзер яңарту,Оновити зараз,ابھی اپ ڈیٹ کریں,Hozir yangilash,Cập nhật ngay,Buyekeza manje
storage,Storage,Opberging,Һаҡлағыс,Арахецна меттиг,Depo,ማከማቻ,مخزن,Պահեստ,Anbar,গুদাম,Сховішча,Storij,သိုလှောင်ရုံ,倉庫,仓库,倉庫,Skladište,Sklad,Opbevaring,Opslag,Ladu,Imbakan,Varasto,Stockage,საწყობი,Lager,Αποθήκη,ભંડાર,מחסן,भंडार,Raktár,Geymsla,Penyimpanan,Magazzino,保管庫,ಸಂಗ್ರಹ,Қойма,ឃ្លាំង,창고,Сактоочу жай,ສາງ,Noliktava,Sandėlis,Складиште,Storan,സംഭരണശാല,कोठार,Агуулах,भण्डार,Lager,انبار,Magazyn,Armazém,Armazenamento,ਸਟੋਰੇਜ,Depozit,Хранилище,Складиште,ගබඩාව,Sklad,Skladišče,Almacén,Almacén,Hifadhi,Förvaring,கிடங்கு,నిల్వ,Анбор,คลังสินค้า,Ammar,Depo,Саклагыч,Сховище,ذخیرہ,Ombor,Kho,Isitoreji
complete,Complete,Voltooi,Тамамлау,Чекхбаккха,Përfundo,አጠናቅቅ,إكمال,Ավարտել,Tamamla,সম্পূর্ণ করুন,Завяршыць,Finisim,ပြီးအောင်လုပ်ပါ,完成,完成,完成,Završi,Dokončit,Færdiggør,Voltooien,Lõpeta,Kumpletuhin,Valmis,Terminer,დასრულება,Abschließen,Ολοκλήρωση,પૂર્ણ કરો,השלם,पूरा करें,Befejezés,Ljúka,Selesaikan,Completa,完了,ಪೂರ್ಣಗೊಳಿಸಿ,Аяқтау,បញ្ចប់,완료,Аяктоо,ສຳເລັດ,Pabeigt,Užbaigti,Заврши,Selesaikan,പൂർത്തിയാക്കുക,पूर्ण करा,Дуусгах,पूरा गर्नुहोस्,Fullfør,تکمیل,Zakończ,Concluir,Concluir,ਮੁਕੰਮਲ ਕਰੋ,Finalizare,Завершить,Заврши,සම්පූර්ණ කරන්න,Dokončiť,Dokončaj,Completar,Completar,Kamilisha,Slutför,முடிக்கவும்,పూర్తి చేయండి,Анҷом диҳед,เสร็จสิ้น,Tamamlamak,Tamamla,Тәмамлау,Завершити,مکمل کریں,Tugatish,Hoàn thành,Qedela
speed_up,Speed up,Spoed op,Тиҙләтеү,Атто,Përshpejto,አፋጥን,تسريع,Արագացնել,Sürətləndir,দ্রুত করুন,Паскорыць,Spedimap,အရှိန်မြှင့်ပါ,加速,加速,加速,Ubrzaj,Zrychlit,Fremskynd,Versnellen,Kiirenda,Pabilisin,Nopeuta,Accélérer,დაჩქარება,Beschleunigen,Επιτάχυνση,ઝડપી કરો,האץ,तेज़ करें,Gyorsítás,Flýta,Percepat,Accelera,加速,ವೇಗಗೊಳಿಸಿ,Жылдамдату,បង្កើនល្បឿន,가속,Тездетүү,ເລັ່ງ,Paātrināt,Paspartinti,Забрзај,Percepat,വേഗത്തിലാക്കുക,वेग वाढवा,Хурдасгах,छिटो गर्नुहोस्,Frekvens opp,سرعت‌بخشی,Przyspiesz,Acelerar,Acelerar,ਤੇਜ਼ ਕਰੋ,Accelerare,Ускорить,Убрзај,වේගවත් කරන්න,Zrýchliť,Pospeši,Acelerar,Acelerar,Harakisha,Snabba upp,வேகப்படுத்து,వేగవంతం చేయండి,Суръат бахшед,เร่งความเร็ว,Tizleşdirmek,Hızlandır,Тизләтү,Прискорити,تیز کریں,Tezlashtirish,Tăng tốc,Sheleza
level,Level {currentLevel},Vlak {currentLevel},Кимәл {currentLevel},Тайп {currentLevel},Niveli {currentLevel},ደረጃ {currentLevel},المستوى {currentLevel},Մակարդակ {currentLevel},Səviyyə {currentLevel},স্তর {currentLevel},Узровень {currentLevel},Level {currentLevel},အဆင့် {currentLevel},等級 {currentLevel},等级 {currentLevel},等級 {currentLevel},Razina {currentLevel},Úroveň {currentLevel},Niveau {currentLevel},Niveau {currentLevel},Tase {currentLevel},Antas {currentLevel},Taso {currentLevel},Niveau {currentLevel},დონე {currentLevel},Stufe {currentLevel},Επίπεδο {currentLevel},સ્તર {currentLevel},רמה {currentLevel},स्तर {currentLevel},Szint {currentLevel},Stig {currentLevel},Level {currentLevel},Livello {currentLevel},レベル {currentLevel},ಮಟ್ಟ {currentLevel},Деңгей {currentLevel},កម្រិត {currentLevel},레벨 {currentLevel},Денгээл {currentLevel},ລະດັບ {currentLevel},Līmenis {currentLevel},Lygis {currentLevel},Ниво {currentLevel},Tahap {currentLevel},ലെവൽ {currentLevel},स्तर {currentLevel},Түвшин {currentLevel},स्तर {currentLevel},Nivå {currentLevel},سطح {currentLevel},Poziom {currentLevel},Nível {currentLevel},Nível {currentLevel},ਪੱਧਰ {currentLevel},Nivel {currentLevel},Уровень {currentLevel},Ниво {currentLevel},මට්ටම {currentLevel},Úroveň {currentLevel},Stopnja {currentLevel},Nivel {currentLevel},Nivel {currentLevel},Kiwango {currentLevel},Nivå {currentLevel},நிலை {currentLevel},స్థాయి {currentLevel},Сатҳ {currentLevel},เลเวล {currentLevel},Dereje {currentLevel},Seviye {currentLevel},Дәрәҗә {currentLevel},Рівень {currentLevel},لیول {currentLevel},Daraja {currentLevel},Cấp độ {currentLevel},Izinga {currentLevel}
weight,Weight,Gewig,Ауырлыҡ,Дозалла,Pesha,ክብደት,الوزن,Քաշը,Çəki,ওজন,Вага,Hevi,အလေးချိန်,重量,重量,重量,Težina,Hmotnost,Vægt,Gewicht,Kaal,Timbang,Paino,Poids,წონა,Gewicht,Βάρος,વજન,משקל,वज़न,Súly,Þyngd,Berat,Peso,重量,ತೂಕ,Салмақ,ទម្ងន់,무게,Салмак,ນ້ຳໜັກ,Svars,Svoris,Тежина,Berat,ഭാരം,वजन,Жин,तौल,Vekt,وزن,Waga,Peso,Peso,ਭਾਰ,Greutate,Вес,Тежина,බර,Hmotnosť,Teža,Peso,Peso,Uzito,Vikt,எடை,బరువు,Вазн,น้ำหนัก,Agram,Ağırlık,Авырлык,Вага,وزن,Og‘irlik,Trọng lượng,Isisindo
weight_amount,Weight: {weight},Gewig: {weight},Ауырлыҡ: {weight},Дозалла: {weight},Pesha: {weight},ክብደት: {weight},الوزن: {weight},Քաշը: {weight},Çəki: {weight},ওজন: {weight},Вага: {weight},Hevi: {weight},အလေးချိန်: {weight},重量: {weight},重量: {weight},重量: {weight},Težina: {weight},Hmotnost: {weight},Vægt: {weight},Gewicht: {weight},Kaal: {weight},Timbang: {weight},Paino: {weight},Poids: {weight},წონა: {weight},Gewicht: {weight},Βάρος: {weight},વજન: {weight},משקל: {weight},वज़न: {weight},Súly: {weight},Þyngd: {weight},Berat: {weight},Peso: {weight},重量: {weight},ತೂಕ: {weight},Салмақ: {weight},ទម្ងន់: {weight},무게: {weight},Салмак: {weight},ນ້ຳໜັກ: {weight},Svars: {weight},Svoris: {weight},Тежина: {weight},Berat: {weight},ഭാരം: {weight},वजन: {weight},Жин: {weight},तौल: {weight},Vekt: {weight},وزن: {weight},Waga: {weight},Peso: {weight},Peso: {weight},ਭਾਰ: {weight},Greutate: {weight},Вес: {weight},Тежина: {weight},බර: {weight},Hmotnosť: {weight},Teža: {weight},Peso: {weight},Peso: {weight},Uzito: {weight},Vikt: {weight},எடை: {weight},బరువు: {weight},Вазн: {weight},น้ำหนัก: {weight},Agram: {weight},Ağırlık: {weight},Авырлык: {weight},Вага: {weight},وزن: {weight},Og‘irlik: {weight},Trọng lượng: {weight},Isisindo: {weight}
recipes,Recipes,Resepte,Рецепттар,Рецепташ,Recetat,የምግብ አሰራር,الوصفات,Բաղադրատոմսեր,Reseptlər,রেসিপি,Рэцэпты,Resepi,ချက်ပြုတ်နည်းများ,配方,配方,配方,Recepti,Recepty,Opskrifter,Recepten,Retseptid,Mga recipe,Reseptit,Recettes,რეცეპტები,Rezepte,Συνταγές,વાનગીઓ,מתכונים,व्यंजन,Receptek,Uppskriftir,Resep,Ricette,レシピ,ಪಾಕವಿಧಾನಗಳು,Рецепттер,រូបមន្ត,레시피,Рецепттер,ສູດອາຫານ,Receptes,Receptai,Рецепти,Resipi,പാചകക്കുറിപ്പുകൾ,पाककृती,Жор,पाककृतिहरू,Oppskrifter,دستور پخت,Przepisy,Receitas,Receitas,ਪਕਵਾਨਾਂ,Rețete,Рецепты,Рецепти,වට්ටෝරු,Recepty,Recepti,Recetas,Recetas,Mapishi,Recept,சமையல் குறிப்புகள்,వంటకాలు,Дорухат,สูตรอาหาร,Reseptler,Tarifler,Рецептлар,Рецепти,ترکیبیں,Retseptlar,Công thức,Izindlela zokupheka
accept,Accept,Aanvaar,Ҡабул итеү,ТӀеэцна,Prano,ተቀበል,قبول,Ընդունել,Qəbul et,গ্রহণ করুন,Прыняць,Aksestim,လက်ခံပါ,接受,接受,接受,Prihvati,Přijmout,Accepter,Accepteren,Nõustu,Tanggapin,Hyväksy,Accepter,მიღება,Annehmen,Αποδοχή,સ્વીકારો,קבל,स्वीकार करें,Elfogadás,Samþykkja,Terima,Accetta,受け入れる,ಸ್ವೀಕರಿಸಿ,Қабылдау,ទទួលយក,수락,Кабыл алуу,ຍອມຮັບ,Pieņemt,Priimti,Прифати,Terima,സ്വീകരിക്കുക,स्वीकारा,Хүлээн авах,स्वीकार गर्नुहोस्,Aksepter,پذیرش,Akceptuj,Aceitar,Aceitar,ਸਵੀਕਾਰ ਕਰੋ,Acceptă,Принять,Прихвати,පිළිගන්න,Prijať,Sprejmi,Aceptar,Aceptar,Kubali,Acceptera,ஏற்கவும்,అంగీకరించండి,Қабул кунед,ยอมรับ,Kabul etmek,Kabul et,Кабул итү,Прийняти,قبول کریں,Qabul qilish,Chấp nhận,Yamukela
reject,Reject,Verwerp,Кире ҡағыу,МогӀа ца дала,Refuzo,ውድቅ አድርግ,رفض,Մերժել,Rədd et,প্রত্যাখ্যান করুন,Адхіліць,Rijektim,ငြင်းပယ်ပါ,拒絕,拒绝,拒絕,Odbij,Odmítnout,Afvis,Afwijzen,Lükka tagasi,Tanggihan,Hylkää,Refuser,უარყოფა,Ablehnen,Απόρριψη,નકારો,דחה,अस्वीकार करें,Elutasítás,Hafna,Tolak,Rifiuta,拒否する,ನಿರಾಕರಿಸಿ,Бас тарту,បដិសេធ,거절,Баш тартуу,ປະຕິເສດ,Noraidīt,Atmesti,Одбиј,Tolak,നിരസിക്കുക,नाकारा,Татгалзах,अस्वीकार गर्नुहोस्,Avvis,رد,Odrzuć,Rejeitar,Rejeitar,ਅਸਵੀਕਾਰ ਕਰੋ,Respinge,Отказать,Одбиј,ප්‍රතික්ෂේප කරන්න,Odmietnuť,Zavrni,Rechazar,Rechazar,Kataa,Avvisa,நிராகரிக்கவும்,తిరస్కరించండి,Рад кунед,ปฏิเสธ,Ret etmek,Reddet,Кире кагу,Відхилити,مسترد کریں,Rad etish,Từ chối,Enqabe
refund_resources,Refund resources,Gee hulpbronne terug,Ресурстарҙы кире ҡайтарыу,Юхадерзалуш йолу хьосташ,Kthe burimet,ሀብቶችን መልስ,استعادة الموارد,Վերադարձնել ռեսուրսները,Resursları geri qaytar,সম্পদ ফেরত দিন,Вярнуць рэсурсы,Serem resos bak,အရင်းအမြစ်များကို ပြန်အမ်းပါ,退還資源,退还资源,退還資源,Vrati resurse,Vrátit zdroje,Refunder ressourcer,Grondstoffen teruggeven,Tagasta ressursid,Ibalik ang mga mapagkukunan,Palautettavat resurssit,Ressources remboursées,რესურსების დაბრუნება,Ressourcen zurückerstatten,Επιστροφή πόρων,સંસાધનો પરત કરો,החזר משאבים,संसाधन वापस करें,Erőforrások visszatérítése,Endurgreiða auðlindir,Kembalikan sumber daya,Rimborsa risorse,資源を返却,ಸಂಪನ್ಮೂಲಗಳನ್ನು ಮರುಪಾವತಿಸಿ,Ресурстарды қайтару,ប្រគល់ធនធានវិញ,자원 반환,Ресурстарды кайтаруу,ຄືນຊັບພະຍາກອນ,Atgriezt resursus,Grąžinti išteklius,Врати ги ресурсите,Pulangkan sumber,വിഭവങ്ങൾ തിരികെ നൽകുക,संसाधने परत करा,Нөөцийг буцаах,स्रोतहरू फिर्ता गर्नुहोस्,Refunder ressurser,بازگرداندن منابع,Zwróć zasoby,Reembolsar recursos,Recursos reembolsados,ਸਰੋਤ ਵਾਪਸ ਕਰੋ,Returnează resursele,Возвращаемые ресурсы,Врати ресурсе,සම්පත් ආපසු ලබා දෙන්න,Vrátiť zdroje,Vrni vire,Reembolsar recursos,Devolver recursos,Rudisha rasilimali,Återbetala resurser,வளங்களை திருப்பித் தரவும்,వనరులను తిరిగి ఇవ్వండి,Захираҳоро баргардонед,คืนทรัพยากร,Çeşmeleri yzyna gaýtarmak,Kaynakları iade et,Ресурсларны кире кайтару,Повернути ресурси,وسائل واپس کریں,Resurslarni qaytarish,Hoàn trả tài nguyên,Buyisela izinsiza
reward,Reward,Beloning,Бүләк,Бехк,Shpërblim,ሽልማት,مكافأة,Պարգև,Mükafat,পুরস্কার,Узнагарода,Rewad,ဆုလာဘ်,獎勵,奖励,獎勵,Nagrada,Odměna,Belønning,Beloning,Preemia,Gantimpala,Palkinto,Récompense,ჯილდო,Belohnung,Ανταμοιβή,ઇનામ,פרס,पुरस्कार,Jutalom,Verðlaun,Hadiah,Ricompensa,報酬,ಬಹುಮಾನ,Сыйақы,រង្វាន់,보상,Сыйлык,ລາງວັນ,Atlīdzība,Atlygis,Награда,Ganjaran,പ്രതിഫലം,बक्षीस,Шагнал,पुरस्कार,Belønning,پاداش,Nagroda,Recompensa,Recompensa,ਇਨਾਮ,Recompensă,Награда,Награда,ත්‍යාගය,Odmene,Nagrada,Recompensa,Recompensa,Zawadi,Belöning,வெகுமதி,బహుమతి,Мукофот,รางวัล,Sylag,Ödül,Бүләк,Нагорода,انعام,Mukofot,Phần thưởng,Umvuzo
select,Select,Kies,Һайлау,Харжа,Zgjidh,ምረጥ,اختيار,Ընտրել,Seç,নির্বাচন করুন,Выбраць,Pikim,ရွေးပါ,選擇,选择,選擇,Odaberi,Vybrat,Vælg,Selecteren,Vali,Pumili,Valitse,Sélectionner,არჩევა,Auswählen,Επιλογή,પસંદ કરો,בחר,चुनें,Kiválasztás,Velja,Pilih,Seleziona,選択,ಆಯ್ಕೆಮಾಡಿ,Таңдау,ជ្រើសរើស,선택,Тандоо,ເລືອກ,Izvēlēties,Pasirinkti,Избери,Pilih,തിരഞ്ഞെടുക്കുക,निवडा,Сонгох,चयन गर्नुहोस्,Velg,انتخاب,Wybierz,Selecionar,Selecionar,ਚੁਣੋ,Selectează,Выбрать,Изабери,තෝරන්න,Vybrať,Izberi,Seleccionar,Seleccionar,Chagua,Välj,தேர்ந்தெடு,ఎంచుకోండి,Интихоб кунед,เลือก,Saýlamak,Seç,Сайлау,Вибрати,منتخب کریں,Tanlash,Chọn,Khetha
selected,Selected,Gekies,Һайланды,Харжам бина,E zgjedhur,ተመርጧል,محدد,Ընտրված է,Seçildi,নির্বাচিত,Выбрана,Pikim pinis,ရွေးပြီး,已選擇,已选择,已選擇,Odabrano,Vybráno,Valgt,Geselecteerd,Valitud,Napili,Valittu,Sélectionné,არჩეულია,Ausgewählt,Επιλεγμένο,પસંદ કરેલ,נבחר,चुना गया,Kiválasztva,Valið,Dipilih,Selezionato,選択済み,ಆಯ್ಕೆಮಾಡಲಾಗಿದೆ,Таңдалды,បានជ្រើសរើស,선택됨,Тандалды,ເລືອກແລ້ວ,Izvēlēts,Pasirinkta,Избрано,Dipilih,തിരഞ്ഞെടുത്തു,निवडले,Сонгогдсон,चयन गरियो,Valgt,انتخاب شد,Wybrano,Selecionado,Selecionado,ਚੁਣਿਆ ਗਿਆ,Selectat,Выбрано,Изабрано,තෝරාගත්තා,Vybraté,Izbrano,Seleccionado,Seleccionado,Imechaguliwa,Vald,தேர்ந்தெடுக்கப்பட்டது,ఎంచుకోబడింది,Интихоб шуд,เลือกแล้ว,Saýlanyldy,Seçildi,Сайланды,Вибрано,منتخب شدہ,Tanlangan,Đã chọn,Kukhethiwe
watch_ad,Watch Ad,Kyk advertensie,Реклама ҡарау,Реклама,Shiko reklamën,ማስታወቂያ ተመልከት,مشاهدة إعلان,Դիտել գովազդը,Reklama bax,বিজ্ঞাপন দেখুন,Паглядзець рэкламу,Lukluk long advatis,ကြော်ငြာကြည့်ပါ,觀看廣告,观看广告,觀看廣告,Pogledaj reklamu,Zobrazit reklamu,Se annonce,Advertentie bekijken,Vaata reklaami,Manood ng ad,Katso mainos,Voir la pub,რეკლამის ყურება,Werbung ansehen,Προβολή διαφήμισης,જાહેરાત જુઓ,צפה בפרסומת,विज्ञापन देखें,Reklám megtekintése,Horfa á auglýsingu,Tonton iklan,Guarda annuncio,広告を見る,ಜಾಹೀರಾತು ವೀಕ್ಷಿಸಿ,Жарнаманы көру,មើលពាណិជ្ជកម្ម,광고 보기,Жарнаманы көрүү,ເບິ່ງໂຄສະນາ,Skatīt reklāmu,Žiūrėti reklamą,Гледај реклама,Tonton iklan,പരസ്യം കാണുക,जाहिरात पहा,Зар үзэх,विज्ञापन हेर्नुहोस्,Se annonse,تماشای تبلیغات,Obejrzyj reklamę,Assistir anúncio,Ver anúncio,ਇਸ਼ਤਿਹਾਰ ਦੇਖੋ,Vizionează reclamă,Реклама,Погледај рекламу,දැන්වීම නරඹන්න,Zobraziť reklamu,Oglej si oglas,Ver anuncio,Ver anuncio,Tazama tangazo,Titta på annons,விளம்பரத்தை பார்,ప్రకటన చూడండి,Тамошои реклама,ดูโฆษณา,Mahabaty görmek,Reklam izle,Реклама карау,Переглянути рекламу,اشتہار دیکھیں,Reklamani ko‘rish,Xem quảng cáo,Buka isikhangiso
none,None,Geen,Бер ни ҙә,Ца хӀумма,Asnjë,ምንም,لا شيء,Ոչինչ,Heç biri,কিছুই নয়,Нічога,Nating,ဘာမှမရှိ,無,无,無,Ništa,Žádný,Ingen,Geen,Mitte ühtegi,Wala,Tyhjä,Rien,არაფერი,Keine,Κανένα,કંઈ નહીં,כלום,कोई नहीं,Semmi,Ekkert,Tidak ada,Nessuno,なし,ಯಾವುದೂ ಇಲ್ಲ,Ештеңе,គ្មាន,없음,Эч нерсе,ບໍ່ມີ,Nekas,Nieko,Ништо,Tiada,ഒന്നുമില്ല,काहीही नाही,Юу ч биш,केही छैन,Ingen,هیچ‌کدام,Brak,Nenhum,Nenhum,ਕੋਈ ਨਹੀਂ,Niciunul,Пусто,Ништа,කිසිවක් නැත,Žiadne,Noben,Ninguno,Ninguno,Hakuna,Ingen,ஒன்றுமில்லை,ఏదీ లేదు,Ҳеҷ чиз,ไม่มี,Hiç zat,Yok,Һичнәрсә,Нічого,کوئی نہیں,Hech narsa,Không có,Akukho
empty,Empty,Leeg,Буш,Ца хӀумма,Bosh,ባዶ,فارغ,Դատարկ,Boş,খালি,Пуста,Emti,ဗလာ,空,空,空,Prazno,Prázdné,Tom,Leeg,Tühi,Walang laman,Tyhjä,Vide,ცარიელი,Leer,Άδειο,ખાલી,ריק,खाली,Üres,Tómt,Kosong,Vuoto,空,ಖಾಲಿ,Бос,ទទេ,비어 있음,Бош,ຫວ່າງ,Tukšs,Tuščia,Празно,Kosong,ശൂന്യം,रिकामे,Хоосон,खाली,Tom,خالی,Puste,Vazio,Vazio,ਖਾਲੀ,Gol,Пусто,Празно,හිස්,Prázdne,Prazno,Vacío,Vacío,Tupu,Tom,காலி,ఖాళీ,Холӣ,ว่างเปล่า,Boş,Boş,Буш,Порожньо,خالی,Bo‘sh,Trống,Kunalutho
name_level,{name} (Level {currentLevel}),{name} (Vlak {currentLevel}),{name} (Кимәл {currentLevel}),{name} (Тайп {currentLevel}),{name} (Niveli {currentLevel}),{name} (ደረጃ {currentLevel}),{name} (المستوى {currentLevel}),{name} (Մակարդակ {currentLevel}),{name} (Səviyyə {currentLevel}),{name} (স্তর {currentLevel}),{name} (Узровень {currentLevel}),{name} (Level {currentLevel}),{name} (အဆင့် {currentLevel}),{name} (等級 {currentLevel}),{name} (等级 {currentLevel}),{name} (等級 {currentLevel}),{name} (Razina {currentLevel}),{name} (Úroveň {currentLevel}),{name} (Niveau {currentLevel}),{name} (Niveau {currentLevel}),{name} (Tase {currentLevel}),{name} (Antas {currentLevel}),{name} (Taso {currentLevel}),{name} (Niveau {currentLevel}),{name} (დონე {currentLevel}),{name} (Stufe {currentLevel}),{name} (Επίπεδο {currentLevel}),{name} (સ્તર {currentLevel}),{name} (רמה {currentLevel}),{name} (स्तर {currentLevel}),{name} (Szint {currentLevel}),{name} (Stig {currentLevel}),{name} (Level {currentLevel}),{name} (Livello {currentLevel}),{name} (レベル {currentLevel}),{name} (ಮಟ್ಟ {currentLevel}),{name} (Деңгей {currentLevel}),{name} (កម្រិត {currentLevel}),{name} (레벨 {currentLevel}),{name} (Денгээл {currentLevel}),{name} (ລະດັບ {currentLevel}),{name} (Līmenis {currentLevel}),{name} (Lygis {currentLevel}),{name} (Ниво {currentLevel}),{name} (Tahap {currentLevel}),{name} (ലെവൽ {currentLevel}),{name} (स्तर {currentLevel}),{name} (Түвшин {currentLevel}),{name} (स्तर {currentLevel}),{name} (Nivå {currentLevel}),{name} (سطح {currentLevel}),{name} (Poziom {currentLevel}),{name} (Nível {currentLevel}),{name} (Nível {currentLevel}),{name} (ਪੱਧਰ {currentLevel}),{name} (Nivel {currentLevel}),{name} (Уровень {currentLevel}),{name} (Ниво {currentLevel}),{name} (මට්ටම {currentLevel}),{name} (Úroveň {currentLevel}),{name} (Stopnja {currentLevel}),{name} (Nivel {currentLevel}),{name} (Nivel {currentLevel}),{name} (Kiwango {currentLevel}),{name} (Nivå {currentLevel}),{name} (நிலை {currentLevel}),{name} (స్థాయి {currentLevel}),{name} (Сатҳ {currentLevel}),{name} (เลเวล {currentLevel}),{name} (Dereje {currentLevel}),{name} (Seviye {currentLevel}),{name} (Дәрәҗә {currentLevel}),{name} (Рівень {currentLevel}),{name} (لیول {currentLevel}),{name} (Daraja {currentLevel}),{name} (Cấp độ {currentLevel}),{name} (Izinga {currentLevel})
toolbox,Toolbox,Beheerpaneel,Идара итеү панеле,Интерактиван меню,Paneli i kontrollit,የመቆጣጠሪያ ፓነል,لوحة التحكم,Կառավարման վահանակ,İdarə paneli,নিয়ন্ত্রণ প্যানেল,Панэль кіравання,Kontrol Panej,ထိန်းချုပ်မှုဘောင်,控制面板,控制面板,控制面板,Kontrolna ploča,Ovládací panel,Kontrolpanel,Bedieningspaneel,Juhtpaneel,Control Panel,Työkalupakki,Menu interactif,მართვის პანელი,Bedienfeld,Πίνακας Ελέγχου,નિયંત્રણ પેનલ,לוח בקרה,नियंत्रण पैनल,Vezérlőpult,Stjórnborð,Panel Kontrol,Pannello di controllo,コントロールパネル,ನಿಯಂತ್ರಣ ಫಲಕ,Басқару панелі,ផ្ទាំងបញ្ជា,제어판,Башкаруу панели,ກະດານຄວບຄຸມ,Vadības panelis,Valdymo skydelis,Контролен панел,Panel Kawalan,നിയന്ത്രണ പാനൽ,नियंत्रण पॅनेल,Удирдлагын самбар,नियन्त्रण प्यानल,Kontrollpanel,پنل کنترل,Panel sterowania,Painel de Controle,Painel de Controlo,ਕੰਟਰੋਲ ਪੈਨਲ,Panou de control,Панель управления - твой пульт управления системами города.,Контролна табла,පාලන පුවරුව,Ovládací panel,Nadzorna plošča,Caja de herramientas,Panel de control,Paneli ya Kudhibiti,Kontrollpanel,கட்டுப்பாட்டு பேனல்,నియంత్రణ ప్యానెల్,Панели идоракунӣ,แผงควบคุม,Gözegçilik paneli,Kontrol Paneli,Идарә панеле,Панель управління,کنٹرول پینل,Boshqaruv paneli,Bảng điều khiển,Iphaneli Yokulawula
last_save,Last save,Laaste stoor,Һуңғы һаҡлау,ТӀаьххьара Ӏалашйина,Ruajtja e fundit,የመጨረሻ ማስቀመጫ,آخر حفظ,Վերջին պահպանումը,Son yaddaş,শেষ সংরক্ষণ,Апошняе захаванне,Las save,နောက်ဆုံးသိမ်းဆည်းမှု,最後存檔,最后存档,最後存檔,Zadnje spremanje,Poslední uložení,Seneste gemte,Laatste opslag,Viimane salvestus,Huling pag-save,Viimeisin tallennus,Dernière sauvegarde,ბოლო შენახვა,Letzter Spielstand,Τελευταία αποθήκευση,છેલ્લું સેવ,שמירה אחרונה,अंतिम सहेज,Utolsó mentés,Síðasta vistun,Simpan terakhir,Ultimo salvataggio,最終保存,ಕೊನೆಯ ಉಳಿತಾಯ,Соңғы сақтау,ការរក្សាទុកចុងក្រោយ,마지막 저장,Акыркы сактоо,ການບັນທຶກຫຼ້າສຸດ,Pēdējais saglabājums,Paskutinis išsaugojimas,Последно зачувување,Simpanan terakhir,അവസാന സംരക്ഷണം,शेवटची जतन,Сүүлийн хадгалсан,अन्तिम सुरक्षित,Siste lagring,آخرین ذخیره‌سازی,Ostatni zapis,Último salvamento,Último save,ਆਖਰੀ ਸੇਵ,Ultima salvare,Последнее сохранение,Последње чување,අවසාන සුරැකීම,Posledné uloženie,Zadnje shranjevanje,Último guardado,Último guardado,Hifadhi ya mwisho,Senaste sparande,கடைசி சேமிப்பு,చివరి సేవ్,Охирин захира,บันทึกล่าสุด,Iň soňky ýatdan çykarma,Son kayıt,Соңгы саклау,Останнє збереження,آخری محفوظ,Oxirgi saqlash,Lưu gần nhất,Ukulondolozwa kokugcina
starvation,Starvation,Hongersnood,Аслыҡ,Мацалла,Uria,ረሃብ,المجاعة,Սով,Aclıq,অনাহার,Галаданне,Hangre,ငတ်မွတ်ခေါင်းပါးမှု,飢餓,饥饿,飢餓,Glad,Hladovění,Sult,Uithongering,Nälg,Gutom,Nälkiintyminen,Famine,შიმშილი,Hunger,Πείνα,ભૂખમરો,רעב,भुखमरी,Éhezés,Sultur,Kelaparan,Fame,飢餓,ಹಸಿವು,Аштық,ភាពអត់ឃ្លាន,기아,Ачкачылык,ຄວາມອຶດຫິວ,Bads,Badavimas,Глад,Kebuluran,പട്ടിണി,उपासमार,Өлсгөлөн,भोकमरी,Sult,قحطی,Głód,Fome,Fome,ਭੁੱਖਮਰੀ,Foame,Голодание,Глад,සාගින්න,Hladovanie,Stradanje,Inanición,Hambre,Njaa,Svält,பட்டினி,ఆకలి,Гуруснагӣ,ความอดอยาก,Açlyk,Açlık,Ачлык,Голод,بھوک,Ochlik,Đói,Indlala
energy_shortage,Energy shortage,Energietekort,Энергия етешмәүе,Энергин кхачам ца хилар,Mungesa e energjisë,የኃይል እጥረት,نقص الطاقة,Էներգիայի պակաս,Enerji çatışmazlığı,শক্তি সংকট,Недахоп энергіі,No gat enaji,စွမ်းအင်ပြတ်လပ်မှု,能源短缺,能源短缺,能源短缺,Nedostatak energije,Nedostatek energie,Energimangel,Energietekort,Energiapuudus,Kakulangan sa enerhiya,Energiapula,Pénurie d'énergie,ენერგიის დეფიციტი,Energiemangel,Έλλειψη ενέργειας,ઊર્જાની અછત,מחסור באנרגיה,ऊर्जा की कमी,Energiahiány,Orkuskortur,Kekurangan energi,Carenza di energia,エネルギー不足,ಶಕ್ತಿಯ ಕೊರತೆ,Энергия тапшылығы,កង្វះថាមពល,에너지 부족,Энергиянын жетишсиздиги,ການຂາດແຄນພະລັງງານ,Enerģijas trūkums,Energijos trūkumas,Недостаток на енергија,Kekurangan tenaga,ഊർജ്ജ ക്ഷാമം,ऊर्जा टंचाई,Эрчим хүчний хомсдол,ऊर्जा अभाव,Energimangel,کمبود انرژی,Brak energii,Escassez de energia,Falta de energia,ਊਰਜਾ ਦੀ ਘਾਟ,Lipsă de energie,Энергодефицит,Недостатак енергије,බලශක්ති හිඟය,Nedostatok energie,Pomanjkanje energije,Escasez de energía,Escasez de energía,Uhaba wa nishati,Energibrist,ஆற்றல் பற்றாக்குறை,శక్తి కొరత,Камбудии энергия,การขาดแคลนพลังงาน,Energetiki ýetmezçilik,Enerji kıtlığı,Энергия җитешсезлеге,Дефіцит енергії,توانائی کی کمی,Energiya tanqisligi,Thiếu năng lượng,Ukushoda kwamandla
coming_soon,Coming Soon,Binnekort beskikbaar,Тиҙҙән,Ханна йукъахь,Së shpejti,በቅርቡ,قريباً,Շուտով,Tezliklə,শীঘ্রই আসছে,Хутка,Kam klosap,မကြာမီလာမည်,即將推出,即将推出,即將推出,Dolazi uskoro,Již brzy,Kommer snart,Binnenkort beschikbaar,Tulekul varsti,Malapit na,Tulossa pian,Bientôt disponible,მალე,Demnächst,Σύντομα,ટૂંક સમયમાં,בקרוב,जल्द आ रहा है,Hamarosan,Kemur bráðum,Segera hadir,Prossimamente,近日公開,ಶೀಘ್ರದಲ್ಲೇ,Жақын арада,មកដល់ឆាប់ៗ,출시 예정,Жакында,ມາໃກໆນີ້,Drīzumā,Netrukus,Наскоро,Akan datang,ഉടൻ വരുന്നു,लवकरच येत आहे,Удахгүй,चाँडै आउँदै,Kommer snart,به زودی,Już wkrótce,Em breve,Brevemente,ਜਲਦੀ ਆ ਰਿਹਾ ਹੈ,În curând,Скоро,Ускоро,ඉක්මනින් එනවා,Už čoskoro,Kmalu na voljo,Próximamente,Próximamente,Inakuja hivi karibuni,Kommer snart,விரைவில்,త్వరలో,Ба зудӣ,เร็วๆ นี้,Soon,Yakında,Тиздән,Невдовзі,جلد آرہا ہے,Tez orada,Sắp ra mắt,Kuzofika maduzane
level_up,Level Up,Vlak op,Кимәлде күтәреү,Керла Тайп,Rrit nivelin,ደረጃ ከፍ አድርግ,ترقية المستوى,Բարձրացնել մակարդակը,Səviyyəni yüksəlt,স্তর বৃদ্ধি করুন,Павысіць узровень,Level ap,အဆင့်တက်ပါ,升級,升级,升級,Podigni razinu,Zvýšit úroveň,Opgrader niveau,Niveau omhoog,Tõsta taset,Mag-level up,Uusi Taso,Nouveau Niveau,დონის ამაღლება,Stufe aufsteigen,Αναβάθμιση επιπέδου,સ્તર વધારો,העלה רמה,स्तर बढ़ाएँ,Szintlépés,Hækka stig,Naik level,Salire di livello,レベルアップ,ಮಟ್ಟ ಹೆಚ್ಚಿಸಿ,Деңгейді көтеру,បង្កើនកម្រិត,레벨 업,Денгээлди көтөрүү,ຍົກລະດັບ,Paaugstināt līmeni,Pakelti lygį,Зголеми ниво,Naik tahap,ലെവൽ ഉയർത്തുക,स्तर वाढवा,Түвшин дээшлүүлэх,स्तर बढाउनुहोस्,Nivå opp,افزایش سطح,Awans,Subir de nível,Novo Nível,ਪੱਧਰ ਉੱਚਾ ਕਰੋ,Crește nivelul,Новый Уровень,Подигни ниво,මට්ටම ඉහළ නංවන්න,Zvýšiť úroveň,Povišaj stopnjo,¡Subida de nivel!,Subir de nivel,Pandisha kiwango,Nivå upp,நிலை உயர்த்து,స్థాయి పెంచండి,Сатҳро боло баред,เลื่อนระดับ,Derejäni ýokarlandyrmak,Seviye atla,Дәрәҗәне күтәрү,Підвищити рівень,لیول بڑھائیں,Darajani oshirish,Lên cấp,Khuphula izinga
instantly,Instantly,Onmiddellik,Шунда уҡ,Цахьана,Menjëherë,ወዲያውኑ,فوراً,Ակնթարթորեն,Dərhal,তাৎক্ষণিকভাবে,Мігценьнем,Wantem wantem,ချက်ချင်း,立即,立即,立即,Trenutno,Okamžitě,Øjeblikkeligt,Onmiddellijk,Kohe,Agad,Välittömästi,Instantanément,მყისიერად,Sofort,Άμεσα,તરત જ,מייד,तुरंत,Azonnal,Strax,Seketika,Istantaneamente,即時,ತಕ್ಷಣ,Лезде,ភ្លាមៗ,즉시,Дароо,ທັນທີ,Nekavējoties,Akimirksniu,Веднаш,Seketika,തൽക്ഷണം,त्वरित,Шуурхай,तुरुन्त,Umiddelbart,فوری,Natychmiast,Instantaneamente,Instantaneamente,ਤੁਰੰਤ,Instantaneu,Моментально,Тренутно,ක්ෂණිකව,Okamžite,Takoj,Instantáneamente,Al instante,Mara moja,Omedelbart,உடனடியாக,తక్షణమే,Фавран,ทันที,Derrew,Anında,Шундук,Миттєво,فوری,Bir zumda,Ngay lập tức,Ngokushesha
name_first_last,{firstName} {lastName},{firstName} {lastName},{firstName} {lastName},{firstName} {lastName},{firstName} {lastName},{firstName} {lastName},{firstName} {lastName},{firstName} {lastName},{firstName} {lastName},{firstName} {lastName},{firstName} {lastName},{firstName} {lastName},{firstName} {lastName},{firstName}{lastName},{firstName}{lastName},{firstName}{lastName},{firstName} {lastName},{firstName} {lastName},{firstName} {lastName},{firstName} {lastName},{firstName} {lastName},{firstName} {lastName},{firstName} {lastName},{firstName} {lastName},{firstName} {lastName},{firstName} {lastName},{firstName} {lastName},{firstName} {lastName},{firstName} {lastName},{firstName} {lastName},{firstName} {lastName},{firstName} {lastName},{firstName} {lastName},{firstName} {lastName},{firstName}{lastName},{firstName} {lastName},{firstName} {lastName},{firstName} {lastName},{firstName}{lastName},{firstName} {lastName},{firstName} {lastName},{firstName} {lastName},{firstName} {lastName},{firstName} {lastName},{firstName} {lastName},{firstName} {lastName},{firstName} {lastName},{firstName} {lastName},{firstName} {lastName},{firstName} {lastName},{firstName} {lastName},{firstName} {lastName},{firstName} {lastName},{firstName} {lastName},{firstName} {lastName},{firstName} {lastName},{firstName} {lastName},{firstName} {lastName},{firstName} {lastName},{firstName} {lastName},{firstName} {lastName},{firstName} {lastName},{firstName} {lastName},{firstName} {lastName},{firstName} {lastName},{firstName} {lastName},{firstName} {lastName},{firstName} {lastName},{firstName} {lastName},{firstName} {lastName},{firstName} {lastName},{firstName} {lastName},{firstName} {lastName},{firstName} {lastName},{firstName} {lastName},{firstName} {lastName},{firstName} {lastName}
time_second_short,s,s,сек,с,s,ሰ,ث,վ,san,সে,с,s,စက္ကန့်,秒,秒,秒,s,s,s,s,s,s,s,s,წმ,s,δ,સે,שנ',से,mp,s,d,s,秒,ಸೆ,с,វិ,초,с,ວິ,s,s,с,s,സെ,से,с,से,s,ثانیه,s,s,s,ਸ,s,с,с,තත්,s,s,s,s,s,s,நொடி,సె,сония,วินาที,sek,sn,с,с,سیکنڈ,soniya,giây,s
time_minute_short,m,m,мин,м,m,ደ,د,ր,dəq,মি,хв,m,မိနစ်,分,分,分,m,m,m,m,m,m,min,m,წთ,m,λ,મિ,דק',मि,perc,m,m,m,分,ನಿ,м,នាទី,분,м,ນາ,m,min,мин,m,മി,मि,м,मि,m,دقیقه,m,m,m,ਮਿ,m,м,мин,මි,m,m,m,m,m,m,நிமி,ని,дақиқа,นาที,min,dk,мин,хв,منٹ,daqiqa,phút,m
time_hour_short,h,u,сәғ,с,o,ሰ,س,ժ,saat,ঘ,г,a,နာရီ,小時,小时,小時,h,h,t,u,h,o,h,h,სთ,Std,ώ,ક,שע',घं,ó,k,j,h,時間,ಗಂ,с,ម៉,시간,с,ຊມ,st,val,ч,j,മ,तास,ц,घ,t,ساعت,g,h,h,ਘੰ,h,ч,сат,පැ,h,u,h,h,saa,t,மணி,గం,соат,ชั่วโมง,sag,sa,сәг,год,گھنٹہ,soat,giờ,h
time_day_short,d,d,көн,д,d,ቀ,ي,օ,gün,দি,дз,d,ရက်,天,天,天,d,d,d,d,p,a,pv,j,დღ,T,η,દિ,יום,दि,nap,d,h,g,日,ದಿ,к,ថ្ងៃ,일,к,ມື້,d,d,д,h,ദി,दि,ө,दि,d,روز,d,d,d,ਦਿ,z,д,д,දි,d,d,d,d,siku,d,நாள்,రో,рӯз,วัน,gün,gün,көн,д,دن,kun,ngày,u
health,Health,Gesondheid,Һаулыҡ,МагӀар,Shëndeti,ጤና,الصحة,Առողջություն,Sağlamlıq,স্বাস্থ্য,Здароўе,Helt,ကျန်းမာရေး,生命值,生命值,生命值,Zdravlje,Zdraví,Sundhed,Gezondheid,Tervis,Kalusugan,Terveys,Santé,ჯანმრთელობა,Gesundheit,Υγεία,આરોગ્ય,בריאות,स्वास्थ्य,Életerő,Heilsa,Kesehatan,Salute,体力,ಆರೋಗ್ಯ,Денсаулық,សុខភាព,체력,Ден соолук,ສຸຂະພາບ,Veselība,Sveikata,Здравје,Kesihatan,ആരോഗ്യം,आरोग्य,Эрүүл мэнд,स्वास्थ्य,Helse,سلامتی,Zdrowie,Vida,Saúde,ਸਿਹਤ,Sănătate,Здоровье,Здравље,සෞඛ්‍යය,Zdravie,Zdravje,Salud,Salud,Afya,Hälsa,ஆரோக்கியம்,ఆరోగ్యం,Саломатӣ,สุขภาพ,Saglyk,Sağlık,Сәламәтлек,Здоров'я,صحت,Salomatlik,Sức khỏe,Impilo
health_current,Health {currentHealth},Gesondheid {currentHealth},Һаулыҡ {currentHealth},МагӀар {currentHealth},Shëndeti {currentHealth},ጤና {currentHealth},الصحة {currentHealth},Առողջություն {currentHealth},Sağlamlıq {currentHealth},স্বাস্থ্য {currentHealth},Здароўе {currentHealth},Helt {currentHealth},ကျန်းမာရေး {currentHealth},生命值 {currentHealth},生命值 {currentHealth},生命值 {currentHealth},Zdravlje {currentHealth},Zdraví {currentHealth},Sundhed {currentHealth},Gezondheid {currentHealth},Tervis {currentHealth},Kalusugan {currentHealth},Terveys {currentHealth},Santé {currentHealth},ჯანმრთელობა {currentHealth},Gesundheit {currentHealth},Υγεία {currentHealth},આરોગ્ય {currentHealth},בריאות {currentHealth},स्वास्थ्य {currentHealth},Életerő {currentHealth},Heilsa {currentHealth},Kesehatan {currentHealth},Salute {currentHealth},体力 {currentHealth},ಆರೋಗ್ಯ {currentHealth},Денсаулық {currentHealth},សុខភាព {currentHealth},체력 {currentHealth},Ден соолук {currentHealth},ສຸຂະພາບ {currentHealth},Veselība {currentHealth},Sveikata {currentHealth},Здравје {currentHealth},Kesihatan {currentHealth},ആരോഗ്യം {currentHealth},आरोग्य {currentHealth},Эрүүл мэнд {currentHealth},स्वास्थ्य {currentHealth},Helse {currentHealth},سلامتی {currentHealth},Zdrowie {currentHealth},Vida {currentHealth},Saúde {currentHealth},ਸਿਹਤ {currentHealth},Sănătate {currentHealth},Здоровье {currentHealth},Здравље {currentHealth},සෞඛ්‍යය {currentHealth},Zdravie {currentHealth},Zdravje {currentHealth},Salud: {currentHealth},Salud {currentHealth},Afya {currentHealth},Hälsa {currentHealth},ஆரோக்கியம் {currentHealth},ఆరోగ్యం {currentHealth},Саломатӣ {currentHealth},สุขภาพ {currentHealth},Saglyk {currentHealth},Sağlık {currentHealth},Сәламәтлек {currentHealth},Здоров'я {currentHealth},صحت {currentHealth},Salomatlik {currentHealth},Sức khỏe {currentHealth},Impilo {currentHealth}
health_current_percent,Health {currentHealthPercent}%,Gesondheid {currentHealthPercent}%,Һаулыҡ {currentHealthPercent}%,МагӀар {currentHealthPercent}%,Shëndeti {currentHealthPercent}%,ጤና {currentHealthPercent}%,الصحة {currentHealthPercent}%,Առողջություն {currentHealthPercent}%,Sağlamlıq {currentHealthPercent}%,স্বাস্থ্য {currentHealthPercent}%,Здароўе {currentHealthPercent}%,Helt {currentHealthPercent}%,ကျန်းမာရေး {currentHealthPercent}%,生命值 {currentHealthPercent}%,生命值 {currentHealthPercent}%,生命值 {currentHealthPercent}%,Zdravlje {currentHealthPercent}%,Zdraví {currentHealthPercent}%,Sundhed {currentHealthPercent}%,Gezondheid {currentHealthPercent}%,Tervis {currentHealthPercent}%,Kalusugan {currentHealthPercent}%,Terveys {currentHealthPercent}%,Santé {currentHealthPercent}%,ჯანმრთელობა {currentHealthPercent}%,Gesundheit {currentHealthPercent}%,Υγεία {currentHealthPercent}%,આરોગ્ય {currentHealthPercent}%,בריאות {currentHealthPercent}%,स्वास्थ्य {currentHealthPercent}%,Életerő {currentHealthPercent}%,Heilsa {currentHealthPercent}%,Kesehatan {currentHealthPercent}%,Salute {currentHealthPercent}%,体力 {currentHealthPercent}%,ಆರೋಗ್ಯ {currentHealthPercent}%,Денсаулық {currentHealthPercent}%,សុខភាព {currentHealthPercent}%,체력 {currentHealthPercent}%,Ден соолук {currentHealthPercent}%,ສຸຂະພາບ {currentHealthPercent}%,Veselība {currentHealthPercent}%,Sveikata {currentHealthPercent}%,Здравје {currentHealthPercent}%,Kesihatan {currentHealthPercent}%,ആരോഗ്യം {currentHealthPercent}%,आरोग्य {currentHealthPercent}%,Эрүүл мэнд {currentHealthPercent}%,स्वास्थ्य {currentHealthPercent}%,Helse {currentHealthPercent}%,سلامتی {currentHealthPercent}%,Zdrowie {currentHealthPercent}%,Vida {currentHealthPercent}%,Saúde {currentHealthPercent}%,ਸਿਹਤ {currentHealthPercent}%,Sănătate {currentHealthPercent}%,Здоровье {currentHealthPercent}%,Здравље {currentHealthPercent}%,සෞඛ්‍යය {currentHealthPercent}%,Zdravie {currentHealthPercent}%,Zdravje {currentHealthPercent}%,Salud: {currentHealthPercent}%,Salud {currentHealthPercent}%,Afya {currentHealthPercent}%,Hälsa {currentHealthPercent}%,ஆரோக்கியம் {currentHealthPercent}%,ఆరోగ్యం {currentHealthPercent}%,Саломатӣ {currentHealthPercent}%,สุขภาพ {currentHealthPercent}%,Saglyk {currentHealthPercent}%,Sağlık {currentHealthPercent}%,Сәламәтлек {currentHealthPercent}%,Здоров'я {currentHealthPercent}%,صحت {currentHealthPercent}%,Salomatlik {currentHealthPercent}%,Sức khỏe {currentHealthPercent}%,Impilo {currentHealthPercent}%
health_current_max,Health {currentHealth}/{maxHealth},Gesondheid {currentHealth}/{maxHealth},Һаулыҡ {currentHealth}/{maxHealth},МагӀар {currentHealth}/{maxHealth},Shëndeti {currentHealth}/{maxHealth},ጤና {currentHealth}/{maxHealth},الصحة {currentHealth}/{maxHealth},Առողջություն {currentHealth}/{maxHealth},Sağlamlıq {currentHealth}/{maxHealth},স্বাস্থ্য {currentHealth}/{maxHealth},Здароўе {currentHealth}/{maxHealth},Helt {currentHealth}/{maxHealth},ကျန်းမာရေး {currentHealth}/{maxHealth},生命值 {currentHealth}/{maxHealth},生命值 {currentHealth}/{maxHealth},生命值 {currentHealth}/{maxHealth},Zdravlje {currentHealth}/{maxHealth},Zdraví {currentHealth}/{maxHealth},Sundhed {currentHealth}/{maxHealth},Gezondheid {currentHealth}/{maxHealth},Tervis {currentHealth}/{maxHealth},Kalusugan {currentHealth}/{maxHealth},Terveys {currentHealth}/{maxHealth},Santé {currentHealth}/{maxHealth},ჯანმრთელობა {currentHealth}/{maxHealth},Gesundheit {currentHealth}/{maxHealth},Υγεία {currentHealth}/{maxHealth},આરોગ્ય {currentHealth}/{maxHealth},בריאות {currentHealth}/{maxHealth},स्वास्थ्य {currentHealth}/{maxHealth},Életerő {currentHealth}/{maxHealth},Heilsa {currentHealth}/{maxHealth},Kesehatan {currentHealth}/{maxHealth},Salute {currentHealth}/{maxHealth},体力 {currentHealth}/{maxHealth},ಆರೋಗ್ಯ {currentHealth}/{maxHealth},Денсаулық {currentHealth}/{maxHealth},សុខភាព {currentHealth}/{maxHealth},체력 {currentHealth}/{maxHealth},Ден соолук {currentHealth}/{maxHealth},ສຸຂະພາບ {currentHealth}/{maxHealth},Veselība {currentHealth}/{maxHealth},Sveikata {currentHealth}/{maxHealth},Здравје {currentHealth}/{maxHealth},Kesihatan {currentHealth}/{maxHealth},ആരോഗ്യം {currentHealth}/{maxHealth},आरोग्य {currentHealth}/{maxHealth},Эрүүл мэнд {currentHealth}/{maxHealth},स्वास्थ्य {currentHealth}/{maxHealth},Helse {currentHealth}/{maxHealth},سلامتی {currentHealth}/{maxHealth},Zdrowie {currentHealth}/{maxHealth},Vida {currentHealth}/{maxHealth},Saúde {currentHealth}/{maxHealth},ਸਿਹਤ {currentHealth}/{maxHealth},Sănătate {currentHealth}/{maxHealth},Здоровье {currentHealth}/{maxHealth},Здравље {currentHealth}/{maxHealth},සෞඛ්‍යය {currentHealth}/{maxHealth},Zdravie {currentHealth}/{maxHealth},Zdravje {currentHealth}/{maxHealth},Salud: {currentHealth}/{maxHealth},Salud {currentHealth}/{maxHealth},Afya {currentHealth}/{maxHealth},Hälsa {currentHealth}/{maxHealth},ஆரோக்கியம் {currentHealth}/{maxHealth},ఆరోగ్యం {currentHealth}/{maxHealth},Саломатӣ {currentHealth}/{maxHealth},สุขภาพ {currentHealth}/{maxHealth},Saglyk {currentHealth}/{maxHealth},Sağlık {currentHealth}/{maxHealth},Сәламәтлек {currentHealth}/{maxHealth},Здоров'я {currentHealth}/{maxHealth},صحت {currentHealth}/{maxHealth},Salomatlik {currentHealth}/{maxHealth},Sức khỏe {currentHealth}/{maxHealth},Impilo {currentHealth}/{maxHealth}
revive,Revive,Herleef,Терелтеү,Динахецна,Ringjall,እንደገና አስነሳ,إحياء,Վերակենդանացնել,Dirilt,পুনর্জীবিত করুন,Адрадзіць,Laifim bakegen,ပြန်လည်ရှင်သန်စေပါ,復活,复活,復活,Oživi,Vzkřísit,Genopliv,Herleven,Ärata ellu,Buhayin,Herätä henkiin,Ressusciter,აღდგენა,Wiederbeleben,Αναζωογόνηση,પુનર્જીવિત કરો,החייה,पुनर्जीवित करें,Feltámasztás,Endurlífga,Bangkitkan,Rianima,復活,ಪುನರುಜ್ಜೀವನಗೊಳಿಸಿ,Қайта тірілту,ប្រោសឲ្យរស់ឡើងវិញ,부활,Кайра тирилтүү,ຟື້ນຄືນຊີວິດ,Atdzīvināt,Prikelti,Оживеј,Hidupkan semula,പുനരുജ്ജീവിപ്പിക്കുക,पुनरुज्जीवित करा,Амилуулах,पुनर्जीवित गर्नुहोस्,Gjenoppliv,احیاء,Wskrześ,Reviver,Ressuscitar,ਮੁੜ ਜੀਵਿਤ ਕਰੋ,Revigorare,Возродить,Оживи,නැවත පණ ගන්වන්න,Vzkriesiť,Oživi,Revivir,Revivir,Fufua,Återuppliva,உயிர்ப்பி,పునరుజ్జీవింపజేయండి,Эҳё кунед,ฟื้นคืนชีพ,Diriltmek,Dirilt,Терелтү,Воскресити,زندہ کریں,Tiriltirish,Hồi sinh,Vusa
revive_resident,Revive a resident,Herleef 'n inwoner,Йәшәүсене терелтеү,Динахецна бахарх,Ringjall një banor,ነዋሪን እንደገና አስነሳ,إحياء مقيم,Վերակենդանացնել բնակչին,Sakini dirilt,একজন বাসিন্দাকে পুনর্জীবিত করুন,Адрадзіць жыхара,Laifim bakegen wan man blong taon,နေထိုင်သူကို ပြန်လည်ရှင်သန်စေပါ,復活居民,复活居民,復活居民,Oživi stanovnika,Vzkřísit obyvatele,Genopliv en beboer,Een bewoner herleven,Ärata ellu elanik,Buhayin ang isang residente,Herätä henkiin asukas,Ressusciter le résident,მკვიდრის აღდგენა,Bewohner wiederbeleben,Αναζωογόνηση κατοίκου,રહેવાસીને પુનર્જીવિત કરો,החייה תושב,निवासी को पुनर्जीवित करें,Lakos feltámasztása,Endurlífga íbúa,Bangkitkan penghuni,Rianima un residente,住人を復活,ನಿವಾಸಿಯನ್ನು ಪುನರುಜ್ಜೀವನಗೊಳಿಸಿ,Тұрғынды қайта тірілту,ប្រោសអ្នករស់នៅឲ្យរស់ឡើងវិញ,주민 부활,Тургунду кайра тирилтүү,ຟື້ນຄືນຊີວິດຜູ້ອາໄສ,Atdzīvināt iedzīvotāju,Prikelti gyventoją,Оживеј жител,Hidupkan semula penduduk,താമസക്കാരനെ പുനരുജ്ജീവിപ്പിക്കുക,रहिवाशाला पुनरुज्जीवित करा,Оршин суугчийг амилуулах,बासिन्दालाई पुनर्जीवित गर्नुहोस्,Gjenoppliv en beboer,احیاء یک ساکن,Wskrześ mieszkańca,Reviver um residente,Ressuscitar residente,ਵਸਨੀਕ ਨੂੰ ਮੁੜ ਜੀਵਿਤ ਕਰੋ,Revigorare rezident,Возродить жителя,Оживи становника,පදිංචිකරුවෙකු නැවත පණ ගන්වන්න,Vzkriesiť obyvateľa,Oživi prebivalca,Revivir habitante,Revivir a un residente,Fufua mkazi,Återuppliva en invånare,குடியிருப்பாளரை உயிர்ப்பி,నివాసిని పునరుజ్జీవింపజేయండి,Сокиниро эҳё кунед,ฟื้นคืนชีพผู้อยู่อาศัย,Ýaşaýjyny diriltmek,Bir sakini dirilt,Яшәүчене терелтү,Воскресити мешканця,رہائشی کو زندہ کریں,Aholini tiriltirish,Hồi sinh cư dân,Vusa isakhamuzi
revive_remaining_time,Remaining time: <color=red>{remainingTime}</color>,Oorblywende tyd: <color=red>{remainingTime}</color>,Ҡалған ваҡыт: <color=red>{remainingTime}</color>,Хан дисина: <color=red>{remainingTime}</color>,Koha e mbetur: <color=red>{remainingTime}</color>,የቀረ ጊዜ: <color=red>{remainingTime}</color>,الوقت المتبقي: <color=red>{remainingTime}</color>,Մնացած ժամանակը: <color=red>{remainingTime}</color>,Qalan vaxt: <color=red>{remainingTime}</color>,অবশিষ্ট সময়: <color=red>{remainingTime}</color>,"Час, які застаўся: <color=red>{remainingTime}</color>",Taem i stap: <color=red>{remainingTime}</color>,ကျန်အချိန်: <color=red>{remainingTime}</color>,剩餘時間: <color=red>{remainingTime}</color>,剩余时间: <color=red>{remainingTime}</color>,剩餘時間: <color=red>{remainingTime}</color>,Preostalo vrijeme: <color=red>{remainingTime}</color>,Zbývající čas: <color=red>{remainingTime}</color>,Resterende tid: <color=red>{remainingTime}</color>,Resterende tijd: <color=red>{remainingTime}</color>,Järelejäänud aeg: <color=red>{remainingTime}</color>,Natitirang oras: <color=red>{remainingTime}</color>,Aikaa jäljellä: <color=red>{remainingTime}</color>,Temps restant: <color=red>{remainingTime}</color>,დარჩენილი დრო: <color=red>{remainingTime}</color>,Verbleibende Zeit: <color=red>{remainingTime}</color>,Υπολειπόμενος χρόνος: <color=red>{remainingTime}</color>,બાકી સમય: <color=red>{remainingTime}</color>,זמן נותר: <color=red>{remainingTime}</color>,शेष समय: <color=red>{remainingTime}</color>,Hátralévő idő: <color=red>{remainingTime}</color>,Eftirstandandi tími: <color=red>{remainingTime}</color>,Waktu tersisa: <color=red>{remainingTime}</color>,Tempo rimanente: <color=red>{remainingTime}</color>,残り時間: <color=red>{remainingTime}</color>,ಉಳಿದ ಸಮಯ: <color=red>{remainingTime}</color>,Қалған уақыт: <color=red>{remainingTime}</color>,ពេលវេលាដែលនៅសល់: <color=red>{remainingTime}</color>,남은 시간: <color=red>{remainingTime}</color>,Калган убакыт: <color=red>{remainingTime}</color>,ເວລາທີ່ເຫຼືອ: <color=red>{remainingTime}</color>,Atlikušais laiks: <color=red>{remainingTime}</color>,Likutinis laikas: <color=red>{remainingTime}</color>,Преостанато време: <color=red>{remainingTime}</color>,Masa yang tinggal: <color=red>{remainingTime}</color>,ശേഷിക്കുന്ന സമയം: <color=red>{remainingTime}</color>,उर्वरित वेळ: <color=red>{remainingTime}</color>,Үлдсэн хугацаа: <color=red>{remainingTime}</color>,बाँकी समय: <color=red>{remainingTime}</color>,Gjenværende tid: <color=red>{remainingTime}</color>,زمان باقیمانده: <color=red>{remainingTime}</color>,Pozostały czas: <color=red>{remainingTime}</color>,Tempo restante: <color=red>{remainingTime}</color>,Tempo restante: <color=red>{remainingTime}</color>,ਬਾਕੀ ਸਮਾਂ: <color=red>{remainingTime}</color>,Timp rămas: <color=red>{remainingTime}</color>,Осталось времени: <color=red>{remainingTime}</color>,Преостало време: <color=red>{remainingTime}</color>,ඉතිරි කාලය: <color=red>{remainingTime}</color>,Zostávajúci čas: <color=red>{remainingTime}</color>,Preostali čas: <color=red>{remainingTime}</color>,Tiempo restante: <color=red>{remainingTime}</color>,Tiempo restante: <color=red>{remainingTime}</color>,Muda uliobaki: <color=red>{remainingTime}</color>,Återstående tid: <color=red>{remainingTime}</color>,மீதி நேரம்: <color=red>{remainingTime}</color>,మిగిలిన సమయం: <color=red>{remainingTime}</color>,Вақти боқимонда: <color=red>{remainingTime}</color>,เวลาที่เหลือ: <color=red>{remainingTime}</color>,Galyn wagty: <color=red>{remainingTime}</color>,Kalan süre: <color=red>{remainingTime}</color>,Калган вакыт: <color=red>{remainingTime}</color>,Залишилося часу: <color=red>{remainingTime}</color>,باقی وقت: <color=red>{remainingTime}</color>,Qolgan vaqt: <color=red>{remainingTime}</color>,Thời gian còn lại: <color=red>{remainingTime}</color>,Isikhathi esisele: <color=red>{remainingTime}</color>
revive_remaining_count,Remaining revives:,Oorblywende herlewings:,Ҡалған терелтеүҙәр:,Динахецна дисина:,Ringjalljet e mbetura:,የቀሩ ማስነሳቶች:,عدد عمليات الإحياء المتبقية:,Մնացած վերակենդանացումները:,Qalan diriltmələr:,অবশিষ্ট পুনর্জীবন:,Адраджэнняў засталося:,Laifim bakegen i stap:,ကျန်ရှိသော ပြန်လည်ရှင်သန်မှုများ:,剩餘復活次數:,剩余复活次数:,剩餘復活次數:,Preostala oživljavanja:,Zbývající vzkříšení:,Resterende genoplivninger:,Resterende herlevingen:,Järelejäänud elluäratamised:,Natitirang mga pagbuhay:,Herätyksiä jäljellä:,Résurrections restantes:,აღდგენები დარჩენილი:,Verbleibende Wiederbelebungen:,Υπολειπόμενες αναζωογονήσεις:,બાકી પુનર્જીવન:,החייאות נותרו:,शेष पुनर्जीवन:,Hátralévő feltámasztások:,Eftirstandandi endurlífganir:,Sisa kebangkitan:,Rianimazioni rimanenti:,残り復活回数:,ಉಳಿದ ಪುನರುಜ್ಜೀವನಗಳು:,Қалған қайта тірілтулер:,ការប្រោសឲ្យរស់ឡើងវិញដែលនៅសល់:,남은 부활 횟수:,Калган кайра тирилтүүлөр:,ການຟື້ນຄືນຊີວິດທີ່ເຫຼືອ:,Atlikušie atdzīvinājumi:,Likutiniai prikėlimai:,Преостанати оживувања:,Baki penghidupan semula:,ശേഷിക്കുന്ന പുനരുജ്ജീവനങ്ങൾ:,उर्वरित पुनरुज्जीवन:,Үлдсэн амилуулалт:,बाँकी पुनर्जीवनहरू:,Gjenværende gjenopplivninger:,تعداد احیاءهای باقیمانده:,Pozostałe wskrzeszenia:,Revives restantes:,Ressurreições restantes:,ਬਾਕੀ ਮੁੜ ਜੀਵਿਤ ਕਰਨ ਦੀ ਗਿਣਤੀ:,Revigorări rămase:,Осталось возрождений:,Преостала оживљавања:,ඉතිරි නැවත පණ ගැන්වීම්:,Zostávajúce vzkriesenia:,Preostala oživljanja:,Reanimaciones restantes:,Reviviciones restantes:,Ufufuo uliobaki:,Återstående återupplivningar:,மீதி உயிர்ப்புகள்:,మిగిలిన పునరుజ్జీవనాలు:,Эҳёҳои боқимонда:,จำนวนการฟื้นคืนชีพที่เหลือ:,Galyn diriltmeler:,Kalan diriltme hakkı:,Калган терелтүләр:,Залишилося воскресінь:,باقی زندہ کرنے کی تعداد:,Qolgan tiriltirishlar:,Số lần hồi sinh còn lại:,Ukuvuswa okusele:
revive_next,Next revive charge:,Volgende herlewinglading:,Киләһе терелтеү ҡорғоһо:,Динахецна меттахӀоттор:,Rimbushja e radhës e ringjalljes:,ቀጣይ የማስነሳት መሙያ:,شحن الإحياء التالي:,Վերակենդանացման հաջորդ լիցքավորումը:,Növbəti diriltmə doldurulması:,পরবর্তী পুনর্জীবন চার্জ:,Наступная зарадка адраджэння:,Neks cac blong laifim bakegen:,နောက်ထပ် ပြန်လည်ရှင်သန်မှု အားသွင်းချိန်:,下次復活充能:,下次复活充能:,下次復活充能:,Sljedeće punjenje oživljavanja:,Další nabití vzkříšení:,Næste genoplivningsopladning:,Volgende herlevingslading:,Järgmine elluäratamise laadimine:,Susunod na charge ng pagbuhay:,Herätyksen palautuminen:,Prochaine résurrection:,აღდგენის შემდეგი დამუხტვა:,Nächste Wiederbelebungsaufladung:,Επόμενη φόρτιση αναζωογόνησης:,આગામી પુનર્જીવન ચાર્જ:,טעינת ההחייאה הבאה:,अगला पुनर्जीवन चार्ज:,Következő feltámasztási töltés:,Næsta endurlífgunarhleðsla:,Pengisian kebangkitan berikutnya:,Prossima ricarica della rianimazione:,次の復活チャージ:,ಮುಂದಿನ ಪುನರುಜ್ಜೀವನ ಚಾರ್ಜ್:,Келесі қайта тірілту заряды:,ការសាកថ្មប្រោសឲ្យរស់ឡើងវិញបន្ទាប់:,다음 부활 충전:,Кийинки кайра тирилтүү заряды:,ການສາກໄຟຟື້ນຄືນຊີວິດຕໍ່ໄປ:,Nākamā atdzīvinājuma uzlāde:,Kitas prikėlimo įkrovimas:,Следно полнење на оживување:,Caj penghidupan semula seterusnya:,അടുത്ത പുനരുജ്ജീവന ചാർജ്:,पुढील पुनरुज्जीवन चार्ज:,Дараагийн амилуулах цэнэглэлт:,अर्को पुनर्जीवन चार्ज:,Neste gjenopplivningslading:,شارژ بعدی احیاء:,Następne naładowanie wskrzeszenia:,Próxima recarga de revive:,Próxima recarga de ressurreição:,ਅਗਲਾ ਮੁੜ ਜੀਵਿਤ ਚਾਰਜ:,Următoarea încărcare revigorare:,Восполнение возрождения:,Следеће пуњење оживљавања:,ඊළඟ නැවත පණ ගැන්වීමේ ආරෝපණය:,Ďalšie nabitie vzkriesenia:,Naslednje polnjenje oživljanja:,Próxima carga de reanimación:,Próxima recarga de revivición:,Malipo yajayo ya ufufuo:,Nästa återupplivningsladdning:,அடுத்த உயிர்ப்பு சார்ஜ்:,తదుపరి పునరుజ్జీవన ఛార్జ్:,Заряди навбатии эҳё:,การชาร์จฟื้นคืนชีพครั้งถัดไป:,Indiki diriltme zarýady:,Sonraki diriltme dolumu:,Киләсе терелтү коргысы:,Наступна зарядка воскресіння:,اگلا زندہ کرنے کا چارج:,Keyingi tiriltirish zaryadi:,Sạc hồi sinh tiếp theo:,Ukushajwa okulandelayo kokuvusa:
raid,Raid,Aanval,Тапан,ТӀелатар,Sulm,ወረራ,غارة,Ասպատակություն,Basqın,হামলা,Напад,Raid,စီးနင်းတိုက်ခိုက်မှု,掠奪,掠夺,掠奪,Napad,Nájezd,Raid,Overval,Rünnak,Pagsalakay,Ryöstö,Raid,შემოსევა,Überfall,Επιδρομή,છાપો,פשיטה,छापा,Rajtaütés,Árás,Serbuan,Incursione,襲撃,ದಾಳಿ,Шабуыл,ការវាយឆ្មក់,습격,Чабуул,ການບຸກໂຈມຕີ,Reids,Puolimas,Напад,Serbuan,ആക്രമണം,हल्ला,Довтолгоо,आक्रमण,Raid,یورش,Najazd,Ataque,Ataque,ਹਮਲਾ,Raids,Рейд,Напад,වැටලීම,Nájazd,Napad,Incursión,Incursión,Uvamizi,Räd,தாக்குதல்,దాడి,Ҳамла,การบุกโจมตี,Çozuş,Baskın,Һөҗүм,Напад,چھاپہ,Bosqin,Đột kích,Ukuhlasela
raid_under_raid,Your city is under raid!,Jou stad word aangeval!,Һеҙҙең ҡалаға тапан яһанылар!,Хьайн гӀалина тӀелетина!,Qyteti juaj është nën sulm!,ከተማህ በወረራ ላይ ነች!,مدينتك تحت الهجوم!,Քո քաղաքը ասպատակվում է!,Şəhəriniz basqın altındadır!,আপনার শহর হামলার মুখে!,Ваш горад пад нападам!,Taon blong yu i andaf long raid!,သင့်မြို့ကို စီးနင်းတိုက်ခိုက်ခံနေရသည်!,你的城市正在遭到掠奪!,你的城市正在遭到掠夺!,你的城市正在遭到掠奪!,Vaš grad je pod napadom!,Vaše město je pod nájezdem!,Din by er under raid!,Je stad wordt overvallen!,Sinu linn on rünnaku all!,Ang iyong lungsod ay sinasalakay!,Kaupunkiisi on hyökätty!,Votre ville est attaquée!,შენი ქალაქი შემოსევის ქვეშაა!,Deine Stadt wird überfallen!,Η πόλη σας δέχεται επιδρομή!,તમારા શહેર પર છાપો પડ્યો છે!,העיר שלך תחת פשיטה!,आपके शहर पर छापा पड़ा है!,A városod rajtaütés alatt áll!,Borgin þín er undir árás!,Kotamu sedang diserbu!,La tua città è sotto incursione!,あなたの都市が襲撃されています！,ನಿಮ್ಮ ನಗರವು ದಾಳಿಗೆ ಒಳಗಾಗಿದೆ!,Сіздің қалаңыз шабуылға ұшырады!,ទីក្រុងរបស់អ្នកកំពុងត្រូវបានវាយឆ្មក់!,당신의 도시가 습격당하고 있습니다!,Сиздин шаарыңыз чабуулга дуушар болду!,ເມືອງຂອງທ່ານຖືກບຸກໂຈມຕີ!,Jūsu pilsēta ir reida uzbrukumā!,Jūsų miestas puolamas!,Вашиот град е под напад!,Bandar anda diserbu!,നിങ്ങളുടെ നഗരം ആക്രമിക്കപ്പെട്ടു!,तुमच्या शहरावर हल्ला झाला आहे!,Таны хот довтолгоонд өртөж байна!,तपाईंको सहरमा आक्रमण भइरहेको छ!,Byen din er under raid!,شهر شما مورد یورش قرار گرفته است!,Twoje miasto jest atakowane!,Sua cidade está sob ataque!,A sua cidade está sob ataque!,ਤੁਹਾਡੇ ਸ਼ਹਿਰ ਉੱਤੇ ਹਮਲਾ ਹੋ ਰਿਹਾ ਹੈ!,Orașul tău este sub raid!,На ваш город напали!,Ваш град је под нападом!,ඔබගේ නගරය වැටලීමකට ලක්ව ඇත!,Vaše mesto je pod nájazdom!,Vaše mesto je pod napadom!,¡Tu ciudad está bajo ataque!,¡Tu ciudad está siendo atacada!,Mji wako unavamiwa!,Din stad är under räd!,உங்கள் நகரம் தாக்குதலுக்கு உள்ளாகியுள்ளது!,మీ నగరం దాడికి గురవుతోంది!,Шаҳри шумо зери ҳамла аст!,เมืองของคุณกำลังถูกบุกโจมตี!,Şäheriňiz çozuşa sezewar boldy!,Şehriniz baskın altında!,Сезнең шәһәргә һөҗүм иттеләр!,Ваше місто під нападом!,آپ کے شہر پر چھاپہ مارا گیا ہے!,Shahringiz bosqin ostida!,Thành phố của bạn đang bị đột kích!,Idolobha lakho lihlaselwa!
language,Language,Taal,Тел,Мотт,Gjuha,ቋንቋ,اللغة,Լեզու,Dil,ভাষা,Мова,Langwis,ဘာသာစကား,語言,语言,語言,Jezik,Jazyk,Sprog,Taal,Keel,Wika,Kieli,Langue,ენა,Sprache,Γλώσσα,ભાષા,שפה,भाषा,Nyelv,Tungumál,Bahasa,Lingua,言語,ಭಾಷೆ,Тіл,ភាសា,언어,Тил,ພາສາ,Valoda,Kalba,Јазик,Bahasa,ഭാഷ,भाषा,Хэл,भाषा,Språk,زبان,Język,Idioma,Idioma,ਭਾਸ਼ਾ,Limbă,Язык,Језик,භාෂාව,Jazyk,Jezik,Idioma,Idioma,Lugha,Språk,மொழி,భాష,Забон,ภาษา,Dil,Dil,Тел,Мова,زبان,Til,Ngôn ngữ,Ulimi
language_select,Select language,Kies taal,Тел һайлау,Мотт харжа,Zgjidh gjuhën,ቋንቋ ምረጥ,اختر اللغة,Ընտրել լեզուն,Dil seçin,ভাষা নির্বাচন করুন,Выбраць мову,Pikim langwis,ဘာသာစကားရွေးပါ,選擇語言,选择语言,選擇語言,Odaberi jezik,Vyberte jazyk,Vælg sprog,Selecteer taal,Vali keel,Pumili ng wika,Valitse kieli,Choisir la langue,აირჩიე ენა,Sprache auswählen,Επιλογή γλώσσας,ભાષા પસંદ કરો,בחר שפה,भाषा चुनें,Nyelv kiválasztása,Veldu tungumál,Pilih bahasa,Seleziona lingua,言語を選択,ಭಾಷೆ ಆಯ್ಕೆಮಾಡಿ,Тілді таңдау,ជ្រើសរើសភាសា,언어 선택,Тилди тандоо,ເລືອກພາສາ,Izvēlēties valodu,Pasirinkite kalbą,Избери јазик,Pilih bahasa,ഭാഷ തിരഞ്ഞെടുക്കുക,भाषा निवडा,Хэлээ сонгох,भाषा चयन गर्नुहोस्,Velg språk,انتخاب زبان,Wybierz język,Selecionar idioma,Selecionar idioma,ਭਾਸ਼ਾ ਚੁਣੋ,Selectează limba,Выбрать язык,Изабери језик,භාෂාව තෝරන්න,Vyberte jazyk,Izberite jezik,Seleccionar idioma,Seleccionar idioma,Chagua lugha,Välj språk,மொழியைத் தேர்ந்தெடு,భాష ఎంచుకోండి,Забонро интихоб кунед,เลือกภาษา,Dili saýlaň,Dil seç,Тел сайлау,Вибрати мову,زبان منتخب کریں,Tilni tanlash,Chọn ngôn ngữ,Khetha ulimi
equipment,Equipment,Toerusting,Йыһаздар,Гирс,Pajisjet,መሳሪያዎች,المعدات,Սարքավորումներ,Avadanlıq,সরঞ্জাম,Экіпіроўка,Ikipmen,ပစ္စည်းကိရိယာများ,裝備,装备,裝備,Oprema,Vybavení,Udstyr,Uitrusting,Varustus,Kagamitan,Varusteet,Équipement,აღჭურვილობა,Ausrüstung,Εξοπλισμός,સાધનસામગ્રી,ציוד,उपकरण,Felszerelés,Búnaður,Perlengkapan,Equipaggiamento,装備,ಸಲಕರಣೆ,Жабдық,គ្រឿងបរិក្ខារ,장비,Жабдуу,ອຸປະກອນ,Ekipējums,Įranga,Опрема,Peralatan,ഉപകരണങ്ങൾ,उपकरणे,Тоног төхөөрөмж,उपकरणहरू,Utstyr,تجهیزات,Ekwipunek,Equipamento,Equipamento,ਸਾਜ਼ੋ-ਸਮਾਨ,Echipament,Экипировка,Опрема,උපකරණ,Vybavenie,Oprema,Equipamiento,Equipo,Vifaa,Utrustning,உபகரணங்கள்,పరికరాలు,Таҷҳизот,อุปกรณ์,Enyrmalar,Ekipman,Кораллар,Екіпіровка,سامان,Jihozlar,Trang bị,Imishini
equipment_select,Select equipment,Kies toerusting,Йыһаздар һайлау,Гирс харжа,Zgjidh pajisjet,መሳሪያዎችን ምረጥ,اختر المعدات,Ընտրել սարքավորումները,Avadanlıq seçin,সরঞ্জাম নির্বাচন করুন,Выбраць экіпіроўку,Pikim ikipmen,ပစ္စည်းကိရိယာများရွေးပါ,選擇裝備,选择装备,選擇裝備,Odaberi opremu,Vyberte vybavení,Vælg udstyr,Selecteer uitrusting,Vali varustus,Pumili ng kagamitan,Valitse varusteet,Choisir l'équipement,აირჩიე აღჭურვილობა,Ausrüstung auswählen,Επιλογή εξοπλισμού,સાધનસામગ્રી પસંદ કરો,בחר ציוד,उपकरण चुनें,Felszerelés kiválasztása,Veldu búnað,Pilih perlengkapan,Seleziona equipaggiamento,装備を選択,ಸಲಕರಣೆ ಆಯ್ಕೆಮಾಡಿ,Жабдықты таңдау,ជ្រើសរើសគ្រឿងបរិក្ខារ,장비 선택,Жабдууну тандоо,ເລືອກອຸປະກອນ,Izvēlēties ekipējumu,Pasirinkite įrangą,Избери опрема,Pilih peralatan,ഉപകരണങ്ങൾ തിരഞ്ഞെടുക്കുക,उपकरणे निवडा,Тоног төхөөрөмж сонгох,उपकरणहरू चयन गर्नुहोस्,Velg utstyr,انتخاب تجهیزات,Wybierz ekwipunek,Selecionar equipamento,Selecionar equipamento,ਸਾਜ਼ੋ-ਸਮਾਨ ਚੁਣੋ,Selectează echipamentul,Выбор экипировки,Изабери опрему,උපකරණ තෝරන්න,Vyberte vybavenie,Izberite opremo,Seleccionar equipamiento,Seleccionar equipo,Chagua vifaa,Välj utrustning,உபகரணங்களைத் தேர்ந்தெடு,పరికరాలు ఎంచుకోండి,Таҷҳизотро интихоб кунед,เลือกอุปกรณ์,Enyrmalary saýlaň,Ekipman seç,Кораллар сайлау,Вибрати екіпіровку,سامان منتخب کریں,Jihozlarni tanlash,Chọn trang bị,Khetha imishini
evict,Evict,Ontruim,Ҡыуып сығарыу,Араваккха,Dëbo,አስወጣ,طرد,Վտարել,Qov,উচ্ছেদ করুন,Выгнаць,Rausim,နှင်ထုတ်ပါ,驅逐,驱逐,驅逐,Iseli,Vyhostit,Bortvis,Uitzetten,Tõsta välja,Paalisin,Häädä,Expulser,განდევნა,Vertreiben,Έξωση,હાંકી કાઢો,גרש,बेदखल करें,Kitelepítés,Rekja út,Usir,Sfratto,追放,ಹೊರಹಾಕು,Қуу,បណ្តេញចេញ,추방,Кууп чыгуу,ຂັບໄລ່,Izlikt,Iškeldinti,Исели,Usir,പുറത്താക്കുക,हद्दपार करा,Хөөх,निष्कासन गर्नुहोस्,Kast ut,اخراج,Wysiedl,Despejar,Despejar,ਕੱਢੋ,Evacuare,Выгнать,Исели,නෙරපා හරින්න,Vyhostiť,Izseli,Desahuciar,Desalojar,Fukuza,Vräk,வெளியேற்று,బహిష్కరించండి,Бадарға кунед,ขับไล่,Kowmak,Tahliye et,Куып чыгару,Виселити,بے دخول کریں,Haydab chiqarish,Trục xuất,Xosha
evict_resident,Evict,Ontruim 'n inwoner,Йәшәүсене ҡыуып сығарыу,Араваккха бахарх,Dëbo një banor,ነዋሪን አስወጣ,طرد مقيم,Վտարել բնակչին,Sakini qov,একজন বাসিন্দাকে উচ্ছেদ করুন,Выгнаць жыхара,Rausim wan man blong taon,နေထိုင်သူကို နှင်ထုတ်ပါ,驅逐居民,驱逐居民,驅逐居民,Iseli stanovnika,Vyhostit obyvatele,Bortvis en beboer,Een bewoner uitzetten,Tõsta elanik välja,Paalisin ang isang residente,Häädä asukas,Expulser le résident,მკვიდრის განდევნა,Bewohner vertreiben,Έξωση κατοίκου,રહેવાસીને હાંકી કાઢો,גרש תושב,निवासी को बेदखल करें,Lakos kitelepítése,Rekja íbúa út,Usir penghuni,Sfratta un residente,住人を追放,ನಿವಾಸಿಯನ್ನು ಹೊರಹಾಕು,Тұрғынды қуу,បណ្តេញអ្នករស់នៅចេញ,주민 추방,Тургунду кууп чыгуу,ຂັບໄລ່ຜູ້ອາໄສ,Izlikt iedzīvotāju,Iškeldinti gyventoją,Исели жител,Usir penduduk,താമസക്കാരനെ പുറത്താക്കുക,रहिवाशाला हद्दपार करा,Оршин суугчийг хөөх,बासिन्दालाई निष्कासन गर्नुहोस्,Kast ut en beboer,اخراج یک ساکن,Wysiedl mieszkańca,Despejar um residente,Despejar residente,ਵਸਨੀਕ ਨੂੰ ਕੱਢੋ,Evacuare rezident,Выгнать жителя,Исели становника,පදිංචිකරුවෙකු නෙරපා හරින්න,Vyhostiť obyvateľa,Izseli prebivalca,Desahuciar,Desalojar residente,Fukuza mkazi,Vräk en invånare,குடியிருப்பாளரை வெளியேற்று,నివాసిని బహిష్కరించండి,Сокиниро бадарға кунед,ขับไล่ผู้อยู่อาศัย,Ýaşaýjyny kowmak,Bir sakini tahliye et,Яшәүчене куып чыгару,Виселити мешканця,رہائشی کو بے دخول کریں,Aholini haydab chiqarish,Trục xuất cư dân,Xosha isakhamuzi
construction,Construction,Konstruksie,Төҙөлөш,Йоттар,Ndërtim,ግንባታ,البناء,Շինարարություն,Tikinti,নির্মাণ,Будаўніцтва,Konstrksen,ဆောက်လုပ်ရေး,建造,建造,建造,Građevina,Výstavba,Byggeri,Bouw,Ehitus,Konstruksyon,Rakentaminen,Construction,მშენებლობა,Bau,Κατασκευή,બાંધકામ,בנייה,निर्माण,Építkezés,Bygging,Konstruksi,Costruzione,建設,ನಿರ್ಮಾಣ,Құрылыс,សំណង់,건설,Курулуш,ການກໍ່ສ້າງ,Būvniecība,Statyba,Градба,Pembinaan,നിർമ്മാണം,बांधकाम,Барилга,निर्माण,Konstruksjon,ساخت‌وساز,Budowa,Construção,Construção,ਉਸਾਰੀ,Construcție,Строительство,Градња,ඉදිකිරීම්,Výstavba,Gradnja,Construcción,Construcción,Ujenzi,Konstruktion,கட்டுமானம்,నిర్మాణం,Сохтмон,การก่อสร้าง,Gurluşyk,İnşaat,Төзелеш,Будівництво,تعمیر,Qurilish,Xây dựng,Ukwakha
construction_build,Build,Bou,Төҙөү,Йоттар,Ndërto,ግንባታ ፍጠር,بناء,Կառուցել,Tik,নির্মাণ করুন,Пабудаваць,Bildim,ဆောက်ပါ,建造,建造,建造,Izgradi,Postavit,Byg,Bouwen,Ehita,Magtayo,Rakenna,Construire,აშენება,Bauen,Κατασκευή,બનાવો,בנה,बनाएँ,Építés,Byggja,Bangun,Costruisci,建設,ನಿರ್ಮಿಸು,Салыңыз,សាងសង់,건설,Куруу,ສ້າງ,Būvēt,Statyti,Изгради,Bina,നിർമ്മിക്കുക,बांधा,Барих,निर्माण गर्नुहोस्,Bygg,ساخت,Buduj,Construir,Construir,ਬਣਾਓ,Construiește,Построить,Сагради,ඉදිකරන්න,Postaviť,Zgradi,Construir,Construir,Jenga,Bygg,கட்டு,నిర్మించండి,Сохтан,สร้าง,Gurmak,İnşa et,Төзү,Побудувати,تعمیر کریں,Qurish,Xây dựng,Yakha
construction_floors,Floors,Vloere,Ҡаттар,ЧӀагӀонаш,Kate,ፎቆች,الطوابق,Հարկեր,Mərtəbələr,তলা,Паверхі,Flua,အထပ်များ,樓層,楼层,樓層,Katovi,Podlaží,Etager,Verdiepingen,Korrused,Mga palapag,Kerrokset,Étages,სართულები,Etagen,Όροφοι,માળ,קומות,मंज़िलें,Emeletek,Hæðir,Lantai,Piani,フロア,ಮಹಡಿಗಳು,Қабаттар,ជាន់,층,Кабаттар,ຊັ້ນ,Stāvi,Aukštai,Катови,Tingkat,നിലകൾ,मजले,Давхар,तलाहरू,Etasjer,طبقات,Piętra,Andares,Andares,ਮੰਜ਼ਿਲਾਂ,Etaje,Этажи,Спратови,මහල්,Podlažia,Nadstropja,Pisos,Plantas,Sakafu,Våningar,தளங்கள்,అంతస్తులు,Ошёнаҳо,ชั้น,Mertebeler,Katlar,Катлар,Поверхи,منزلیں,Qavatlar,Tầng,Izitezi
construction_demolish,Demolish,Sloop,Емереү,Йухайаккха,Rrëno,አፍርስ,هدم,Քանդել,Sök,ভেঙে ফেলুন,Знесці,Bagerekim,ဖျက်ဆီးပါ,拆除,拆除,拆除,Sruši,Zbourat,Nedriv,Slopen,Lammuta,Gibain,Pura,Démolir,დანგრევა,Abreißen,Κατεδάφιση,તોડી પાડો,הרוס,ढहाएँ,Lebontás,Rífa,Hancurkan,Demolisci,解体,ಕೆಡವು,Бұзу,រុះរើ,철거,Бузуу,ຮື້ຖອນ,Nojaukt,Griauti,Сруши,Roboh,പൊളിക്കുക,पाडा,Нураах,ध्वस्त पार्नुहोस्,Riv,تخریب,Zburz,Demolir,Demolir,ਢਾਓ,Demolare,Разрушить,Сруши,කඩා දමන්න,Zbúrať,Poruši,Demoler,Demoler,Bomoa,Riv,இடி,కూల్చివేయండి,Ваҳш кардан,รื้อถอน,Ýykmak,Yık,Җимерү,Знести,گرا دیں,Buzish,Phá hủy,Bhidliza
construction_demolish_building,Demolish building,Sloop gebou,Бинаны емереү,Йоттар чекхбалар ({constructionTime}),Rrëno ndërtesën,ህንፃ አፍርስ,هدم مبنى,Քանդել շենքը,Binanı sök,ভবন ভেঙে ফেলুন,Знесці будынак,Bagerekim bilding,အဆောက်အအုံဖျက်ဆီးပါ,拆除建築,拆除建筑,拆除建築,Sruši zgradu,Zbourat budovu,Nedriv bygning,Gebouw slopen,Lammuta hoone,Gibain ang gusali,Pura rakennus,Démolir le bâtiment,შენობის დანგრევა,Gebäude abreißen,Κατεδάφιση κτιρίου,ઇમારત તોડી પાડો,הרוס בניין,इमारत ढहाएँ,Épület lebontása,Rífa byggingu,Hancurkan bangunan,Demolisci edificio,建物を解体,ಕಟ್ಟಡವನ್ನು ಕೆಡವು,Ғимаратты бұзу,រុះរើអគារ,건물 철거,Имаратты бузуу,ຮື້ຖອນອາຄານ,Nojaukt ēku,Griauti pastatą,Сруши зграда,Roboh bangunan,കെട്ടിടം പൊളിക്കുക,इमारत पाडा,Барилгыг нураах,भवन ध्वस्त पार्नुहोस्,Riv bygning,تخریب ساختمان,Zburz budynek,Demolir edifício,Demolir edifício,ਇਮਾਰਤ ਢਾਓ,Demolare clădire,Разрушить здание,Сруши зграду,ගොඩනැගිල්ල කඩා දමන්න,Zbúrať budovu,Poruši stavbo,Demoler edificio,Demoler edificio,Bomoa jengo,Riv byggnad,கட்டிடத்தை இடி,భవనాన్ని కూల్చివేయండి,Биноро ваҳш кардан,รื้อถอนอาคาร,Binany ýykmak,Binayı yık,Бинаны җимерү,Знести будівлю,عمارت گرا دیں,Binoni buzish,Phá hủy tòa nhà,Bhidliza isakhiwo
construction_under_construction,Under construction ({constructionTime}),Onder konstruksie ({constructionTime}),Төҙөлә ({constructionTime}),Йоттар чекхбаккха,Në ndërtim ({constructionTime}),በግንባታ ላይ ({constructionTime}),قيد الإنشاء ({constructionTime}),Կառուցվում է ({constructionTime}),Tikilir ({constructionTime}),নির্মাণাধীন ({constructionTime}),Будуецца ({constructionTime}),I stap bildim ({constructionTime}),ဆောက်လုပ်နေဆဲ ({constructionTime}),建造中 ({constructionTime}),建造中 ({constructionTime}),建造中 ({constructionTime}),U izgradnji ({constructionTime}),Ve výstavbě ({constructionTime}),Under opførelse ({constructionTime}),In aanbouw ({constructionTime}),Ehitamisel ({constructionTime}),Kasalukuyang ginagawa ({constructionTime}),Rakenteilla ({constructionTime}),En construction ({constructionTime}),მშენებლობის პროცესში ({constructionTime}),Im Bau ({constructionTime}),Υπό κατασκευή ({constructionTime}),બાંધકામ ચાલુ છે ({constructionTime}),בבנייה ({constructionTime}),निर्माणाधीन ({constructionTime}),Építés alatt ({constructionTime}),Í byggingu ({constructionTime}),Sedang dibangun ({constructionTime}),In costruzione ({constructionTime}),建設中 ({constructionTime}),ನಿರ್ಮಾಣದಲ್ಲಿದೆ ({constructionTime}),Құрылыс барысында ({constructionTime}),កំពុងសាងសង់ ({constructionTime}),건설 중 ({constructionTime}),Курулуп жатат ({constructionTime}),ກຳລັງກໍ່ສ້າງ ({constructionTime}),Būvniecības procesā ({constructionTime}),Statomas ({constructionTime}),Во изградба ({constructionTime}),Sedang dibina ({constructionTime}),നിർമ്മാണത്തിലാണ് ({constructionTime}),बांधकाम सुरू आहे ({constructionTime}),Баригдаж байна ({constructionTime}),निर्माण भइरहेको छ ({constructionTime}),Under konstruksjon ({constructionTime}),در حال ساخت ({constructionTime}),W budowie ({constructionTime}),Em construção ({constructionTime}),Em construção ({constructionTime}),ਉਸਾਰੀ ਹੇਠ ({constructionTime}),În construcție ({constructionTime}),Идёт строительство ({constructionTime}),У изградњи ({constructionTime}),ඉදිකෙරෙමින් පවතී ({constructionTime}),Vo výstavbe ({constructionTime}),V gradnji ({constructionTime}),En construcción ({constructionTime}),En construcción ({constructionTime}),Inajengwa ({constructionTime}),Under konstruktion ({constructionTime}),கட்டுமானத்தில் உள்ளது ({constructionTime}),నిర్మాణంలో ఉంది ({constructionTime}),Дар ҳоли сохтмон ({constructionTime}),กำลังก่อสร้าง ({constructionTime}),Gurlawuk ({constructionTime}),İnşa halinde ({constructionTime}),Төзелә ({constructionTime}),Будується ({constructionTime}),زیر تعمیر ({constructionTime}),Qurilmoqda ({constructionTime}),Đang xây dựng ({constructionTime}),Kusakhiwa ({constructionTime})
construction_complete,Complete construction,Voltooi konstruksie,Төҙөлөштө тамамлау,ХӀинца йоттар,Përfundo ndërtimin,ግንባታ አጠናቅቅ,إكمال البناء,Ավարտել շինարարությունը,Tikintini tamamla,নির্মাণ সম্পূর্ণ করুন,Завяршыць будаўніцтва,Finisim konstrksen,ဆောက်လုပ်ရေးပြီးအောင်လုပ်ပါ,完成建造,完成建造,完成建造,Završi gradnju,Dokončit výstavbu,Færdiggør byggeri,Bouw voltooien,Lõpeta ehitus,Tapusin ang konstruksyon,Viimeistele rakennus,Terminer la construction,მშენებლობის დასრულება,Bau abschließen,Ολοκλήρωση κατασκευής,બાંધકામ પૂર્ણ કરો,השלם בנייה,निर्माण पूरा करें,Építés befejezése,Ljúka byggingu,Selesaikan konstruksi,Completa la costruzione,建設を完了,ನಿರ್ಮಾಣವನ್ನು ಪೂರ್ಣಗೊಳಿಸಿ,Құрылысты аяқтау,បញ្ចប់ការសាងសង់,건설 완료,Курулушту аяктоо,ສຳເລັດການກໍ່ສ້າງ,Pabeigt būvniecību,Užbaigti statybą,Заврши ја градбата,Selesaikan pembinaan,നിർമ്മാണം പൂർത്തിയാക്കുക,बांधकाम पूर्ण करा,Барилгыг дуусгах,निर्माण पूरा गर्नुहोस्,Fullfør konstruksjon,تکمیل ساخت‌وساز,Zakończ budowę,Concluir construção,Concluir construção,ਉਸਾਰੀ ਮੁਕੰਮਲ ਕਰੋ,Finalizează construcția,Завершить стройку,Заврши градњу,ඉදිකිරීම් සම්පූර්ණ කරන්න,Dokončiť výstavbu,Dokončaj gradnjo,Terminar construcción,Completar construcción,Kamilisha ujenzi,Slutför konstruktion,கட்டுமானத்தை முடிக்கவும்,నిర్మాణాన్ని పూర్తి చేయండి,Сохтмонро анҷом диҳед,ดำเนินการก่อสร้างให้เสร็จสิ้น,Gurluşygy tamamlamak,İnşaatı tamamla,Төзелешне тәмамлау,Завершити будівництво,تعمیر مکمل کریں,Qurilishni tugatish,Hoàn thành xây dựng,Qedela ukwakha
construction_complete_instantly,Build right now,Bou nou,Хәҙер төҙөү,{name}: йоттар чекхбаьлла,Ndërto tani,አሁኑኑ ግንባታ ፍጠር,البناء الآن,Կառուցել հիմա,İndi tik,এখনই নির্মাণ করুন,Пабудаваць зараз,Bildim nau,ယခုဆောက်ပါ,立即建造,立即建造,立即建造,Izgradi odmah,Postavit hned,Byg nu,Nu bouwen,Ehita kohe,Magtayo ngayon,Rakenna heti,Construire immédiatement,აშენება ახლავე,Jetzt bauen,Κατασκευή τώρα,હમણાં બનાવો,בנה עכשיו,अभी बनाएँ,Építés most,Byggja núna,Bangun sekarang,Costruisci ora,今すぐ建設,ಈಗ ನಿರ್ಮಿಸು,Қазір салу,សាងសង់ឥឡូវនេះ,지금 건설,Азыр куруу,ສ້າງດຽວນີ້,Būvēt tagad,Statyti dabar,Изгради сега,Bina sekarang,ഇപ്പോൾ നിർമ്മിക്കുക,आत्ता बांधा,Одоо барих,अहिले निर्माण गर्नुहोस्,Bygg nå,هم‌اکنون بسازید,Zbuduj teraz,Construir agora,Construir agora,ਹੁਣੇ ਬਣਾਓ,Construiește acum,Построить прямо сейчас,Сагради одмах,දැන් ඉදිකරන්න,Postaviť teraz,Zgradi zdaj,Construir ahora mismo,Construir ahora mismo,Jenga sasa,Bygg nu,இப்போது கட்டு,ఇప్పుడే నిర్మించండి,Ҳозир сохтан,สร้างตอนนี้,Häzir gurmak,Şimdi inşa et,Хәзер төзү,Побудувати зараз,ابھی تعمیر کریں,Hozir qurish,Xây dựng ngay,Yakha manje
construction_finished,{name} construction finished,{name}: konstruksie voltooi,{name}: төҙөлөш тамамланды,Нисъяр,{name}: ndërtimi përfundoi,{name}: ግንባታ ተጠናቀቀ,{name}: اكتمل البناء,{name}: շինարարությունն ավարտվեց,{name}: tikinti tamamlandı,{name}: নির্মাণ সম্পূর্ণ হয়েছে,{name}: будаўніцтва завершана,{name}: konstrksen i finis,{name}: ဆောက်လုပ်ရေးပြီးစီးပါပြီ,{name}: 建造完成,{name}: 建造完成,{name}: 建造完成,{name}: gradnja završena,{name}: výstavba dokončena,{name}: byggeri færdigt,{name}: bouw voltooid,{name}: ehitus lõpetatud,{name}: tapos na ang konstruksyon,{name}: rakennus valmis,{name}: construction terminée,{name}: მშენებლობა დასრულდა,{name}: Bau abgeschlossen,{name}: η κατασκευή ολοκληρώθηκε,{name}: બાંધકામ પૂર્ણ થયું,{name}: הבנייה הושלמה,{name}: निर्माण पूरा हुआ,{name}: az építkezés befejeződött,{name}: byggingu lokið,{name}: konstruksi selesai,{name}: costruzione completata,{name}: 建設が完了しました,{name}: ನಿರ್ಮಾಣ ಪೂರ್ಣಗೊಂಡಿದೆ,{name}: құрылыс аяқталды,{name}: ការសាងសង់បានបញ្ចប់,{name}: 건설 완료,{name}: курулуш аяктады,{name}: ການກໍ່ສ້າງສຳເລັດແລ້ວ,{name}: būvniecība pabeigta,{name}: statyba baigta,{name}: градбата е завршена,{name}: pembinaan selesai,{name}: നിർമ്മാണം പൂർത്തിയായി,{name}: बांधकाम पूर्ण झाले,{name}: барилга дууслаа,{name}: निर्माण पूरा भयो,{name}: konstruksjon fullført,{name}: ساخت‌وساز به پایان رسید,{name}: budowa zakończona,{name}: construção concluída,{name}: construção concluída,{name}: ਉਸਾਰੀ ਮੁਕੰਮਲ ਹੋ ਗਈ,{name}: construcția finalizată,{name}: строительство звершено,{name}: градња завршена,{name}: ඉදිකිරීම් සම්පූර්ණයි,{name}: výstavba dokončená,{name}: gradnja končana,Construcción de {name} finalizada,{name}: construcción finalizada,{name}: ujenzi umekamilika,{name}: konstruktion slutförd,{name}: கட்டுமானம் முடிந்தது,{name}: నిర్మాణం పూర్తయింది,{name}: сохтмон ба анҷом расид,{name}: การก่อสร้างเสร็จสมบูรณ์,{name}: gurluşyk tamamlandy,{name}: inşaat tamamlandı,{name}: төзелеш тәмамланды,{name}: будівництво завершено,{name}: تعمیر مکمل ہوگئی,{name}: qurilish tugallandi,{name}: xây dựng hoàn tất,{name}: ukwakha sekuqediwe
upgrade,Upgrade,Gradeer op,Яҡшыртыу,Нисъяран хьосташ,Përmirëso,አሻሽል,ترقية,Բարելավել,Təkmilləşdir,উন্নত করুন,Палепшыць,Apgraedem,အဆင့်မြှင့်ပါ,升級,升级,升級,Nadogradi,Vylepšit,Opgrader,Upgraden,Täienda,I-upgrade,Paranna,Améliorer,გაუმჯობესება,Verbessern,Αναβάθμιση,અપગ્રેડ કરો,שדרג,उन्नत करें,Fejlesztés,Uppfæra,Tingkatkan,Potenziamento,アップグレード,ಉನ್ನತೀಕರಿಸು,Жақсарту,ធ្វើឱ្យប្រសើរឡើង,업그레이드,Жакшыртуу,ຍົກລະດັບ,Uzlabot,Patobulinti,Надгради,Tingkatkan,നവീകരിക്കുക,उन्नत करा,Сайжруулах,उन्नत गर्नुहोस्,Oppgrader,ارتقاء,Ulepsz,Melhorar,Melhorar,ਅੱਪਗ੍ਰੇਡ ਕਰੋ,Modernizare,Улучшить,Надогради,වැඩි දියුණු කරන්න,Vylepšiť,Nadgradi,Mejorar,Mejorar,Boresha,Uppgradera,மேம்படுத்து,అప్గ్రేడ్ చేయండి,Беҳбуд бахшидан,อัปเกรด,Kämilleşdirmek,Yükselt,Яхшырту,Покращити,اپ گریڈ کریں,Yaxshilash,Nâng cấp,Thuthukisa
upgrade_resources,Upgrade resources,Hulpbronne vir opgradering,Яҡшыртыу өсөн ресурстар,{name}: {currentLevel} тайпе нисъяр чекхбаьлла,Burimet për përmirësim,ለማሻሻል ሀብቶች,موارد الترقية,Բարելավման ռեսուրսներ,Təkmilləşdirmə resursları,উন্নয়নের জন্য সম্পদ,Рэсурсы для паляпшэння,Resos blong apgraedem,အဆင့်မြှင့်ရန် အရင်းအမြစ်များ,升級資源,升级资源,升級資源,Resursi za nadogradnju,Zdroje pro vylepšení,Ressourcer til opgradering,Grondstoffen voor upgrade,Täiendamise ressursid,Mga mapagkukunan para sa upgrade,Parannuksen resurssit,Ressources pour l'amélioration,რესურსები გაუმჯობესებისთვის,Ressourcen für Verbesserung,Πόροι για αναβάθμιση,અપગ્રેડ માટે સંસાધનો,משאבים לשדרוג,उन्नयन के लिए संसाधन,Fejlesztési erőforrások,Auðlindir fyrir uppfærslu,Sumber daya untuk peningkatan,Risorse per il potenziamento,アップグレード資源,ಉನ್ನತೀಕರಣಕ್ಕಾಗಿ ಸಂಪನ್ಮೂಲಗಳು,Жақсартуға арналған ресурстар,ធនធានសម្រាប់ការធ្វើឱ្យប្រសើរឡើង,업그레이드 자원,Жакшыртуу үчүн ресурстар,ຊັບພະຍາກອນສຳລັບການຍົກລະດັບ,Resursi uzlabošanai,Ištekliai patobulinimui,Ресурси за надградба,Sumber untuk peningkatan,നവീകരണത്തിനുള്ള വിഭവങ്ങൾ,उन्नतीसाठी संसाधने,Сайжруулах нөөц,उन्नतिको लागि स्रोतहरू,Ressurser for oppgradering,منابع برای ارتقاء,Zasoby do ulepszenia,Recursos para melhoria,Recursos para melhoria,ਅੱਪਗ੍ਰੇਡ ਲਈ ਸਰੋਤ,Resurse pentru modernizare,Ресурсы для улучшения,Ресурси за надоградњу,වැඩි දියුණු කිරීම සඳහා සම්පත්,Zdroje na vylepšenie,Viri za nadgradnjo,Recursos para mejora,Recursos de mejora,Rasilimali za kuboresha,Resurser för uppgradering,மேம்படுத்துவதற்கான வளங்கள்,అప్గ్రేడ్ కోసం వనరులు,Захираҳо барои беҳбуд,ทรัพยากรสำหรับการอัปเกรด,Kämilleşdirmek üçin çeşmeler,Yükseltme kaynakları,Яхшырту өчен ресурслар,Ресурси для покращення,اپ گریڈ کے لیے وسائل,Yaxshilash uchun resurslar,Tài nguyên để nâng cấp,Izinsiza zokuthuthukisa
upgrade_finished,{name} has been upgraded to level {currentLevel},{name}: opgegradeer na vlak {currentLevel},{name}: {currentLevel} кимәленә яҡшыртылды,ХӀоттамийн,{name}: përmirësuar në nivelin {currentLevel},{name}: ወደ ደረጃ {currentLevel} ተሻሽሏል,{name}: تمت الترقية إلى المستوى {currentLevel},{name}: բարելավվել է մինչև {currentLevel} մակարդակ,{name}: {currentLevel} səviyyəsinə təkmilləşdirildi,{name}: {currentLevel} স্তরে উন্নত হয়েছে,{name}: палепшана да ўзроўню {currentLevel},{name}: i go long level {currentLevel},{name}: အဆင့် {currentLevel} သို့ အဆင့်မြှင့်ပြီးပါပြီ,{name}: 已升級至等級 {currentLevel},{name}: 已升级至等级 {currentLevel},{name}: 已升級至等級 {currentLevel},{name}: nadograđen na razinu {currentLevel},{name}: vylepšeno na úroveň {currentLevel},{name}: opgraderet til niveau {currentLevel},{name}: geüpgraded naar niveau {currentLevel},{name}: täiendatud tasemele {currentLevel},{name}: na-upgrade sa antas {currentLevel},{name}: parannus tasolle {currentLevel} valmis,{name}: amélioration au niveau {currentLevel} terminée,{name}: გაუმჯობესდა {currentLevel} დონემდე,{name}: auf Stufe {currentLevel} verbessert,{name}: αναβαθμίστηκε στο επίπεδο {currentLevel},{name}: સ્તર {currentLevel} પર અપગ્રેડ થયું,{name}: שודרג לרמה {currentLevel},{name}: स्तर {currentLevel} पर उन्नत किया गया,{name}: fejlesztve {currentLevel} szintre,{name}: uppfært á stig {currentLevel},{name}: ditingkatkan ke level {currentLevel},{name}: potenziato al livello {currentLevel},{name}: レベル {currentLevel} にアップグレードしました,{name}: ಮಟ್ಟ {currentLevel} ಗೆ ಉನ್ನತೀಕರಿಸಲಾಗಿದೆ,{name}: {currentLevel} деңгейіне жақсартылды,{name}: ត្រូវបានធ្វើឱ្យប្រសើរឡើងដល់កម្រិត {currentLevel},{name}: 레벨 {currentLevel}로 업그레이드됨,{name}: {currentLevel} денгээлине жакшыртылды,{name}: ຍົກລະດັບເປັນລະດັບ {currentLevel},{name}: uzlabots līdz {currentLevel} līmenim,{name}: patobulintas iki {currentLevel} lygio,{name}: надграден на ниво {currentLevel},{name}: ditingkatkan ke tahap {currentLevel},{name}: ലെവൽ {currentLevel} ലേക്ക് നവീകരിച്ചു,{name}: स्तर {currentLevel} वर उन्नत केले,{name}: {currentLevel} түвшинд сайжруулагдлаа,{name}: स्तर {currentLevel} मा उन्नत गरियो,{name}: oppgradert til nivå {currentLevel},{name}: به سطح {currentLevel} ارتقاء یافت,{name}: ulepszony do poziomu {currentLevel},{name}: melhorado para o nível {currentLevel},{name}: melhorado para o nível {currentLevel},{name}: ਪੱਧਰ {currentLevel} ਤੱਕ ਅੱਪਗ੍ਰੇਡ ਕੀਤਾ ਗਿਆ,{name}: modernizat la nivelul {currentLevel},{name}: улучшение до уровня {currentLevel} завершено,{name}: надограђен на ниво {currentLevel},{name}: මට්ටම {currentLevel} දක්වා වැඩි දියුණු කරන ලදි,{name}: vylepšené na úroveň {currentLevel},{name}: nadgrajeno na stopnjo {currentLevel},{name} ha sido mejorado al nivel {currentLevel},{name}: mejorado al nivel {currentLevel},{name}: imeboreshwa hadi kiwango {currentLevel},{name}: uppgraderad till nivå {currentLevel},{name}: நிலை {currentLevel} க்கு மேம்படுத்தப்பட்டது,{name}: స్థాయి {currentLevel} కు అప్గ్రేడ్ చేయబడింది,{name}: ба сатҳи {currentLevel} беҳбуд дода шуд,{name}: อัปเกรดเป็นเลเวล {currentLevel} แล้ว,{name}: {currentLevel} derejä kämilleşdirildi,{name}: {currentLevel} seviyesine yükseltildi,{name}: {currentLevel} дәрәҗәсенә яхшыртылды,{name}: покращено до рівня {currentLevel},{name}: لیول {currentLevel} پر اپ گریڈ ہوگیا,{name}: {currentLevel} darajaga yaxshilandi,{name}: đã nâng cấp lên cấp độ {currentLevel},{name}: ithuthukiswe yaya ezingeni {currentLevel}
settings,Settings,Instellings,Көйләүҙәр,FPS-лоппург,Cilësimet,ቅንጅቶች,الإعدادات,Կարգավորումներ,Parametrlər,সেটিংস,Налады,Seting,ဆက်တင်များ,設定,设置,設定,Postavke,Nastavení,Indstillinger,Instellingen,Seaded,Mga setting,Asetukset,Paramètres,პარამეტრები,Einstellungen,Ρυθμίσεις,સેટિંગ્સ,הגדרות,सेटिंग्स,Beállítások,Stillingar,Pengaturan,Impostazioni,設定,ಸೆಟ್ಟಿಂಗ್ಗಳು,Параметрлер,ការកំណត់,설정,Орнотуулар,ການຕັ້ງຄ່າ,Iestatījumi,Nustatymai,Поставки,Tetapan,ക്രമീകരണങ്ങൾ,सेटिंग्ज,Тохиргоо,सेटिङहरू,Innstillinger,تنظیمات,Ustawienia,Configurações,Definições,ਸੈਟਿੰਗਾਂ,Setări,Настройки,Подешавања,සැකසුම්,Nastavenia,Nastavitve,Ajustes,Ajustes,Mipangilio,Inställningar,அமைப்புகள்,సెట్టింగ్లు,Танзимот,การตั้งค่า,Sazlamalar,Ayarlar,Көйләүләр,Налаштування,ترتیبات,Sozlamalar,Cài đặt,Izilungiselelo
settings_fps_counter,FPS counter,FPS-teller,FPS иҫәпләгес,FPS-доза,Numëruesi i FPS,የFPS ቆጣሪ,عداد الإطارات في الثانية,FPS հաշվիչ,FPS sayğacı,এফপিএস কাউন্টার,Лічыльнік FPS,FPS kaunta,FPS ရေတွက်ကိရိယာ,FPS 計數器,FPS 计数器,FPS 計數器,FPS brojač,Počítadlo FPS,FPS-tæller,FPS-teller,FPS-lugeja,FPS counter,FPS-laskuri,Compteur FPS,FPS მრიცხველი,FPS-Zähler,Μετρητής FPS,FPS કાઉન્ટર,מונה FPS,FPS काउंटर,FPS-számláló,FPS-teljari,Penghitung FPS,Contatore FPS,FPSカウンター,FPS ಕೌಂಟರ್,FPS есептегіш,កម្មវិធីរាប់ FPS,FPS 카운터,FPS эсептегич,ຕົວນັບ FPS,FPS skaitītājs,FPS skaitiklis,FPS бројач,Pembilang FPS,എഫ്പിഎസ് കൗണ്ടർ,FPS काउंटर,FPS тоолуур,FPS काउन्टर,FPS-teller,شمارنده FPS,Licznik FPS,Contador de FPS,Contador de FPS,FPS ਕਾਊਂਟਰ,Contor FPS,Счётчик FPS,FPS бројач,FPS ගණකය,Počítadlo FPS,Števec FPS,Contador de FPS,Contador de FPS,Kipimo cha FPS,FPS-räknare,FPS கவுண்டர்,FPS కౌంటర్,Ҳисобкунаки FPS,ตัวนับ FPS,FPS hasaplaýjy,FPS sayacı,FPS санагыч,Лічильник FPS,FPS کاؤنٹر,FPS hisoblagichi,Bộ đếm FPS,Isibali se-FPS
settings_fps_limit,FPS limit,FPS-limiet,FPS сикләүе,Хьоз,Kufiri i FPS,የFPS ገደብ,حد الإطارات في الثانية,FPS սահմանափակում,FPS limiti,এফপিএস সীমা,Ліміт FPS,FPS limit,FPS ကန့်သတ်ချက်,FPS 限制,FPS 限制,FPS 限制,FPS ograničenje,Omezení FPS,FPS-grænse,FPS-limiet,FPS-i piirang,Limitasyon ng FPS,FPS-rajoitus,Limite FPS,FPS ლიმიტი,FPS-Limit,Όριο FPS,FPS મર્યાદા,הגבלת FPS,FPS सीमा,FPS-korlát,FPS-takmörk,Batas FPS,Limite FPS,FPS制限,FPS ಮಿತಿ,FPS шегі,ដែនកំណត់ FPS,FPS 제한,FPS чеги,ຂີດຈຳກັດ FPS,FPS ierobežojums,FPS riba,FPS ограничување,Had FPS,എഫ്പിഎസ് പരിധി,FPS मर्यादा,FPS хязгаар,FPS सीमा,FPS-grense,محدودیت FPS,Limit FPS,Limite de FPS,Limite de FPS,FPS ਸੀਮਾ,Limită FPS,Лимит FPS,FPS ограничење,FPS සීමාව,Obmedzenie FPS,Omejitev FPS,Límite de FPS,Límite de FPS,Kikomo cha FPS,FPS-gräns,FPS வரம்பு,FPS పరిమితి,Маҳдудияти FPS,ขีดจำกัด FPS,FPS çägi,FPS sınırı,FPS чикләве,Ліміт FPS,FPS حد,FPS chegarasi,Giới hạn FPS,Umkhawulo we-FPS
settings_sound,Sound,Klank,Тауыш,Эшар,Zëri,ድምጽ,الصوت,Ձայն,Səs,শব্দ,Гук,Saon,အသံ,音效,音效,音效,Zvuk,Zvuk,Lyd,Geluid,Heli,Tunog,Äänet,Son,ხმა,Sound,Ήχος,અવાજ,קול,ध्वनि,Hang,Hljóð,Suara,Audio,サウンド,ಶಬ್ದ,Дыбыс,សំឡេង,음향,Үн,ສຽງ,Skaņa,Garsas,Звук,Bunyi,ശബ്ദം,आवाज,Дуу,ध्वनि,Lyd,صدا,Dźwięk,Som,Som,ਆਵਾਜ਼,Sunet,Звук,Звук,ශබ්දය,Zvuk,Zvok,Sonido,Sonido,Sauti,Ljud,ஒலி,ధ్వని,Садо,เสียง,Ses,Ses,Тавыш,Звук,آواز,Ovoz,Âm thanh,Umsindo
settings_music,Music,Musiek,Музыка,Белхалой,Muzika,ሙዚቃ,الموسيقى,Երաժշտություն,Musiqi,সঙ্গীত,Музыка,Myusik,ဂီတ,音樂,音乐,音樂,Glazba,Hudba,Musik,Muziek,Muusika,Musika,Musiikki,Musique,მუსიკა,Musik,Μουσική,સંગીત,מוזיקה,संगीत,Zene,Tónlist,Musik,Musica,音楽,ಸಂಗೀತ,Музыка,តន្ត្រី,음악,Музыка,ເພງ,Mūzika,Muzika,Музика,Muzik,സംഗീതം,संगीत,Хөгжим,संगीत,Musikk,موسیقی,Muzyka,Música,Música,ਸੰਗੀਤ,Muzică,Музыка,Музика,සංගීතය,Hudba,Glasba,Música,Música,Muziki,Musik,இசை,సంగీతం,Мусиқӣ,เพลง,Saz,Müzik,Музыка,Музика,موسیقی,Musiqa,Nhạc,Umculo
workers,Workers,Werkers,Эшселәр,Белхалой харжа,Punëtorët,ሰራተኞች,العمال,Աշխատողներ,İşçilər,কর্মী,Працоўныя,Wokman,အလုပ်သမားများ,工人,工人,工人,Radnici,Pracovníci,Arbejdere,Werknemers,Töölised,Mga manggagawa,Työläiset,Travailleurs,მუშები,Arbeiter,Εργάτες,કામદારો,עובדים,कर्मचारी,Munkások,Verkamenn,Pekerja,Lavoratori,労働者,ಕಾರ್ಮಿಕರು,Жұмысшылар,កម្មករ,일꾼,Жумушчулар,ຜູ້ອອກແຮງງານ,Strādnieki,Darbininkai,Работници,Pekerja,തൊഴിലാളികൾ,कामगार,Ажилчид,कामदारहरू,Arbeidere,کارگران,Robotnicy,Trabalhadores,Trabalhadores,ਕਾਮੇ,Muncitori,Рабочие,Радници,කම්කරුවන්,Pracovníci,Delavci,Trabajadores,Trabajadores,Wafanyakazi,Arbetare,தொழிலாளர்கள்,కార్మికులు,Коргарон,คนงาน,Işçiler,İşçiler,Эшчеләр,Робітники,مزدور,Ishchilar,Công nhân,Abasebenzi
workers_select,Select workers,Kies werkers,Эшселәр һайлау,Карара белхалой,Zgjidh punëtorët,ሰራተኞችን ምረጥ,اختيار العمال,Ընտրել աշխատողներին,İşçiləri seç,কর্মী নির্বাচন করুন,Выбраць працоўных,Pikim wokman,အလုပ်သမားများရွေးပါ,選擇工人,选择工人,選擇工人,Odaberi radnike,Vybrat pracovníky,Vælg arbejdere,Werknemers selecteren,Vali töölised,Pumili ng mga manggagawa,Valitse työläiset,Choisir les travailleurs,აირჩიე მუშები,Arbeiter auswählen,Επιλογή εργατών,કામદારો પસંદ કરો,בחר עובדים,कर्मचारी चुनें,Munkások kiválasztása,Veldu verkamenn,Pilih pekerja,Seleziona lavoratori,労働者を選択,ಕಾರ್ಮಿಕರನ್ನು ಆಯ್ಕೆಮಾಡಿ,Жұмысшыларды таңдау,ជ្រើសរើសកម្មករ,일꾼 선택,Жумушчуларды тандоо,ເລືອກຜູ້ອອກແຮງງານ,Izvēlēties strādniekus,Pasirinkti darbininkus,Избери работници,Pilih pekerja,തൊഴിലാളികളെ തിരഞ്ഞെടുക്കുക,कामगार निवडा,Ажилчдыг сонгох,कामदारहरू चयन गर्नुहोस्,Velg arbeidere,انتخاب کارگران,Wybierz robotników,Selecionar trabalhadores,Selecionar trabalhadores,ਕਾਮੇ ਚੁਣੋ,Selectează muncitorii,Выбор рабочих,Изабери раднике,කම්කරුවන් තෝරන්න,Vybrať pracovníkov,Izberite delavce,Seleccionar trabajadores,Seleccionar trabajadores,Chagua wafanyakazi,Välj arbetare,தொழிலாளர்களைத் தேர்ந்தெடு,కార్మికులను ఎంచుకోండి,Коргаронро интихоб кунед,เลือกคนงาน,Işçileri saýlaň,İşçi seç,Эшчеләр сайлау,Вибрати робітників,مزدور منتخب کریں,Ishchilarni tanlash,Chọn công nhân,Khetha abasebenzi
workers_current,Current workers,Huidige werkers,Хәҙерге эшселәр,Белхаш болу бахархой,Punëtorët aktualë,አሁን ያሉ ሰራተኞች,العمال الحاليون,Ընթացիկ աշխատողներ,Cari işçilər,বর্তমান কর্মী,Бягучыя працоўныя,Wokman nau,လက်ရှိအလုပ်သမားများ,當前工人,当前工人,當前工人,Trenutni radnici,Aktuální pracovníci,Nuværende arbejdere,Huidige werknemers,Praegused töölised,Kasalukuyang mga manggagawa,Nykyiset työläiset,Travailleurs actuels,მიმდინარე მუშები,Aktuelle Arbeiter,Τρέχοντες εργάτες,વર્તમાન કામદારો,עובדים נוכחיים,वर्तमान कर्मचारी,Jelenlegi munkások,Núverandi verkamenn,Pekerja saat ini,Lavoratori attuali,現在の労働者,ಪ್ರಸ್ತುತ ಕಾರ್ಮಿಕರು,Ағымдағы жұмысшылар,កម្មករបច្ចុប្បន្ន,현재 일꾼,Учурдагы жумушчулар,ຜູ້ອອກແຮງງານປັດຈຸບັນ,Pašreizējie strādnieki,Esami darbininkai,Тековни работници,Pekerja semasa,നിലവിലെ തൊഴിലാളികൾ,सध्याचे कामगार,Одоогийн ажилчид,हालका कामदारहरू,Nåværende arbeidere,کارگران فعلی,Obecni robotnicy,Trabalhadores atuais,Trabalhadores atuais,ਮੌਜੂਦਾ ਕਾਮੇ,Muncitori actuali,Текущие рабочие,Тренутни радници,වත්මන් කම්කරුවන්,Aktuálni pracovníci,Trenutni delavci,Trabajadores actuales,Trabajadores actuales,Wafanyakazi wa sasa,Nuvarande arbetare,தற்போதைய தொழிலாளர்கள்,ప్రస్తుత కార్మికులు,Коргарони ҷорӣ,คนงานปัจจุบัน,Häzirki işçiler,Mevcut işçiler,Хәзерге эшчеләр,Поточні робітники,موجودہ مزدور,Joriy ishchilar,Công nhân hiện tại,Abasebenzi bamanje
workers_employed,Employed residents,Inwoners met werk,Эшле йәшәүселәр,Белхаш боцу бахархой,Banorët e punësuar,ተቀጣሪ ነዋሪዎች,المقيمون العاملون,Աշխատող բնակիչներ,Çalışan sakinlər,নিযুক্ত বাসিন্দা,Працуючыя жыхары,Man blong taon i gat wok,အလုပ်ခန့်ထားသော နေထိုင်သူများ,就業居民,就业居民,就業居民,Zaposleni stanovnici,Zaměstnaní obyvatelé,Beskaftigede beboere,Werkende bewoners,Töötavad elanikud,Mga residenteng may trabaho,Työllistetyt asukkaat,Résidents employés,დასაქმებული მკვიდრები,Beschäftigte Bewohner,Απασχολούμενοι κάτοικοι,નોકરીયાત રહેવાસીઓ,תושבים מועסקים,नियोजित निवासी,Foglalkoztatott lakosok,Starfandi íbúar,Penghuni yang bekerja,Residenti occupati,就業中の住人,ಉದ್ಯೋಗಿಗಳಾಗಿರುವ ನಿವಾಸಿಗಳು,Жұмыспен қамтылған тұрғындар,អ្នករស់នៅដែលមានការងារធ្វើ,취업 중인 주민,Жумуштуу тургундар,ຜູ້ອາໄສທີ່ມີວຽກເຮັດ,Nodarbinātie iedzīvotāji,Dirbantys gyventojai,Вработени жители,Penduduk yang bekerja,ജോലിയുള്ള താമസക്കാർ,नोकरी असलेले रहिवासी,Ажилтай оршин суугчид,रोजगारी भएका बासिन्दाहरू,Ansatte beboere,ساکنان شاغل,Zatrudnieni mieszkańcy,Residentes empregados,Residentes empregados,ਨੌਕਰੀ ਵਾਲੇ ਵਸਨੀਕ,Rezidenți angajați,Рабочие жители,Запослени становници,රැකියා කරන පදිංචිකරුවන්,Zamestnaní obyvatelia,Zaposleni prebivalci,Habitantes empleados,Residentes empleados,Wakazi walioajiriwa,Anställda invånare,பணியில் உள்ள குடியிருப்பாளர்கள்,ఉద్యోగం చేస్తున్న నివాసితులు,Сокинони корӣ,ผู้อยู่อาศัยที่มีงานทำ,Işleýän ýaşaýjylar,Çalışan sakinler,Эшле яшәүчеләр,Працевлаштовані мешканці,ملازم رہائشی,Ishlaydigan aholi,Cư dân có việc làm,Izakhamuzi eziqashiwe
workers_unemployed,Unemployed residents,Werkloze inwoners,Эшһеҙ йәшәүселәр,ГӀалахь белхаш болу бахархой бац,Banorët e papunë,ስራ አጥ ነዋሪዎች,المقيمون العاطلون عن العمل,Գործազուրկ բնակիչներ,İşsiz sakinlər,বেকার বাসিন্দা,Безпрацоўныя жыхары,Man blong taon i no gat wok,အလုပ်လက်မဲ့ နေထိုင်သူများ,失業居民,失业居民,失業居民,Nezaposleni stanovnici,Nezaměstnaní obyvatelé,Arbejdsløse beboere,Werkloze bewoners,Töötud elanikud,Mga residenteng walang trabaho,Työttömät asukkaat,Résidents au chômage,უმუშევარი მკვიდრები,Arbeitslose Bewohner,Άνεργοι κάτοικοι,બેરોજગાર રહેવાસીઓ,תושבים מובטלים,बेरोजगार निवासी,Munkanélküli lakosok,Atvinnulausir íbúar,Penghuni menganggur,Residenti disoccupati,失業中の住人,ನಿರುದ್ಯೋಗಿ ನಿವಾಸಿಗಳು,Жұмыссыз тұрғындар,អ្នករស់នៅគ្មានការងារធ្វើ,실업 중인 주민,Жумушсуз тургундар,ຜູ້ອາໄສທີ່ຫວ່າງງານ,Bezdarbnieki,Bedarbiai gyventojai,Невработени жители,Penduduk menganggur,തൊഴിലില്ലാത്ത താമസക്കാർ,बेरोजगार रहिवासी,Ажилгүй оршин суугчид,बेरोजगार बासिन्दाहरू,Arbeidsledige beboere,ساکنان بیکار,Bezrobotni mieszkańcy,Residentes desempregados,Residentes desempregados,ਬੇਰੁਜ਼ਗਾਰ ਵਸਨੀਕ,Rezidenți șomeri,Безработные жители,Незапослени становници,විරැකියාවෙන් සිටින පදිංචිකරුවන්,Nezamestnaní obyvatelia,Brezposelni prebivalci,Habitantes desempleados,Residentes desempleados,Wakazi wasio na kazi,Arbetslösa invånare,வேலை இல்லாத குடியிருப்பாளர்கள்,నిరుద్యోగ నివాసితులు,Сокинони бекор,ผู้อยู่อาศัยที่ว่างงาน,Işsiz ýaşaýjylar,İşsiz sakinler,Эшсез яшәүчеләр,Безробітні мешканці,بے روزگار رہائشی,Ishsiz aholi,Cư dân thất nghiệp,Izakehamuzi ezingasebenzi
workers_no_employed,There are no employed residents in the city,Daar is geen inwoners met werk in die stad nie,Ҡалала эшле йәшәүселәр юҡ,ГӀалахь белхаш боцу бахархой бац,Nuk ka banorë të punësuar në qytet,በከተማው ውስጥ ተቀጣሪ ነዋሪዎች የሉም,لا يوجد مقيمون عاملون في المدينة,Քաղաքում աշխատող բնակիչներ չկան,Şəhərdə çalışan sakin yoxdur,শহরে নিযুক্ত বাসিন্দা নেই,У горадзе няма працуючых жыхароў,I no gat man blong taon i gat wok long taon,မြို့တွင် အလုပ်ခန့်ထားသော နေထိုင်သူမရှိပါ,城市中沒有就業居民,城市中没有就业居民,城市中沒有就業居民,U gradu nema zaposlenih stanovnika,Ve městě nejsou žádní zaměstnaní obyvatelé,Der er ingen beskaftigede beboere i byen,Er zijn geen werkende bewoners in de stad,Linnas pole töötavaid elanikke,Walang mga residenteng may trabaho sa lungsod,Kaupungissa ei ole työllistettyjä asukkaita,Il n'y a pas de résidents employés en ville,ქალაქში დასაქმებული მკვიდრები არ არიან,Es gibt keine beschäftigten Bewohner in der Stadt,Δεν υπάρχουν απασχολούμενοι κάτοικοι στην πόλη,શહેરમાં નોકરીયાત રહેવાસીઓ નથી,אין תושבים מועסקים בעיר,शहर में कोई नियोजित निवासी नहीं हैं,Nincsenek foglalkoztatott lakosok a városban,Það eru engir starfandi íbúar í borginni,Tidak ada penghuni yang bekerja di kota,Non ci sono residenti occupati in città,都市には就業中の住人がいません,ನಗರದಲ್ಲಿ ಉದ್ಯೋಗಿಗಳಾಗಿರುವ ನಿವಾಸಿಗಳಿಲ್ಲ,Қалада жұмыспен қамтылған тұрғындар жоқ,មិនមានអ្នករស់នៅដែលមានការងារធ្វើនៅក្នុងទីក្រុងទេ,도시에 취업 중인 주민이 없습니다,Шаарда жумуштуу тургундар жок,ບໍ່ມີຜູ້ອາໄສທີ່ມີວຽກເຮັດຢູ່ໃນເມືອງ,Pilsētā nav nodarbināto iedzīvotāju,Mieste nėra dirbančių gyventojų,Нема вработени жители во градот,Tiada penduduk yang bekerja di bandar,നഗരത്തിൽ ജോലിയുള്ള താമസക്കാരില്ല,शहरात नोकरी असलेले रहिवासी नाहीत,Хотод ажилтай оршин суугч байхгүй,सहरमा रोजगारी भएका बासिन्दाहरू छैनन्,Det er ingen ansatte beboere i byen,هیچ ساکن شاغلی در شهر وجود ندارد,W mieście nie ma zatrudnionych mieszkańców,Não há residentes empregados na cidade,Não há residentes empregados na cidade,ਸ਼ਹਿਰ ਵਿੱਚ ਨੌਕਰੀ ਵਾਲੇ ਵਸਨੀਕ ਨਹੀਂ ਹਨ,Nu există rezidenți angajați în oraș,В городе нет работающих жителей,Нема запослених становника у граду,නගරයේ රැකියා කරන පදිංචිකරුවන් නැත,V meste nie sú žiadni zamestnaní obyvatelia,V mestu ni zaposlenih prebivalcev,No hay habitantes empleados en la ciudad,No hay residentes empleados en la ciudad,Hakuna wakazi walioajiriwa katika mji,Det finns inga anställda invånare i staden,நகரத்தில் பணியில் உள்ள குடியிருப்பாளர்கள் இல்லை,నగరంలో ఉద్యోగం చేస్తున్న నివాసితులు లేరు,Дар шаҳр сокинони корӣ вуҷуд надоранд,ไม่มีผู้อยู่อาศัยที่มีงานทำในเมือง,Şäherde işleýän ýaşaýjy ýok,Şehirde çalışan sakin yok,Шәһәрдә эшле яшәүчеләр юк,У місті немає працевлаштованих мешканців,شہر میں کوئی ملازم رہائشی نہیں ہیں,Shaharda ishlaydigan aholi yo‘q,Không có cư dân có việc làm trong thành phố,Awekho amakhamuzi aqashiwe edolobheni
workers_no_unemployed,There are no unemployed residents in the city,Daar is geen werkloze inwoners in die stad nie,Ҡалала эшһеҙ йәшәүселәр юҡ,Йоттаран хьосташ,Nuk ka banorë të papunë në qytet,በከተማው ውስጥ ስራ አጥ ነዋሪዎች የሉም,لا يوجد مقيمون عاطلون عن العمل في المدينة,Քաղաքում գործազուրկ բնակիչներ չկան,Şəhərdə işsiz sakin yoxdur,শহরে বেকার বাসিন্দা নেই,У горадзе няма безпрацоўных жыхароў,I no gat man blong taon i no gat wok long taon,မြို့တွင် အလုပ်လက်မဲ့ နေထိုင်သူမရှိပါ,城市中沒有失業居民,城市中没有失业居民,城市中沒有失業居民,U gradu nema nezaposlenih stanovnika,Ve městě nejsou žádní nezaměstnaní obyvatelé,Der er ingen arbejdsløse beboere i byen,Er zijn geen werkloze bewoners in de stad,Linnas pole töötuid elanikke,Walang mga residenteng walang trabaho sa lungsod,Kaupungissa ei ole työttömiä asukkaita,Il n'y a pas de résidents au chômage en ville,ქალაქში უმუშევარი მკვიდრები არ არიან,Es gibt keine arbeitslosen Bewohner in der Stadt,Δεν υπάρχουν άνεργοι κάτοικοι στην πόλη,શહેરમાં બેરોજગાર રહેવાસીઓ નથી,אין תושבים מובטלים בעיר,शहर में कोई बेरोजगार निवासी नहीं हैं,Nincsenek munkanélküli lakosok a városban,Það eru engir atvinnulausir íbúar í borginni,Tidak ada penghuni menganggur di kota,Non ci sono residenti disoccupati in città,都市には失業中の住人がいません,ನಗರದಲ್ಲಿ ನಿರುದ್ಯೋಗಿ ನಿವಾಸಿಗಳಿಲ್ಲ,Қалада жұмыссыз тұрғындар жоқ,មិនមានអ្នករស់នៅគ្មានការងារធ្វើនៅក្នុងទីក្រុងទេ,도시에 실업 중인 주민이 없습니다,Шаарда жумушсуз тургундар жок,ບໍ່ມີຜູ້ອາໄສທີ່ຫວ່າງງານຢູ່ໃນເມືອງ,Pilsētā nav bezdarbnieku,Mieste nėra bedarbių gyventojų,Нема невработени жители во градот,Tiada penduduk menganggur di bandar,നഗരത്തിൽ തൊഴിലില്ലാത്ത താമസക്കാരില്ല,शहरात बेरोजगार रहिवासी नाहीत,Хотод ажилгүй оршин суугч байхгүй,सहरमा बेरोजगार बासिन्दाहरू छैनन्,Det er ingen arbeidsledige beboere i byen,هیچ ساکن بیکاری در شهر وجود ندارد,W mieście nie ma bezrobotnych mieszkańców,Não há residentes desempregados na cidade,Não há residentes desempregados na cidade,ਸ਼ਹਿਰ ਵਿੱਚ ਬੇਰੁਜ਼ਗਾਰ ਵਸਨੀਕ ਨਹੀਂ ਹਨ,Nu există rezidenți șomeri în oraș,В городе нет безработных жителей,Нема незапослених становника у граду,නගරයේ විරැකියාවෙන් සිටින පදිංචිකරුවන් නැත,V meste nie sú žiadni nezamestnaní obyvatelia,V mestu ni brezposelnih prebivalcev,No hay habitantes desempleados en la ciudad,No hay residentes desempleados en la ciudad,Hakuna wakazi wasio na kazi katika mji,Det finns inga arbetslösa invånare i staden,நகரத்தில் வேலை இல்லாத குடியிருப்பாளர்கள் இல்லை,నగరంలో నిరుద్యోగ నివాసితులు లేరు,Дар шаҳр сокинони бекор вуҷуд надоранд,ไม่มีผู้อยู่อาศัยที่ว่างงานในเมือง,Şäherde işsiz ýaşaýjy ýok,Şehirde işsiz sakin yok,Шәһәрдә эшсез яшәүчеләр юк,У місті немає безробітних мешканців,شہر میں کوئی بے روزگار رہائشی نہیں ہیں,Shaharda ishsiz aholi yo‘q,Không có cư dân thất nghiệp trong thành phố,Awekho amakhamuzi angasebenzi edolobheni
build_resources,Resources to build,Hulpbronne om te bou,Төҙөү өсөн ресурстар,Йоттаран хан: {buildTime},Burimet për të ndërtuar,ለመገንባት የሚያስፈልጉ ሀብቶች,الموارد اللازمة للبناء,Կառուցելու ռեսուրսներ,Tikmək üçün resurslar,নির্মাণের জন্য সম্পদ,Рэсурсы для пабудовы,Resos blong bildim,ဆောက်ရန် အရင်းအမြစ်များ,建造所需資源,建造所需资源,建造所需資源,Resursi za izgradnju,Zdroje pro stavbu,Ressourcer til at bygge,Grondstoffen om te bouwen,Ehitamise ressursid,Mga mapagkukunan upang itayo,Rakennuksen resurssit,Ressources pour la construction,რესურსები ასაშენებლად,Ressourcen zum Bauen,Πόροι για κατασκευή,બનાવવા માટે સંસાધનો,משאבים לבנייה,बनाने के लिए संसाधन,Építési erőforrások,Auðlindir til að byggja,Sumber daya untuk membangun,Risorse per costruire,建設に必要な資源,ನಿರ್ಮಿಸಲು ಸಂಪನ್ಮೂಲಗಳು,Құрылысқа арналған ресурстар,ធនធានសម្រាប់សាងសង់,건설 자원,Куруу үчүн ресурстар,ຊັບພະຍາກອນສຳລັບການສ້າງ,Resursi būvniecībai,Ištekliai statybai,Ресурси за градење,Sumber untuk membina,നിർമ്മിക്കാനുള്ള വിഭവങ്ങൾ,बांधण्यासाठी संसाधने,Барих нөөц,निर्माण गर्न स्रोतहरू,Ressurser for å bygge,منابع برای ساخت,Zasoby do budowy,Recursos para construir,Recursos para construir,ਬਣਾਉਣ ਲਈ ਸਰੋਤ,Resurse pentru construcție,Ресурсы для постройки,Ресурси за градњу,ඉදිකිරීම සඳහා සම්පත්,Zdroje na stavbu,Viri za gradnjo,Recursos para construir,Recursos para construir,Rasilimali za kujenga,Resurser att bygga,கட்டுவதற்கான வளங்கள்,నిర్మించడానికి వనరులు,Захираҳо барои сохтмон,ทรัพยากรสำหรับการก่อสร้าง,Gurmak üçin çeşmeler,İnşa etmek için kaynaklar,Төзү өчен ресурслар,Ресурси для будівництва,تعمیر کے لیے وسائل,Qurish uchun resurslar,Tài nguyên để xây dựng,Izinsiza zokwakha
build_time,Build time: {buildTime},Boutyd: {buildTime},Төҙөлөш ваҡыты: {buildTime},Йоттархойн энерги,Koha e ndërtimit: {buildTime},የግንባታ ጊዜ: {buildTime},وقت البناء: {buildTime},Կառուցման ժամանակը: {buildTime},Tikinti vaxtı: {buildTime},নির্মাণ সময়: {buildTime},Час будаўніцтва: {buildTime},Taem blong bildim: {buildTime},ဆောက်လုပ်ချိန်: {buildTime},建造時間: {buildTime},建造时间: {buildTime},建造時間: {buildTime},Vrijeme gradnje: {buildTime},Doba výstavby: {buildTime},Byggetid: {buildTime},Bouwtijd: {buildTime},Ehitusaeg: {buildTime},Oras ng pagtatayo: {buildTime},Rakennusaika: {buildTime},Temps de construction: {buildTime},მშენებლობის დრო: {buildTime},Bauzeit: {buildTime},Χρόνος κατασκευής: {buildTime},બાંધકામ સમય: {buildTime},זמן בנייה: {buildTime},निर्माण समय: {buildTime},Építési idő: {buildTime},Byggingartími: {buildTime},Waktu pembangunan: {buildTime},Tempo di costruzione: {buildTime},建設時間: {buildTime},ನಿರ್ಮಾಣ ಸಮಯ: {buildTime},Құрылыс уақыты: {buildTime},ពេលវេលាសាងសង់: {buildTime},건설 시간: {buildTime},Куруу убактысы: {buildTime},ເວລາກໍ່ສ້າງ: {buildTime},Būvniecības laiks: {buildTime},Statybos laikas: {buildTime},Време за градење: {buildTime},Masa pembinaan: {buildTime},നിർമ്മാണ സമയം: {buildTime},बांधकाम वेळ: {buildTime},Барилгын хугацаа: {buildTime},निर्माण समय: {buildTime},Byggetid: {buildTime},زمان ساخت: {buildTime},Czas budowy: {buildTime},Tempo de construção: {buildTime},Tempo de construção: {buildTime},ਉਸਾਰੀ ਦਾ ਸਮਾਂ: {buildTime},Timp de construcție: {buildTime},Время стройки: {buildTime},Време градње: {buildTime},ඉදිකිරීම් කාලය: {buildTime},Čas výstavby: {buildTime},Čas gradnje: {buildTime},Tiempo de construcción: {buildTime},Tiempo de construcción: {buildTime},Muda wa ujenzi: {buildTime},Byggtid: {buildTime},கட்டுமான நேரம்: {buildTime},నిర్మాణ సమయం: {buildTime},Вақти сохтмон: {buildTime},เวลาก่อสร้าง: {buildTime},Gurluşyk wagty: {buildTime},İnşa süresi: {buildTime},Төзелеш вакыты: {buildTime},Час будівництва: {buildTime},تعمیر کا وقت: {buildTime},Qurilish vaqti: {buildTime},Thời gian xây dựng: {buildTime},Isikhathi sokwakha: {buildTime}
builder_energy,Builder energy,Bouer-energie,Төҙөүсе энергияһы,Цхьаьна керла йоттаро йоттархойн эффект лохайо. Цунна хан ло ӀиндагӀан,Energjia e ndërtuesit,የግንባታ ሰራተኛ ኃይል,طاقة البنائين,Շինարարի էներգիա,Tikinti enerjisi,নির্মাতার শক্তি,Энергія будаўнікоў,Pawa blong bildim,ဆောက်လုပ်သူ စွမ်းအင်,建造者能量,建造者能量,建造者能量,Energija graditelja,Energie stavitelů,Byggeenergi,Bouwenergie,Ehitaja energia,Enerhiya ng tagabuo,Rakentajien energia,Énergie des constructeurs,მშენებლის ენერგია,Bauenergie,Ενέργεια κατασκευαστή,બિલ્ડર ઊર્જા,אנרגיית בונה,निर्माता ऊर्जा,Építő energia,Orka byggingamanns,Energi pembangun,Energia del costruttore,建設者のエネルギー,ನಿರ್ಮಾಣಕಾರನ ಶಕ್ತಿ,Құрылысшы энергиясы,ថាមពលអ្នកសាងសង់,건설자 에너지,Куруучунун энергиясы,ພະລັງງານຜູ້ກໍ່ສ້າງ,Būvnieka enerģija,Statytojo energija,Енергија на градител,Tenaga pembina,നിർമ്മാതാവിന്റെ ഊർജ്ജം,बांधकाम कामगाराची ऊर्जा,Барилгачны эрчим хүч,निर्माणकर्ताको ऊर्जा,Bygningsenergi,انرژی سازنده,Energia budowniczego,Energia do construtor,Energia do construtor,ਉਸਾਰੀ ਕਰਤਾ ਦੀ ਊਰਜਾ,Energia constructorului,Энергия строителей,Енергија градитеља,ඉදිකරන්නාගේ ශක්තිය,Energia staviteľov,Energija graditelja,Energía de constructores,Energía de constructores,Nishati ya mjenzi,Byggnadsenergi,கட்டுபவரின் ஆற்றல்,నిర్మాత శక్తి,Энергияи сохтмонгар,พลังงานของผู้สร้าง,Gurluşykçynyň energiýasy,İnşaatçı enerjisi,Төзүче энергиясе,Енергія будівельників,معمار کی توانائی,Quruvchi energiyasi,Năng lượng xây dựng,Amandla omakhi
builder_energy_description,With every new structure,Met elke nuwe struktuur,Һәр яңы ҡоролма менән,Карара энерги: {currentEnergy},Me çdo strukturë të re,በእያንዳንዱ አዲስ መዋቅር,مع كل هيكل جديد,Յուրաքանչյուր նոր կառույցի հետ,Hər yeni quruluşla,প্রতিটি নতুন কাঠামোর সাথে,З кожнай новай канструкцыяй,Withem evri niu strktja,အဆောက်အအုံအသစ်တိုင်းနှင့်အတူ,每建造一個新建築,每建造一个新建筑,每建造一個新建築,Uz svaku novu strukturu,S každou novou strukturou,Med hver ny struktur,Met elke nieuwe structuur,Iga uue struktuuriga,Sa bawat bagong istraktura,Jokainen uusi rakennus vähentää rakentajiesi tehokkuutta. Anna heille aikaa levätä,Chaque nouvelle construction réduit l'efficacité de vos constructeurs. Donnez-leur le temps de se reposer,ყოველ ახალ ნაგებობასთან,Mit jeder neuen Struktur,Με κάθε νέα κατασκευή,દરેક નવા માળખા સાથે,עם כל מבנה חדש,प्रत्येक नई संरचना के साथ,Minden új szerkezettel,Með hverri nýrri mannvirki,Dengan setiap struktur baru,Con ogni nuova struttura,新しい構造物ごとに,ಪ್ರತಿ ಹೊಸ ರಚನೆಯೊಂದಿಗೆ,Әрбір жаңа құрылыммен,ជាមួយរាល់រចនាសម្ព័ន្ធថ្មី,새 구조물마다,Ар бир жаңы курулма менен,ກັບທຸກໂຄງສ້າງໃໝ່,Ar katru jaunu struktūru,Su kiekviena nauja struktūra,Со секоја нова структура,Dengan setiap struktur baru,ഓരോ പുതിയ ഘടനയ്ക്കും,प्रत्येक नवीन रचनेसह,Шинэ бүтэц бүрт,प्रत्येक नयाँ संरचनासँगै,Med hver ny struktur,با هر ساختار جدید,Z każdą nową strukturą,A cada nova estrutura,Cada nova construção reduz a eficiência dos seus construtores. Dê-lhes tempo para descansar,ਹਰ ਨਵੀਂ ਬਣਤਰ ਦੇ ਨਾਲ,Cu fiecare structură nouă,С каждой новой постройкой эффективность ваших строителей падает. Дайте им время на отдых,Са сваком новом структуром,සෑම නව ව්‍යුහයක් සමඟම,S každou novou štruktúrou,Z vsako novo strukturo,Con cada nueva estructura,Con cada nueva estructura,Kwa kila muundo mpya,Med varje ny struktur,ஒவ்வொரு புதிய கட்டமைப்பிலும்,ప్రతి కొత్త నిర్మాణంతో,Бо ҳар як иншооти нав,กับโครงสร้างใหม่ทุกครั้ง,Her täze gurluş bilen,Her yeni yapıyla,Һәр яңа корылма белән,З кожною новою спорудою,ہر نئی ساخت کے ساتھ,Har bir yangi inshoot bilan,Với mỗi công trình mới,Ngesakhiwo ngasinye esisha
builder_energy_current,Current energy: {currentEnergy},Huidige energie: {currentEnergy},Хәҙерге энергия: {currentEnergy},Кхин тӀетоьхна (+{chargePower}%): {chargeRemainingTime},Energjia aktuale: {currentEnergy},አሁን ያለው ኃይል: {currentEnergy},الطاقة الحالية: {currentEnergy},Ընթացիկ էներգիա: {currentEnergy},Cari enerji: {currentEnergy},বর্তমান শক্তি: {currentEnergy},Бягучая энергія: {currentEnergy},Pawa nau: {currentEnergy},လက်ရှိစွမ်းအင်: {currentEnergy},當前能量: {currentEnergy},当前能量: {currentEnergy},當前能量: {currentEnergy},Trenutna energija: {currentEnergy},Aktuální energie: {currentEnergy},Nuværende energi: {currentEnergy},Huidige energie: {currentEnergy},Praegune energia: {currentEnergy},Kasalukuyang enerhiya: {currentEnergy},Nykyinen energia: {currentEnergy},Énergie actuelle: {currentEnergy},მიმდინარე ენერგია: {currentEnergy},Aktuelle Energie: {currentEnergy},Τρέχουσα ενέργεια: {currentEnergy},વર્તમાન ઊર્જા: {currentEnergy},אנרגיה נוכחית: {currentEnergy},वर्तमान ऊर्जा: {currentEnergy},Jelenlegi energia: {currentEnergy},Núverandi orka: {currentEnergy},Energi saat ini: {currentEnergy},Energia attuale: {currentEnergy},現在のエネルギー: {currentEnergy},ಪ್ರಸ್ತುತ ಶಕ್ತಿ: {currentEnergy},Ағымдағы энергия: {currentEnergy},ថាមពលបច្ចុប្បន្ន: {currentEnergy},현재 에너지: {currentEnergy},Учурдагы энергия: {currentEnergy},ພະລັງງານປັດຈຸບັນ: {currentEnergy},Pašreizējā enerģija: {currentEnergy},Esama energija: {currentEnergy},Тековна енергија: {currentEnergy},Tenaga semasa: {currentEnergy},നിലവിലെ ഊർജ്ജം: {currentEnergy},सध्याची ऊर्जा: {currentEnergy},Одоогийн эрчим хүч: {currentEnergy},हालको ऊर्जा: {currentEnergy},Nåværende energi: {currentEnergy},انرژی فعلی: {currentEnergy},Obecna energia: {currentEnergy},Energia atual: {currentEnergy},Energia atual: {currentEnergy},ਮੌਜੂਦਾ ਊਰਜਾ: {currentEnergy},Energia curentă: {currentEnergy},Текущая энергия: {currentEnergy},Тренутна енергија: {currentEnergy},වත්මන් ශක්තිය: {currentEnergy},Aktuálna energia: {currentEnergy},Trenutna energija: {currentEnergy},Energía actual: {currentEnergy},Energía actual: {currentEnergy},Nishati ya sasa: {currentEnergy},Aktuell energi: {currentEnergy},தற்போதைய ஆற்றல்: {currentEnergy},ప్రస్తుత శక్తి: {currentEnergy},Энергияи ҷорӣ: {currentEnergy},พลังงานปัจจุบัน: {currentEnergy},Häzirki energiýa: {currentEnergy},Mevcut enerji: {currentEnergy},Хәзерге энергия: {currentEnergy},Поточна енергія: {currentEnergy},موجودہ توانائی: {currentEnergy},Joriy energiya: {currentEnergy},Năng lượng hiện tại: {currentEnergy},Amandla amanje: {currentEnergy}
builder_energy_next_charge,Next charge (+{chargePower}%): {chargeRemainingTime},Volgende lading (+{chargePower}%): {chargeRemainingTime},Киләһе ҡорғо (+{chargePower}%): {chargeRemainingTime},ЧӀагӀонан хьакъ,Rimbushja e radhës (+{chargePower}%): {chargeRemainingTime},ቀጣይ ክፍያ (+{chargePower}%): {chargeRemainingTime},الشحن التالي (+{chargePower}%): {chargeRemainingTime},Հաջորդ լիցքավորումը (+{chargePower}%): {chargeRemainingTime},Növbəti doldurma (+{chargePower}%): {chargeRemainingTime},পরবর্তী চার্জ (+{chargePower}%): {chargeRemainingTime},Наступная зарадка (+{chargePower}%): {chargeRemainingTime},Neks cac (+{chargePower}%): {chargeRemainingTime},နောက်ထပ် အားသွင်းချိန် (+{chargePower}%): {chargeRemainingTime},下次充能 (+{chargePower}%): {chargeRemainingTime},下次充能 (+{chargePower}%): {chargeRemainingTime},下次充能 (+{chargePower}%): {chargeRemainingTime},Sljedeće punjenje (+{chargePower}%): {chargeRemainingTime},Další nabití (+{chargePower}%): {chargeRemainingTime},Næste opladning (+{chargePower}%): {chargeRemainingTime},Volgende lading (+{chargePower}%): {chargeRemainingTime},Järgmine laadimine (+{chargePower}%): {chargeRemainingTime},Susunod na charge (+{chargePower}%): {chargeRemainingTime},Seuraava lataus (+{chargePower}%): {chargeRemainingTime},Prochaine recharge (+{chargePower}%): {chargeRemainingTime},შემდეგი დამუხტვა (+{chargePower}%): {chargeRemainingTime},Nächste Aufladung (+{chargePower}%): {chargeRemainingTime},Επόμενη φόρτιση (+{chargePower}%): {chargeRemainingTime},આગામી ચાર્જ (+{chargePower}%): {chargeRemainingTime},טעינה הבאה (+{chargePower}%): {chargeRemainingTime},अगला चार्ज (+{chargePower}%): {chargeRemainingTime},Következő töltés (+{chargePower}%): {chargeRemainingTime},Næsta hleðsla (+{chargePower}%): {chargeRemainingTime},Pengisian berikutnya (+{chargePower}%): {chargeRemainingTime},Prossima ricarica (+{chargePower}%): {chargeRemainingTime},次のチャージ (+{chargePower}%): {chargeRemainingTime},ಮುಂದಿನ ಚಾರ್ಜ್ (+{chargePower}%): {chargeRemainingTime},Келесі заряд (+{chargePower}%): {chargeRemainingTime},ការសាកថ្មបន្ទាប់ (+{chargePower}%): {chargeRemainingTime},다음 충전 (+{chargePower}%): {chargeRemainingTime},Кийинки заряд (+{chargePower}%): {chargeRemainingTime},ການສາກໄຟຕໍ່ໄປ (+{chargePower}%): {chargeRemainingTime},Nākamā uzlāde (+{chargePower}%): {chargeRemainingTime},Kitas įkrovimas (+{chargePower}%): {chargeRemainingTime},Следно полнење (+{chargePower}%): {chargeRemainingTime},Caj seterusnya (+{chargePower}%): {chargeRemainingTime},അടുത്ത ചാർജ് (+{chargePower}%): {chargeRemainingTime},पुढील चार्ज (+{chargePower}%): {chargeRemainingTime},Дараагийн цэнэглэлт (+{chargePower}%): {chargeRemainingTime},अर्को चार्ज (+{chargePower}%): {chargeRemainingTime},Neste lading (+{chargePower}%): {chargeRemainingTime},شارژ بعدی (+{chargePower}%): {chargeRemainingTime},Następne naładowanie (+{chargePower}%): {chargeRemainingTime},Próxima recarga (+{chargePower}%): {chargeRemainingTime},Próxima recarga (+{chargePower}%): {chargeRemainingTime},ਅਗਲਾ ਚਾਰਜ (+{chargePower}%): {chargeRemainingTime},Următoarea încărcare (+{chargePower}%): {chargeRemainingTime},Слеюдующий заряд (+{chargePower}%): {chargeRemainingTime},Следеће пуњење (+{chargePower}%): {chargeRemainingTime},ඊළඟ ආරෝපණය (+{chargePower}%): {chargeRemainingTime},Ďalšie nabitie (+{chargePower}%): {chargeRemainingTime},Naslednje polnjenje (+{chargePower}%): {chargeRemainingTime},Próxima carga (+{chargePower}%): {chargeRemainingTime},Próxima carga (+{chargePower}%): {chargeRemainingTime},Malipo yajayo (+{chargePower}%): {chargeRemainingTime},Nästa laddning (+{chargePower}%): {chargeRemainingTime},அடுத்த சார்ஜ் (+{chargePower}%): {chargeRemainingTime},తదుపరి ఛార్జ్ (+{chargePower}%): {chargeRemainingTime},Заряди навбатӣ (+{chargePower}%): {chargeRemainingTime},การชาร์จครั้งถัดไป (+{chargePower}%): {chargeRemainingTime},Indiki zarýad (+{chargePower}%): {chargeRemainingTime},Sonraki dolum (+{chargePower}%): {chargeRemainingTime},Киләсе коргы (+{chargePower}%): {chargeRemainingTime},Наступна зарядка (+{chargePower}%): {chargeRemainingTime},اگلا چارج (+{chargePower}%): {chargeRemainingTime},Keyingi zaryad (+{chargePower}%): {chargeRemainingTime},Sạc tiếp theo (+{chargePower}%): {chargeRemainingTime},Ukushajwa okulandelayo (+{chargePower}%): {chargeRemainingTime}
building_floor_frame,Floor frame,Vloerraamwerk,Ҡат каркасы,БӀовнан ахка,Korniza e katit,የፎቅ መዋቅር,هيكل الطابق,Հարկի շրջանակ,Mərtəbə çərçivəsi,তলার ফ্রেম,Каркас паверха,Fram blong flua,အထပ်ဘောင်,樓層框架,楼层框架,樓層框架,Okvir kata,Rám podlaží,Etageramme,Verdiepingsframe,Korruse raam,Balangkas ng palapag,Kerroksen runko,Structure d'étage,სართულის ჩარჩო,Etagenrahmen,Πλαίσιο ορόφου,માળનું માળખું,מסגרת קומה,मंज़िल का ढाँचा,Emeleti keret,Hæðarrammi,Bingkai lantai,Telaio del piano,フロアフレーム,ಮಹಡಿಯ ಚೌಕಟ್ಟು,Қабат жақтауы,ស៊ុមជាន់,층 프레임,Кабат алкагы,ໂຄງສ້າງຊັ້ນ,Stāva rāmis,Aukšto karkasas,Рамка на кат,Rangka tingkat,നിലയുടെ ചട്ടക്കൂട്,मजल्याची चौकट,Давхрын хүрээ,तलाको फ्रेम,Etasjeramme,چارچوب طبقه,Szkielet piętra,Estrutura do andar,Estrutura do andar,ਮੰਜ਼ਿਲ ਦਾ ਢਾਂਚਾ,Cadru etaj,Каркас этажа,Оквир спрата,මහලේ රාමුව,Rám podlažia,Okvir nadstropja,Estructura de piso,Estructura de planta,Muundo wa sakafu,Våningsram,தள சட்டகம்,అంతస్తు ఫ్రేమ్,Чаҳорчӯби ошёна,โครงชั้น,Mertebe çarçuwasy,Kat iskeleti,Кат каркасы,Каркас поверху,منزل کا ڈھانچہ,Qavat ramkasi,Khung tầng,Uhlaka lwesitezi
building_tower_gate,Tower gate,Toringhek,Манара ҡапҡаһы,Пирс,Porta e kullës,የግንብ በር,بوابة البرج,Աշտարակի դարպաս,Qala qapısı,টাওয়ারের গেট,Брама вежы,Get blong taowa,မျှော်စင်တံခါး,塔樓大門,塔楼大门,塔樓大門,Vrata tornja,Věžová brána,Tårnport,Torenpoort,Tornivärav,Pintuan ng tore,Tornin portti,Porte de la tour,კოშკის კარიბჭე,Turmportal,Πύλη πύργου,ટાવર દ્વાર,שער מגדל,टावर द्वार,Toronykapu,Turnhlið,Gerbang menara,Porta della torre,タワーゲート,ಗೋಪುರದ ದ್ವಾರ,Мұнара қақпасы,ទ្វារប៉ម,탑 문,Мунара дарбазасы,ປະຕູຫໍຄອຍ,Torņa vārti,Bokšto vartai,Порта на кула,Pintu menara,ഗോപുര കവാടം,टॉवर दरवाजा,Цамхагийн хаалга,टावरको ढोका,Tårnport,دروازه برج,Brama wieży,Portão da torre,Portão da torre,ਟਾਵਰ ਗੇਟ,Poarta turnului,Врата в башню,Капија куле,කුළුණේ දොරටුව,Vežová brána,Vrata stolpa,Puerta de la torre,Puerta de la torre,Lango la mnara,Tornport,கோபுர வாயில்,టవర్ గేట్,Дарвозаи бурҷ,ประตูหอคอย,Diň derwezesi,Kule kapısı,Манара капкасы,Брама вежі,ٹاور کا دروازہ,Minora darvozasi,Cổng tháp,Isango lombhoshongo
building_pier,Pier,Pier,Пирс,Атта лифт,Skela,የመርከብ ማረፊያ,الرصيف,Նավամատույց,Estakada,ঘাট,Пірс,Pia,ဆိပ်ခံတံတား,碼頭,码头,碼頭,Pristanište,Molo,Mole,Pier,Kai,Pantalan,Laituri,Jetée,ნავმისადგომი,Pier,Αποβάθρα,ઘાટ,רציף,घाट,Móló,Bryggja,Dermaga,Molo,埠頭,ಹಡಗಿನ ದಂಡೆ,Айлақ,ផែ,부두,Пристань,ທ່າເຮືອ,Piestātne,Prieplauka,Пристаниште,Jetty,തുറമുഖം,घाट,Усны зогсоол,घाट,Brygge,اسکله,Pomost,Cais,Cais,ਘਾਟ,Chei,Пирс,Пристаниште,තොටුපළ,Mólo,Pristanišče,Muelle,Muelle,Gati,Brygga,படகுத்துறை,పియర్,Бандар,ท่าเทียบเรือ,Gämi duralgasy,Rıhtım,Пирс,Причал,گھاٹ,Pirs,Cầu tàu,Isikhumulo semikhumbi
building_basic_elevator,Basic elevator,Basiese hysbak,Төп лифт,Баккхий чоьнаш,Ashensori bazë,መሰረታዊ አሳንሰር,مصعد أساسي,Հիմնական վերելակ,Əsas lift,মৌলিক লিফট,Звычайны ліфт,Lifet,အခြေခံ ဓာတ်လှေကား,基本電梯,基本电梯,基本電梯,Osnovno dizalo,Základní výtah,Basis elevator,Basislift,Põhilift,Basic elevator,Perushissi,Ascenseur basique,საბაზისო ლიფტი,Basisfahrstuhl,Βασικός ανελκυστήρας,મૂળભૂત એલિવેટર,מעלית בסיסית,बुनियादी लिफ्ट,Alap lift,Grunnlyfta,Lift dasar,Ascensore base,基本エレベーター,ಮೂಲಭೂತ ಎಲಿವೇಟರ್,Негізгі лифт,ជណ្តើរយន្តមូលដ្ឋាន,기본 엘리베이터,Негизги лифт,ລິຟພື້ນຖານ,Pamata lifts,Pagrindinis liftas,Основен лифт,Lif asas,അടിസ്ഥാന ലിഫ്റ്റ്,मूलभूत लिफ्ट,Үндсэн цахилгаан шат,आधारभूत लिफ्ट,Grunnheis,آسانسور پایه,Podstawowa winda,Elevador básico,Elevador básico,ਮੁੱਢਲੀ ਲਿਫਟ,Lift de bază,Простой лифт,Основни лифт,මූලික සෝපානය,Základný výťah,Osnovno dvigalo,Ascensor básico,Ascensor básico,Lifti ya msingi,Bas hiss,அடிப்படை உயர்த்தி,ప్రాథమిక ఎలివేటర్,Лифти асосӣ,ลิฟต์พื้นฐาน,Esasy lift,Temel asansör,Төп лифт,Звичайний ліфт,بنیادی لفٹ,Asosiy lift,Thang máy cơ bản,I-elevator eyisisekelo
building_living_rooms,Living rooms,Woonkamers,Йәшәү бүлмәләре,ГӀуран генератор,Dhomat e banimit,መኖሪያ ክፍሎች,غرف المعيشة,Բնակելի սենյակներ,Yaşayış otaqları,বসবাসের কক্ষ,Жылыя пакоі,Rum blong slip,လူနေခန်းများ,起居室,起居室,起居室,Dnevne sobe,Obytné místnosti,Stuer,Woonkamers,Elutoad,Mga silid-tulugan,Asuinhuoneet,Chambres d'habitation,საცხოვრებელი ოთახები,Wohnräume,Σαλόνια,વસવાટ કરો છો ઓરડાઓ,חדרי מגורים,रहने के कमरे,Nappalik,Stofur,Ruang tamu,Soggiorni,居間,ವಾಸದ ಕೊಠಡಿಗಳು,Тұрғын бөлмелер,បន្ទប់ទទួលភ្ញៀវ,거실,Турак бөлмөлөрү,ຫ້ອງຮັບແຂກ,Dzīvojamās istabas,Svetainės,Дневни соби,Bilik tamu,താമസ മുറികൾ,राहण्याच्या खोल्या,Зочны өрөө,बस्ने कोठाहरू,Stuer,اتاق‌های نشیمن,Pokoje dzienne,Salas de estar,Salas de estar,ਰਹਿਣ ਦੇ ਕਮਰੇ,Camere de zi,Жилые комнаты,Дневне собе,විසිත්ත කාමර,Obytné miestnosti,Dnevne sobe,Habitaciones residenciales,Salas de estar,Vyumba vya kuishi,Vardagsrum,வாழும் அறைகள்,లివింగ్ రూమ్లు,Ҳуҷраҳои зист,ห้องนั่งเล่น,Otaglar,Oturma odaları,Торучы бүлмәләр,Житлові кімнати,رہائشی کمرے,Yashash xonalari,Phòng khách,Amagumbi okuhlala
building_coal_generator,Coal generator,Steenkoolopwekker,Күмер генераторы,Ферма,Gjeneratori me qymyr,የድንጋይ ከሰል ማመንጫ,مولد الفحم,Ածխի գեներատոր,Kömür generatoru,কয়লা জেনারেটর,Вугальны генератар,Jenareta blong kol,ကျောက်မီးသွေးဂျင်နရေတာ,煤炭發電機,煤炭发电机,煤炭發電機,Generator na ugljen,Uhelný generátor,Kulgenerator,Kolencentrale,Söegeneraator,Coal generator,Hiiligeneraattori,Générateur à charbon,ნახშირის გენერატორი,Kohlegenerator,Γεννήτρια άνθρακα,કોલસો જનરેટર,גנרטור פחם,कोयला जनरेटर,Széngenerátor,Kola rafall,Generator batu bara,Generatore a carbone,石炭発電機,ಕಲ್ಲಿದ್ದಲು ಜನರೇಟರ್,Көмір генераторы,ម៉ាស៊ីនភ្លើងធ្យូងថ្ម,석탄 발전기,Көмүр генератору,ເຄື່ອງປັ່ນໄຟຖ່ານຫີນ,Ogļu ģenerators,Anglies generatorius,Генератор на јаглен,Penjana arang batu,കൽക്കരി ജനറേറ്റർ,कोळसा जनरेटर,Нүүрсний генератор,कोइला जेनरेटर,Kullgenerator,ژنراتور زغال‌سنگ,Generator węglowy,Gerador a carvão,Gerador a carvão,ਕੋਲਾ ਜਨਰੇਟਰ,Generator de cărbune,Угольный генератор,Генератор на угаљ,ගල් අඟුරු උත්පාදක යන්ත්‍රය,Uhoľný generátor,Generator na premog,Generador de carbón,Generador de carbón,Jenereta ya makaa ya mawe,Kolgenerator,நிலக்கரி ஜெனரேட்டர்,బొగ్గు జనరేటర్,Генератори ангишт,เครื่องกำเนิดไฟฟ้าถ่านหิน,Kömür generator,Kömür jeneratörü,Күмер генераторы,Вугільний генератор,کوئلہ جنریٹر,Ko‘mir generatori,Máy phát điện than,Ijeneretha yamalahle
building_farm,Farm,Plaas,Ферма,Кухни,Ferma,እርሻ,مزرعة,Ֆերմա,Ferma,খামার,Ферма,Fam,လယ်ယာ,農場,农场,農場,Farma,Farma,Gård,Boerderij,Talu,Bukid,Maatila,Ferme,ფერმა,Farm,Αγρόκτημα,ફાર્મ,חווה,खेत,Gazdaság,Búgarður,Kebun,Fattoria,農場,ಕೃಷಿ ಕ್ಷೇತ್ರ,Ферма,កសិដ្ឋាន,농장,Ферма,ຟາມ,Saimniecība,Ūkis,Фарма,Ladang,ഫാം,शेत,Ферм,फार्म,Gård,مزرعه,Farma,Fazenda,Quinta,ਫਾਰਮ,Fermă,Ферма,Фарма,ගොවිපල,Farma,Kmetija,Granja,Granja,Shamba,Gård,பண்ணை,వ్యవసాయ క్షేత్రం,Ферма,ฟาร์ม,Ferma,Çiftlik,Ферма,Ферма,فارم,Ferma,Trang trại,Ipulazi
building_kitchen,Kitchen,Kombuis,Ашхана,Даьржина кечйаран цех,Kuzhina,ኩሽና,مطبخ,Խոհանոց,Mətbəx,রান্নাঘর,Кухня,Kijin,မီးဖိုချောင်,廚房,厨房,廚房,Kuhinja,Kuchyně,Køkken,Keuken,Köök,Kusina,Keittiö,Cuisine,სამზარეულო,Küche,Κουζίνα,રસોડું,מטבח,रसोईघर,Konyha,Eldhús,Dapur,Cucina,キッチン,ಅಡುಗೆ ಮನೆ,Асхана,ផ្ទះបាយ,주방,Ашкана,ເຮືອນຄົວ,Virtuve,Virtuvė,Кујна,Dapur,അടുക്കള,स्वयंपाकघर,Гал тогоо,भान्सा,Kjøkken,آشپزخانه,Kuchnia,Cozinha,Cozinha,ਰਸੋਈ,Bucătărie,Кухня,Кухиња,මුළුතැන්ගෙය,Kuchyňa,Kuhinja,Cocina,Cocina,Jikoni,Kök,சமையலறை,వంటగది,Ошхона,ครัว,Aşhana,Mutfak,Ашханә,Кухня,باورچی خانہ,Oshxona,Nhà bếp,Ikhishi
building_weapon_workshop,Weapon workshop,Wapenwerkswinkel,Ҡорал оҫтаханаһы,Гуонан отдел,Punëtoria e armëve,የጦር መሳሪያ አውደ ጥበብ,ورشة الأسلحة,Զենքի արհեստանոց,Silah emalatxanası,অস্ত্রের কর্মশালা,Зброевая майстэрня,Wokples blong wipen,လက်နက်ပြုလုပ်ရေးအလုပ်ရုံ,武器工坊,武器工坊,武器工坊,Radionica oružja,Dílna na zbraně,Våbenværksted,Wapenwerkplaats,Relvatöökoda,Pagawaan ng armas,Asepaja,Atelier d'armes,იარაღის სახელოსნო,Waffenwerkstatt,Εργαστήριο όπλων,શસ્ત્ર કાર્યશાળા,סדנת נשק,हथियार कार्यशाला,Fegyverműhely,Vopnaverkstæði,Bengkel senjata,Officina delle armi,武器工房,ಶಸ್ತ್ರಾಸ್ತ್ರ ಕಾರ್ಯಾಗಾರ,Қару шеберханасы,សិក្ខាសាលាអាវុធ,무기 작업장,Курал-жарак чеберканасы,ໂຮງງານອາວຸດ,Ieroču darbnīca,Ginklų dirbtuvės,Работилница за оружје,Bengkel senjata,ആയുധ വർക്ക്‌ഷോപ്പ്,शस्त्र कार्यशाळा,Зэвсгийн цех,हतियार कार्यशाला,Våpenverksted,کارگاه اسلحه‌سازی,Warsztat broni,Oficina de armas,Oficina de armas,ਹਥਿਆਰ ਵਰਕਸ਼ਾਪ,Atelier de arme,Оружейная мастерская,Радионица оружја,ආයුධ වැඩපොළ,Dielňa na zbrane,Delavnica orožja,Taller de armas,Taller de armas,Warsha ya silaha,Vapenverkstad,ஆயுத பட்டறை,ఆయుధ వర్క్షాప్,Устохонаи силоҳ,เวิร์คช็อปอาวุธ,Ýarag ussahanasy,Silah atölyesi,Корал остаханәсе,Зброярня,ہتھیاروں کی ورکشاپ,Qurol ustaxonasi,Xưởng vũ khí,Indawo yokwenza izikhali
building_resource_storage,Resource storage,Hulpbronne-opberging,Ресурс һаҡлағысы,Даанан отдел,Depoja e burimeve,የሀብት ማከማቻ,مخزن الموارد,Ռեսուրսների պահեստ,Resurs anbarı,সম্পদ গুদাম,Сховішча рэсурсаў,Storij blong resos,အရင်းအမြစ်သိုလှောင်ရုံ,資源倉庫,资源仓库,資源倉庫,Skladište resursa,Sklad zdrojů,Ressourceopbevaring,Grondstoffenopslag,Ressursside ladu,Imbakan ng mga mapagkukunan,Tavaravarasto,Soute à marchandises,რესურსების საწყობი,Ressourcenlager,Αποθήκη πόρων,સંસાધન ભંડાર,מחסן משאבים,संसाधन भंडार,Erőforrás raktár,Auðlindageymsla,Penyimpanan sumber daya,Magazzino risorse,資源保管庫,ಸಂಪನ್ಮೂಲಗಳ ಸಂಗ್ರಹ,Ресурс қоймасы,ឃ្លាំងធនធាន,자원 창고,Ресурс сактоочу жай,ສາງຊັບພະຍາກອນ,Resursu noliktava,Išteklių sandėlis,Складиште за ресурси,Storan sumber,വിഭവ സംഭരണശാല,संसाधन कोठार,Нөөцийн агуулах,स्रोत भण्डार,Ressurslager,انبار منابع,Magazyn zasobów,Armazém de recursos,Armazém de recursos,ਸਰੋਤ ਸਟੋਰੇਜ,Depozit de resurse,Грузовой отсек,Складиште ресурса,සම්පත් ගබඩාව,Sklad zdrojov,Skladišče virov,Depósito de recursos,Almacén de recursos,Hifadhi ya rasilimali,Resursförvaring,வள கிடங்கு,వనరుల నిల్వ,Анбори захираҳо,คลังทรัพยากร,Çeşme ammary,Kaynak deposu,Ресурс саклагычы,Сховище ресурсів,وسائل کا ذخیرہ,Resurs ombori,Kho tài nguyên,Isitoreji sezinsiza
building_food_storage,Food storage,Voedselopberging,Аҙыҡ-түлек һаҡлағысы,Аккумуляторан чоь,Depoja e ushqimit,የምግብ ማከማቻ,مخزن الطعام,Սննդի պահեստ,Qida anbarı,খাদ্য গুদাম,Сховішча ежы,Storij blong kakae,စားနပ်ရိက္ခာသိုလှောင်ရုံ,糧食倉庫,粮食仓库,糧食倉庫,Skladište hrane,Sklad potravin,Fødevareopbevaring,Voedselopslag,Toiduladu,Imbakan ng pagkain,Ruokavarasto,Soute alimentaire,საკვების საწყობი,Nahrungslager,Αποθήκη τροφίμων,ખાદ્ય ભંડાર,מחסן מזון,खाद्य भंडार,Élelmiszer raktár,Matsölugeymsla,Penyimpanan makanan,Magazzino cibo,食料保管庫,ಆಹಾರ ಸಂಗ್ರಹ,Азық-түлік қоймасы,ឃ្លាំងស្បៀង,식량 창고,Азык-түлүк сактоочу жай,ສາງອາຫານ,Pārtikas noliktava,Maisto sandėlis,Складиште за храна,Storan makanan,ഭക്ഷ്യ സംഭരണശാല,अन्न कोठार,Хүнсний агуулах,खाद्य भण्डार,Matlager,انبار مواد غذایی,Magazyn żywności,Armazém de alimentos,Armazém de alimentos,ਭੋਜਨ ਸਟੋਰੇਜ,Depozit de alimente,Пищевой отсек,Складиште хране,ආහාර ගබඩාව,Sklad potravín,Skladišče hrane,Depósito de comida,Almacén de comida,Hifadhi ya chakula,Matförvaring,உணவு கிடங்கு,ఆహార నిల్వ,Анбори озуқаворӣ,คลังอาหาร,Azyk ammary,Yiyecek deposu,Азык-төлек саклагычы,Сховище їжі,غذائی ذخیرہ,Oziq-ovqat ombori,Kho thực phẩm,Isitoreji sokudla
building_battery_room,Battery room,Batterykamer,Батарейка бүлмәһе,Даьржинан склад,Dhoma e baterive,የባትሪ ክፍል,غرفة البطاريات,Մարտկոցների սենյակ,Batareya otağı,ব্যাটারি কক্ষ,Акумулятарная,Rum blong bateri,ဘက်ထရီခန်း,電池室,电池室,電池室,Soba za baterije,Místnost s bateriemi,Batterirum,Accuruimte,Patareiruum,Silid ng baterya,Akkuhuone,Salle de batteries,ბატარეის ოთახი,Batterieraum,Αίθουσα μπαταριών,બેટરી રૂમ,חדר סוללות,बैटरी कक्ष,Akkumulátor helyiség,Rafgeymaklefi,Ruang baterai,Sala batterie,バッテリー室,ಬ್ಯಾಟರಿ ಕೊಠಡಿ,Батарея бөлмесі,បន្ទប់ថ្ម,배터리실,Батарея бөлмөсү,ຫ້ອງແບັດເຕີຣີ,Bateriju telpa,Baterijų patalpa,Соба за батерии,Bilik bateri,ബാറ്ററി മുറി,बॅटरी खोली,Зайны өрөө,ब्याट्री कोठा,Batterirom,اتاق باتری,Pomieszczenie z bateriami,Sala de baterias,Sala de baterias,ਬੈਟਰੀ ਕਮਰਾ,Camera bateriilor,Аккумуляторная комната,Соба за батерије,බැටරි කාමරය,Miestnosť s batériami,Prostor za baterije,Sala de baterías,Sala de baterías,Chumba cha betri,Batterirum,பேட்டரி அறை,బ్యాటరీ గది,Ҳуҷраи батарея,ห้องแบตเตอรี่,Batteriýa otagy,Batarya odası,Батарея бүлмәсе,Акумуляторна кімната,بیٹری کا کمرہ,Batareya xonasi,Phòng pin,Igumbi lamabhethri
building_weapon_storage,Armory,Wapenopberging,Ҡорал һаҡлағысы,Бахархо,Depoja e armëve,የጦር መሳሪያ ማከማቻ,مخزن الأسلحة,Զինապահեստ,Silah anbarı,অস্ত্রাগার,Зброевы склад,Storij blong wipen,လက်နက်သိုလှောင်ရုံ,軍械庫,军械库,軍械庫,Skladište oružja,Sklad zbraní,Våbenlager,Wapenopslag,Relvaladu,Imbakan ng armas,Asevarasto,Armurerie,იარაღის საწყობი,Waffenlager,Οπλοθήκη,શસ્ત્ર ભંડાર,מחסן נשק,शस्त्रागार,Fegyverraktár,Vopnageymsla,Penyimpanan senjata,Armeria,武器庫,ಶಸ್ತ್ರಾಸ್ತ್ರಗಳ ಸಂಗ್ರಹ,Қару қоймасы,ឃ្លាំងអាវុធ,무기고,Курал-жарак сактоочу жай,ສາງອາວຸດ,Ieroču noliktava,Ginklų sandėlis,Складиште за оружје,Storan senjata,ആയുധ സംഭരണശാല,शस्त्र कोठार,Зэвсгийн агуулах,हतियार भण्डार,Våpenlager,انبار اسلحه,Zbrojownia,Arsenal,Arsenal,ਹਥਿਆਰ ਸਟੋਰੇਜ,Depozit de arme,Оружейный склад,Складиште оружја,ආයුධ ගබඩාව,Sklad zbraní,Skladišče orožja,Armería,Armería,Hifadhi ya silaha,Vapenlager,ஆயுத கிடங்கு,ఆయుధ నిల్వ,Анбори силоҳ,คลังอาวุธ,Ýarag ammary,Silah deposu,Корал саклагычы,Сховище зброї,ہتھیاروں کا ذخیرہ,Qurol ombori,Kho vũ khí,Isitoreji sezikhali
creature_resident,Resident,Inwoner,Йәшәүсе,Бахархой,Banor,ነዋሪ,مقيم,Բնակիչ,Sakin,বাসিন্দা,Жыхар,Man blong taon,နေထိုင်သူ,居民,居民,居民,Stanovnik,Obyvatel,Beboer,Bewoner,Elanik,Residente,Asukas,Résident,მკვიდრი,Bewohner,Κάτοικος,રહેવાસી,תושב,निवासी,Lakos,Íbúi,Penghuni,Residente,住人,ನಿವಾಸಿ,Тұрғын,អ្នករស់នៅ,주민,Тургун,ຜູ້ອາໄສ,Iedzīvotājs,Gyventojas,Жител,Penduduk,താമസക്കാരൻ,रहिवासी,Оршин суугч,बासिन्दा,Beboer,ساکن,Mieszkaniec,Residente,Residente,ਵਸਨੀਕ,Rezident,Житель,Становник,පදිංචිකරු,Obyvateľ,Prebivalec,Habitante,Residente,Mkazi,Invånare,குடியிருப்பாளர்,నివాసి,Сокин,ผู้อยู่อาศัย,Ýaşaýjy,Sakin,Яшәүче,Мешканець,رہائشی,Aholi,Cư dân,Isakhamuzi
creature_residents,Residents,Inwoners,Йәшәүселәр,Герзархо,Banorët,ነዋሪዎች,المقيمون,Բնակիչներ,Sakinlər,বাসিন্দারা,Жыхары,Ol man blong taon,နေထိုင်သူများ,居民們,居民们,居民們,Stanovnici,Obyvatelé,Beboere,Bewoners,Elanikud,Mga residente,Asukkaat,Résidents,მკვიდრები,Bewohner,Κάτοικοι,રહેવાસીઓ,תושבים,निवासीगण,Lakosok,Íbúar,Penghuni,Residenti,住人たち,ನಿವಾಸಿಗಳು,Тұрғындар,អ្នករស់នៅទាំងអស់,주민들,Тургундар,ຜູ້ອາໄສທັງໝົດ,Iedzīvotāji,Gyventojai,Жители,Penduduk,താമസക്കാർ,रहिवासी,Оршин суугчид,बासिन्दाहरू,Beboere,ساکنان,Mieszkańcy,Residentes,Residentes,ਵਸਨੀਕ,Rezidenți,Жители,Становници,පදිංචිකරුවන්,Obyvatelia,Prebivalci,Habitantes,Residentes,Wakazi,Invånare,குடியிருப்பாளர்கள்,నివాసితులు,Сокинон,ผู้อยู่อาศัยทั้งหมด,Ýaşaýjylar,Sakinler,Яшәүчеләр,Мешканці,رہائشی,Aholi,Cư dân,Izakehamuzi
creature_wanderer,Wanderer,Dwaalganger,Аҙашҡан,ТӀелатархо,Endacak,ተጓዥ,متجول,Թափառական,Sərgərdan,পথিক,Вандроўнік,Wokabaot,လှည့်လည်သွားလာသူ,流浪者,流浪者,流浪者,Lutalica,Tulák,Vandrer,Zwerver,Rändur,Gala,Kulkija,Vagabond,მოხეტიალე,Wanderer,Περιπλανώμενος,ભટકનાર,נודד,पथिक,Vándor,Flækingur,Pengembara,Vagabondo,放浪者,ಅಲೆಮಾರಿ,Кезбе,អ្នកវង្វេង,방랑자,Кезгинчи,ຜູ້ຫຼົງທາງ,Klejotājs,Keleivis,Скитник,Pengembara,അലഞ്ഞുതിരിയുന്നയാൾ,भटकंती,Тэнэмэл,घुमन्ते,Vandrer,سرگردان,Wędrowiec,Andarilho,Andarilho,ਘੁੰਮਣ ਵਾਲਾ,Rătăcitor,Странник,Луталица,ඉබාගාතේ යන්නා,Tulák,Potepuh,Vagabundo,Errante,Mzururaji,Vandrare,அலைச்சுற்றி,సంచారి,Гардишгар,ผู้พเนจร,Gezgin,Gezgin,Адашучы,Мандрівник,آوارہ گرد,Sargardon,Kẻ lang thang,Umzulane
creature_raider,Raider,Aanvaller,Тапансы,Дитт,Sulmues,ወራሪ,مغير,Ասպատակող,Basqınçı,হামলাকারী,Напаснік,Raidman,စီးနင်းတိုက်ခိုက်သူ,掠奪者,掠夺者,掠奪者,Napadač,Nájezdník,Raidere,Overvaller,Ründaja,Mananalakay,Ryöstäjä,Raider,მოძალადე,Plünderer,Επιδρομέας,છાપોમાર,פושט,छापामार,Rajtaütő,Árásarmaður,Penyerbu,Incursore,襲撃者,ದಾಳಿಕೋರ,Шабуылшы,អ្នកវាយឆ្មក់,습격자,Чабуулчу,ຜູ້ບຸກໂຈມຕີ,Reidotājs,Puolėjas,Напаѓач,Penyerbu,ആക്രമണകാരി,हल्लेखोर,Довтлогч,आक्रमणकारी,Raider,یورش‌برنده,Najeźdźca,Invasor,Invasor,ਹਮਲਾਵਰ,Prădător,Рейдер,Нападач,වැටලීම්කරු,Nájazdník,Napadalec,Asaltante,Atacante,Mvamizi,Räddare,தாக்குதல் நடத்துபவர்,దాడిచేసేవాడు,Ҳамлавар,ผู้บุกโจมตี,Çozujy,Baskıncı,Һөҗүм итүче,Нападник,چھاپہ مار,Bosqinchi,Kẻ đột kích,Umhlaseli
item_wood,Wood,Hout,Ағас,ТӀулг,Dru,እንጨት,خشب,Փայտ,Taxta,কাঠ,Дрэва,Wud,သစ်,木材,木材,木材,Drvo,Dřevo,Træ,Hout,Puit,Kahoy,Puu,Bois,ხე,Holz,Ξύλο,લાકડું,עץ,लकड़ी,Fa,Viður,Kayu,Legno,木材,ಮರ,Ағаш,ឈើ,나무,Жыгач,ໄມ້,Koks,Mediena,Дрво,Kayu,മരം,लाकूड,Мод,काठ,Tre,چوب,Drewno,Madeira,Madeira,ਲੱਕੜ,Lemn,Дерево,Дрво,දැව,Drevo,Les,Madera,Madera,Mbao,Trä,மரம்,కలప,Чӯб,ไม้,Agaç,Odun,Агач,Дерево,لکڑی,Yog‘och,Gỗ,Ugodo
item_stone,Stone,Klip,Таш,ТӀеман хӀума,Gur,ድንጋይ,حجر,Քար,Daş,পাথর,Камень,Ston,ကျောက်,石頭,石头,石頭,Kamen,Kámen,Sten,Steen,Kivi,Bato,Kivi,Pierre,ქვა,Stein,Πέτρα,પથ્થર,אבן,पत्थर,Kő,Steinn,Batu,Pietra,石,ಕಲ್ಲು,Тас,ថ្ម,돌,Таш,ຫີນ,Akmens,Akmuo,Камен,Batu,കല്ല്,दगड,Чулуу,ढुङ्गा,Stein,سنگ,Kamień,Pedra,Pedra,ਪੱਥਰ,Piatră,Камень,Камен,ගල්,Kameň,Kamen,Piedra,Piedra,Jiwe,Sten,கல்,రాయి,Санг,หิน,Daş,Taş,Таш,Камінь,پتھر,Tosh,Đá,Itshe
item_scrap,Scrap,Skroot,Металл ҡалдыҡтары,Пластик,Mbeturina,ብክነት,خردة,Մետաղի ջարդոն,Metal qırıntısı,স্ক্র্যাপ,Металолом,Skrap,သတ္တုအစအန,廢鐵,废铁,廢鐵,Otpad,Šrot,Skrot,Schroot,Vanametall,Bakal,Romumetalli,Ferraille,ლითონის ჯართი,Schrott,Σκραπ,સ્ક્રેપ,גרוטאות,रद्दी,Fémhulladék,Skrot,Besi tua,Rottami,スクラップ,ಸ್ಕ್ರ್ಯಾಪ್,Металл сынықтары,ដែកអេតចាយ,고철,Металл сыныктары,ເຫຼັກເສດ,Metāllūžņi,Metalo laužas,Отпад,Skrap,സ്ക്രാപ്പ്,स्क्रॅप,Хог,स्क्र्याप,Skrap,ضایعات,Złom,Sucata,Sucata,ਸਕ੍ਰੈਪ,Fier vechi,Металлолом,Отпад,පැරණි ලෝහ,Šrot,Odpadna kovina,Chatarra,Chatarra,Chakavu,Skrot,குப்பை,స్క్రాప్,Партови металлӣ,เศษโลหะ,Galyndy,Hurda,Металл калдыклары,Брухт,سکریپ,Chiqindi,Phế liệu,Uchwepheshe
item_plastic,Plastic,Plastiek,Пластик,Картош,Plastikë,ፕላስቲክ,بلاستيك,Պլաստիկ,Plastik,প্লাস্টিক,Пластык,Plastik,ပလတ်စတစ်,塑膠,塑料,塑膠,Plastika,Plast,Plastik,Plastic,Plastik,Plastik,Muovi,Plastique,პლასტმასი,Kunststoff,Πλαστικό,પ્લાસ્ટિક,פלסטיק,प्लास्टिक,Műanyag,Plast,Plastik,Plastica,プラスチック,ಪ್ಲಾಸ್ಟಿಕ್,Пластик,ប្លាស្ទិក,플라스틱,Пластик,ພລາສຕິກ,Plastmasa,Plastikas,Пластика,Plastik,പ്ലാസ്റ്റിക്,प्लास्टिक,Хуванцар,प्लास्टिक,Plast,پلاستیک,Plastik,Plástico,Plástico,ਪਲਾਸਟਿਕ,Plastic,Пластик,Пластика,ප්ලාස්ටික්,Plast,Plastika,Plástico,Plástico,Plastiki,Plast,பிளாஸ்டிக்,ప్లాస్టిక్,Пластик,พลาสติก,Plastik,Plastik,Пластик,Пластик,پلاسٹک,Plastik,Nhựa,Ipulasitiki
item_potato,Potato,Aartappel,Бәрәңге,Помидор,Patate,ድንች,بطاطس,Կարտոֆիլ,Kartof,আলু,Бульба,Potato,အာလူး,馬鈴薯,马铃薯,馬鈴薯,Krumpir,Brambora,Kartoffel,Aardappel,Kartul,Patatas,Peruna,Pomme de terre,კარტოფილი,Kartoffel,Πατάτα,બટાટા,תפוח אדמה,आलू,Burgonya,Kartafla,Kentang,Patata,ジャガイモ,ಆಲೂಗಡ್ಡೆ,Картоп,ដំឡូង,감자,Картошка,ມັນຕົ້ນ,Kartupelis,Bulvė,Компир,Kentang,ഉരുളക്കിഴങ്ങ്,बटाटा,Төмс,आलु,Potet,سیب‌زمینی,Ziemniak,Batata,Batata,ਆਲੂ,Cartof,Картошка,Кромпир,අර්තාපල්,Zemiak,Krompir,Papa,Patata,Viazi,Potatis,உருளைக்கிழங்கு,బంగాళాదుంప,Картошка,มันฝรั่ง,Kartoşka,Patates,Бәрәңге,Картопля,آلو,Kartoshka,Khoai tây,Ubhatata
item_tomato,Tomato,Tamatie,Помидор,Няр,Domate,ቲማቲም,طماطم,Լոլիկ,Pomidor,টমেটো,Памідор,Tometo,ခရမ်းချဉ်သီး,番茄,番茄,番茄,Rajčica,Rajče,Tomat,Tomaat,Tomat,Kamatis,Tomaatti,Tomate,პომიდორი,Tomate,Ντομάτα,ટમેટા,עגבנייה,टमाटर,Paradicsom,Tómatur,Tomat,Pomodoro,トマト,ಟೊಮೆಟೊ,Қызанақ,ប៉េងប៉ោះ,토마토,Помидор,ໝາກເລັ່ນ,Tomāts,Pomidoras,Домат,Tomato,തക്കാളി,टोमॅटो,Улаан лооль,टमाटर,Tomat,گوجه‌فرنگی,Pomidor,Tomate,Tomate,ਟਮਾਟਰ,Roșie,Помидор,Парадајз,තක්කාලි,Paradajka,Paradižnik,Tomate,Tomate,Nyanya,Tomat,தக்காளி,టమోటా,Помидор,มะเขือเทศ,Pomidor,Domates,Помидор,Помідор,ٹماٹر,Pomidor,Cà chua,Utamatisi
item_cucumber,Cucumber,Komkommer,Ҡыяр,Жаьрти,Kastravec,ኪያር,خيار,Վարունգ,Xiyar,শসা,Агурок,Kukamba,သခွားသီး,黃瓜,黄瓜,黃瓜,Krastavac,Okurka,Agurk,Komkommer,Kurk,Pipino,Kurkku,Concombre,კიტრი,Gurke,Αγγούρι,કાકડી,מלפפון,खीरा,Uborka,Gúrka,Mentimun,Cetriolo,キュウリ,ಸೌತೆಕಾಯಿ,Қияр,ត្រសក់,오이,Бадыраң,ໝາກແຕງ,Gurķis,Agurkas,Краставица,Timun,വെള്ളരി,काकडी,Өргөст хэмх,काँक्रो,Agurk,خیار,Ogórek,Pepino,Pepino,ਖੀਰਾ,Castravete,Огурец,Краставац,පිපිඤ්ඤා,Uhorka,Kumara,Pepino,Pepino,Tango,Gurka,வெள்ளரி,దోసకాయ,Бодиринг,แตงกวา,Hyýar,Salatalık,Кыяр,Огірок,ککڑی,Bodring,Dưa chuột,Ukhukhamba
item_carrot,Carrot,Wortel,Кишер,Копуста,Karotë,ካሮት,جزر,Գազար,Yerkökü,গাজর,Морква,Karet,မုန်လာဥနီ,紅蘿蔔,胡萝卜,紅蘿蔔,Mrkva,Mrkev,Gulerod,Wortel,Porgand,Karot,Porkkana,Carotte,სტაფილო,Karotte,Καρότο,ગાજર,גזר,गाजर,Répa,Gulrót,Wortel,Carota,ニンジン,ಕ್ಯಾರೆಟ್,Сәбіз,ការ៉ុត,당근,Сабиз,ແຄລອດ,Burkāns,Morka,Морков,Lobak merah,കാരറ്റ്,गाजर,Лууван,गाजर,Gulrot,هویج,Marchew,Cenoura,Cenoura,ਗਾਜਰ,Morcov,Морковь,Шаргарепа,කැරට්,Mrkva,Korenje,Zanahoria,Zanahoria,Karoti,Morot,கேரட்,క్యారెట్,Сабзӣ,แครอท,Käşir,Havuç,Кишер,Морква,گاجر,Sabzi,Cà rốt,Isanqante
item_cabbage,Cabbage,Kool,Кәбеҫтә,Даьржи,Lakër,ጎመን,ملفوف,Կաղամբ,Kələm,বাঁধাকপি,Капуста,Kabet,ဂေါ်ဖီထုပ်,高麗菜,卷心菜,高麗菜,Kupus,Zelí,Kål,Kool,Kapsas,Repolyo,Kaali,Chou,კომბოსტო,Kohl,Λάχανο,કોબી,כרוב,पत्तागोभी,Káposzta,Hvítkál,Kubis,Cavolo,キャベツ,ಎಲೆಕೋಸು,Қырыққабат,ស្ពៃក្តោប,양배추,Капуста,ກະລໍ່າປີ,Kāposti,Kopūstas,Зелка,Kubis,കാബേജ്,कोबी,Байцаа,बन्दाकोबी,Kål,کلم,Kapusta,Repolho,Repolho,ਗੋਭੀ,Varză,Капуста,Купус,ගෝවා,Kapusta,Zelje,Repollo,Repollo,Kabichi,Kål,முட்டைக்கோஸ்,క్యాబేజీ,Карам,กะหล่ำปลี,Kelem,Lahana,Кәбестә,Капуста,بند گوبھی,Karam,Bắp cải,Iklabishi
weapon,Weapon,Wapen,Ҡорал,Бейсболан такъа,Armë,ጦር መሳሪያ,سلاح,Զենք,Silah,অস্ত্র,Зброя,Wipen,လက်နက်,武器,武器,武器,Oružje,Zbraň,Våben,Wapen,Relv,Armas,Ase,Arme,იარაღი,Waffe,Όπλο,શસ્ત્ર,נשק,हथियार,Fegyver,Vopn,Senjata,Arma,武器,ಶಸ್ತ್ರಾಸ್ತ್ರ,Қару,អាវុធ,무기,Курал-жарак,ອາວຸດ,Ierocis,Ginklas,Оружје,Senjata,ആയുധം,शस्त्र,Зэвсэг,हतियार,Våpen,سلاح,Broń,Arma,Arma,ਹਥਿਆਰ,Armă,Оружие,Оружје,ආයුධය,Zbraň,Orožje,Arma,Arma,Silaha,Vapen,ஆயுதம்,ఆయుధం,Силоҳ,อาวุธ,Ýarag,Silah,Корал,Зброя,ہتھیار,Qurol,Vũ khí,Isikhali
weapon_baseball_bat,Baseball bat,Bofbalkolf,Бейсбол таяғы,Труба,Shkop bejsbolli,የቤዝቦል ምት,مضرب بيسبول,Բեյսբոլի մահակ,Beysbol çomağı,বেসবল ব্যাট,Бейсбольная біта,Bat blong besbol,ဘေ့စ်ဘောတုတ်,棒球棍,棒球棍,棒球棍,Bejzbol palica,Baseballová pálka,Baseballbat,Honkbalknuppel,Pesapallikurikas,Bat ng baseball,Pesäpallomaila,Batte de baseball,ბეისბოლის ჯოხი,Baseballschläger,Ρόπαλο του μπέιζμπολ,બેઝબોલ બેટ,מחבט בייסבול,बेसबॉल बल्ला,Baseball ütő,Baseballkylfa,Pemukul bisbol,Mazza da baseball,バット,ಬೇಸ್ಬಾಲ್ ಬ್ಯಾಟ್,Бейсбол таяғы,ដំបងបេស្បល,야구 방망이,Бейсбол таягы,ໄມ້ຕີເບສບອນ,Beisbola nūja,Beisbolo lazda,Бејзбол палка,Kayu pemukul besbol,ബേസ്ബോൾ ബാറ്റ്,बेसबॉल बॅट,Бэйсболын цохиур,बेसबल ब्याट,Baseballballtre,چوب بیسبال,Kij baseballowy,Taco de beisebol,Taco de basebol,ਬੇਸਬਾਲ ਬੱਲਾ,Liliac de baseball,Бейсбольная бита,Бејзбол палица,බේස්බෝල් පිත්ත,Baseballová palica,Bejzbolska palica,Bate de béisbol,Bate de béisbol,Fimbo ya besiboli,Basebollträ,பேஸ்பால் மட்டை,బేస్బాల్ బ్యాట్,Чӯби бейсбол,ไม้เบสบอล,Beýsbol taýagy,Beyzbol sopası,Бейсбол таягы,Бейсбольна бита,بیس بال بیٹ,Beysbol tayoqchasi,Gậy bóng chày,Induku ye-baseball
weapon_pipe,Pipe,Pyp,Труба,Шорт,Tub,ቧንቧ,أنبوب,Խողովակ,Boru,পাইপ,Труба,Paep,ပိုက်,鐵管,铁管,鐵管,Cijev,Trubka,Rør,Pijp,Toru,Tubo,Putki,Tuyau,მილი,Rohr,Σωλήνας,પાઇપ,צינור,पाइप,Cső,Pípa,Pipa,Tubo,パイプ,ಪೈಪ್,Құбыр,បំពង់,파이프,Түтүк,ທໍ່,Caurule,Vamzdis,Цевка,Paip,പൈപ്പ്,पाईप,Хоолой,पाइप,Rør,لوله,Rura,Cano,Cano,ਪਾਈਪ,Țeavă,Труба,Цев,නලයක්,Rúra,Cev,Tubo de metal,Tubo,Bomba,Rör,குழாய்,పైపు,Қубур,ท่อ,Turba,Boru,Труба,Труба,پائپ,Quvur,Ống,Ipayipi
weapon_crowbar,Crowbar,Koevoet,Кубалаҡ,Чукург,Levë,ማንሻ,عتلة,Լոմ,Lom,কাকদণ্ড,Манціроўка,Aian bar,သံပြားချောင်း,撬棍,撬棍,撬棍,Poluga,Páčidlo,Koben,Koevoet,Raudkang,Bareta,Sorkkarauta,Pied-de-biche,ლომი,Brecheisen,Λοστός,કાઉબાર,מוט ברזל,क्राउबार,Feszítővas,Kúbein,Linggis,Piede di porco,バール,ಕೌಬಾರ್,Сынық,ដែកគាស់,지렛대,Сынджыргыч,ຊະລໍ,Laužnis,Laužtuvas,Парче железо,Tuil,ക്രൗബാർ,कावबार,Хөшүүрэг,क्रोबार,Brekkjern,میله‌آهنی,Łom,Pé de cabra,Pé de cabra,ਕਾਂਬਾਰ,Răngă,Монтировка,Гвоздена полуга,කපනය,Páčidlo,Drog,Palanca,Palanca,Kiwasha,Kofot,கிரோபார்,క్రౌబార్,Лом,ชะแลง,Lom,Levye,Кубалак,Монтування,کراؤبار,Lom,Xà beng,Ikhroubha
weapon_hammer,Hammer,Hammer,Сүкеш,Тукун,Çekiç,መዶሻ,مطرقة,Մուրճ,Çəkic,হাতুড়ি,Молат,Hama,တူ,鐵鎚,铁锤,鐵鎚,Čekić,Kladivo,Hammer,Hamer,Haamer,Martilyo,Vasara,Marteau,ჩაქუჩი,Hammer,Σφυρί,હથોડી,פטיש,हथौड़ा,Kalapács,Hamari,Palu,Martello,ハンマー,ಸುತ್ತಿಗೆ,Балға,ញញួរ,망치,Балка,ຄ້ອນ,Āmurs,Plaktukas,Чекан,Tukul,ചുറ്റിക,हातोडा,Алх,हथौडा,Hammer,چکش,Młotek,Martelo,Martelo,ਹਥੌੜਾ,Ciocan,Молоток,Чекић,මිටිය,Kladivo,Kladivo,Martillo,Martillo,Nyundo,Hammare,சுத்தி,సుత్తి,Болға,ค้อน,Çekiç,Çekiç,Чүкеч,Молоток,ہتھوڑا,Bolg‘a,Búa,Isando
weapon_hatchet,Hatchet,Byltjie,Балта,Кухнинан урс,Sëpatë e vogël,ትንሽ መጥረቢያ,فأس صغير,Փոքր կացին,Balta,কুঠার,Сякера,Smal akis,ပုဆိန်,手斧,手斧,手斧,Sjekirica,Sekera,Økse,Bijltje,Kirves,Palakol,Kirves,Hachette,ცული,Beil,Τσεκούρι,કુહાડી,גרזן,कुल्हाड़ी,Balta,Öxi,Kapak,Ascia,手斧,ಕೊಡಲಿ,Балта,ពូថៅ,도끼,Балта,ຂວານ,Cirvis,Kirvis,Секира,Kapak,മഴു,कुर्हाड,Сүх,बन्चरो,Øks,تبر,Siekiera,Machado,Machado,ਕੁਹਾੜੀ,Topor,Топорик,Секира,පොරව,Sekera,Sekira,Hacha de mano,Hacha,Shoka,Yxa,கோடாரி,గొడ్డలి,Табар,ขวาน,Palta,Balta,Балта,Сокира,کلہاڑی,Bolta,Rìu,Izembo
weapon_kitchen_knife,Kitchen knife,Kombuismes,Ашхана бысағы,Мачете,Thikë kuzhine,የኩሽና ቢላዋ,سكين مطبخ,Խոհանոցային դանակ,Mətbəx bıçağı,রান্নাঘরের ছুরি,Кухонны нож,Naef blong kijin,မီးဖိုချောင်ဓား,廚房刀,厨房刀,廚房刀,Kuhinjski nož,Kuchyňský nůž,Køkkenkniv,Keukenmes,Kööginuga,Kutsilyo sa kusina,Keittiöveitsi,Couteau de cuisine,სამზარეულოს დანა,Küchenmesser,Μαχαίρι κουζίνας,રસોડું છરી,סכין מטבח,रसोई का चाकू,Konyhakés,Eldhúshnífur,Pisau dapur,Coltello da cucina,包丁,ಅಡುಗೆ ಮನೆಯ ಚಾಕು,Асхана пышағы,កាំបិតផ្ទះបាយ,주방 칼,Ашкана бычагы,ມີດເຮືອນຄົວ,Virtuves nazis,Virtuvinis peilis,Кујнски нож,Pisau dapur,അടുക്കള കത്തി,स्वयंपाकघरातील चाकू,Гал тогооны хутга,भान्साको चक्कु,Kjøkkenkniv,چاقوی آشپزخانه,Nóż kuchenny,Faca de cozinha,Faca de cozinha,ਰਸੋਈ ਦੀ ਛੁਰੀ,Cuțit de bucătărie,Кухонный нож,Кухињски нож,මුළුතැන්ගෙයි පිහිය,Kuchynský nôž,Kuhinjski nož,Cuchillo de cocina,Cuchillo de cocina,Kisu cha jikoni,Kökskniv,சமையலறை கத்தி,వంటగది కత్తి,Корди ошхона,มีดครัว,Aşhana pyçagy,Mutfak bıçağı,Ашханә пычагы,Кухонний ніж,باورچی خانے کی چھری,Oshxona pichog‘i,Dao nhà bếp,Ummese wasekhishini
weapon_machete,Machete,Kapmes,Масете,ЦӀенан тукун,Maçetë,ማቼቴ,منجل,Մաչետե,Maçete,মাচেটে,Мачэтэ,Maset,မက်ခီတီ,開山刀,砍刀,開山刀,Mačeta,Mačeta,Machete,Machete,Mašete,Machete,Machete,Machette,მაჩეტე,Machete,Ματσέτα,માચેટ,מצ'טה,मचेटे,Macsete,Machete,Parang,Machete,マチェーテ,ಮಚೆಟೆ,Мачете,ម៉ាសេត,마체테,Мачете,ມາເຊເທ,Mačete,Mačetė,Мачета,Parang,മച്ചെറ്റി,माचेटी,Мачете,मचेटे,Machete,مچته,Maczeta,Facão,Catana,ਮਚੇਟ,Macetă,Мачете,Мачета,මචේතේ,Mačeta,Mačeta,Machete,Machete,Panga,Machete,மச்சேட்டி,మచెటీ,Мачете,แมเชเท,Maçete,Pal a,Мачете,Мачете,مشیٹی,Machete,Machete,Imachete
weapon_fire_axe,Fire axe,Brandweerbyl,Янғын балтаһы,Кувалда,Sëpatë zjarrfikëse,የእሳት መጥረቢያ,فأس إطفاء,Հրշեջ կացին,Yanğın baltası,আগুন কুঠার,Пажарная сякера,Akis blong faea,မီးသတ်ပုဆိန်,消防斧,消防斧,消防斧,Vatrogasna sjekira,Hasičská sekera,Brandøkse,Brandbijl,Tuletõrjekirves,Palakol na pambumbero,Kirves,Hache de pompier,მეხანძრის ცული,Feuerwehraxt,Τσεκούρι πυροσβέστη,ફાયર કુહાડી,גרזן כיבוי אש,आग कुल्हाड़ी,Tűzoltó balta,Slökkviliðsöxi,Kapak pemadam kebakaran,Ascia da pompieri,消防斧,ಅಗ್ನಿಶಾಮಕ ಕೊಡಲಿ,Өрт балтасы,ពូថៅពន្លត់អគ្គីភ័យ,소방 도끼,Өрт балтасы,ຂວານດັບເພີງ,Ugunsdzēsēja cirvis,Gaisrinis kirvis,Пожарна секира,Kapak api,അഗ്നി മഴു,अग्निशामक कुर्हाड,Гал сөнөөгчийн сүх,आगो बन्चरो,Brannøks,تبر آتش‌نشانی,Siekiera strażacka,Machado de bombeiro,Machado de bombeiro,ਅੱਗ ਬੁਝਾਉਣ ਵਾਲੀ ਕੁਹਾੜੀ,Topor de pompier,Пожарный топор,Ватрогасна секира,ගිනි නිවන පොරව,Hasičská sekera,Gasilska sekira,Hacha de bombero,Hacha de bombero,Shoka la moto,Brandyxa,தீ கோடாரி,అగ్ని గొడ్డలి,Табари оташнишонӣ,ขวานดับเพลิง,Ot palta,İtfaiye baltası,Янгын балтасы,Пожежна сокира,آگ بجھانے والی کلہاڑی,Yong‘in boltasi,Rìu cứu hỏa,Izembo lomlilo
weapon_sledgehammer,Sledgehammer,Voorhamer,Сүкеш,ГӀуллакхаш,Varrë,ግዙፍ መዶሻ,مطرقة ثقيلة,Ծանր մուրճ,Balyoz,শক্ত হাতুড়ি,Кувалда,Bigfala hama,သံတူကြီး,大鐵鎚,大铁锤,大鐵鎚,Teški čekić,Perlík,Forhammer,Voorhamer,Haamer,Martilyo,Leukapaino,Masse,ძელჩაქუჩი,Vorschlaghammer,Βαριοπούλα,સ્લેજહેમર,פטיש כבד,स्लेजहैमर,Kőműveskalapács,Sleggja,Palu godam,Mazza,スレッジハンマー,ಸ್ಲೆಜ್ಹ್ಯಾಮರ್,Балға,ញញួរធំ,큰 망치,Балка,ຄ້ອນໃຫຍ່,Veseris,Kūjis,Чекан,Tukul besi,സ്ലെഡ്ജ്ഹാമർ,स्लेजहॅमर,Дэгээт алх,स्लेजह्यामर,Slegge,پتک,Młot,Marreta,Marreta,ਸਲੇਜਹੈਮਰ,Baros,Кувалда,Велики чекић,මහා මිටිය,Perlík,Težko kladivo,Mazo,Mazo,Nyundo kubwa,Slägga,சுத்தி,స్లెడ్జ్హామర్,Болғаи калон,ค้อนขนาดใหญ่,Çekiç,Bal yoz,Балта,Кувалда,سلیج ہیمر,Bolg‘a,Búa tạ,Isando esikhulu
skills,Skills,Vaardighede,Оҫталыҡтар,Даар кечдар,Aftësitë,ችሎታዎች,المهارات,Հմտություններ,Bacarıqlar,দক্ষতা,Навыкі,Skil,ကျွမ်းကျင်မှုများ,技能,技能,技能,Vještine,Dovednosti,Færdigheder,Vaardigheden,Oskused,Mga kasanayan,Taidot,Compétences,უნარები,Fähigkeiten,Δεξιότητες,કૌશલ્યો,מיומנויות,कौशल,Képességek,Færni,Keterampilan,Abilità,スキル,ಕೌಶಲ್ಯಗಳು,Дағдылар,ជំនាញ,기술,Көндүмдөр,ທັກສະ,Prasmes,Įgūdžiai,Вештини,Kemahiran,വൈദഗ്ധ്യങ്ങൾ,कौशल्ये,Ур чадвар,सीपहरू,Ferdigheter,مهارت‌ها,Umiejętności,Habilidades,Habilidades,ਹੁਨਰ,Abilități,Навыки,Вештине,කුසලතා,Zručnosti,Spretnosti,Habilidades,Habilidades,Ustadi,Färdigheter,திறன்கள்,నైపుణ్యాలు,Малокатҳо,ทักษะ,Başarnyklar,Yetenekler,Осталыклар,Навички,مہارتیں,Mahoratlar,Kỹ năng,Amakhono
skill_cooking,Cooking,Kook,Ашбеҙгәс,ЙуьртанхIуьттург,Gatimi,ምግብ ማብሰል,الطبخ,Խոհարարություն,Bişirmə,রান্না,Прыгатаванне ежы,Kuk,ချက်ပြုတ်ခြင်း,烹飪,烹饪,烹飪,Kuhanje,Vaření,Madlavning,Koken,Kokkamine,Pagluluto,Ruoanlaitto,Cuisine,სამზარეულო,Kochen,Μαγειρική,રસોઈ,בישול,खाना बनाना,Főzés,Matreiðsla,Memasak,Cucina,料理,ಅಡುಗೆ,Аспаздық,ចម្អិនអាហារ,요리,Ашпозчулук,ການປຸງອາຫານ,Ēdiena gatavošana,Gaminimas,Готвење,Memasak,പാചകം,स्वयंपाक,Хоол хийх,पाककला,Matlaging,آشپزی,Gotowanie,Culinária,Culinária,ਪਕਾਉਣਾ,Gătit,Готовка,Кување,ඉවුම් පිහුම්,Varenie,Kuhanje,Cocina,Cocina,Upishi,Matlagning,சமையல்,వంట,Пухтупаз,การทำอาหาร,Aşpezlik,Yemek pişirme,Ашпешелек,Приготування їжі,کھانا پکانا,Ovqat pishirish,Nấu ăn,Ukupheka
skill_farming,Farming,Boerdery,Игенселек,Электрика,Bujqësia,እርሻ,الزراعة,Ֆերմերություն,Əkinçilik,কৃষি,Земляробства,Faming,လယ်ယာစိုက်ပျိုးခြင်း,農耕,农耕,農耕,Poljoprivreda,Zemědělství,Landbrug,Landbouw,Põllundus,Pagsasaka,Viljely,Agriculture,მეურნეობა,Landwirtschaft,Γεωργία,ખેતી,חקלאות,खेती,Mezőgazdaság,Búskapur,Bertani,Agricoltura,農業,ಕೃಷಿ,Егіншілік,កសិកម្ម,농업,Дыйканчылык,ການກະສິກຳ,Lauksaimniecība,Ūkininkavimas,Земјоделство,Pertanian,കൃഷി,शेती,Тариалан,कृषि,Jordbruk,کشاورزی,Rolnictwo,Agricultura,Agricultura,ਖੇਤੀਬਾੜੀ,Agricultură,Фермерство,Пољопривреда,ගොවිතැන,Poľnohospodárstvo,Kmetijstvo,Agricultura,Agricultura,Kilimo,Jordbruk,விவசாயம்,వ్యవసాయం,Кишоварзӣ,การทำฟาร์ม,Ekerançylyk,Tarım,Игенчелек,Землеробство,کاشتکاری,Dehqonchilik,Nông nghiệp,Ukulima
skill_electrics,Electrics,Elektrisiteit,Электр,Куьйганан балхаш,Elektronika,ኤሌክትሪክ,الكهرباء,Էլեկտրիկա,Elektrik,বিদ্যুৎ,Электрыка,Elektrik,လျှပ်စစ်ပညာ,電力,电力,電力,Elektrika,Elektrika,Elektrik,Elektriciteit,Elektrika,Elektrisidad,Sähkötekniikka,Électricité,ელექტრიკა,Elektrik,Ηλεκτρολογία,વીજળી,חשמל,इलेक्ट्रिक्स,Elektronika,Rafmagn,Elektrik,Elettricità,電気,ವಿದ್ಯುತ್,Электр,អគ្គិសនី,전기,Электр,ໄຟຟ້າ,Elektrība,Elektra,Електрика,Elektrik,ഇലക്ട്രിക്,इलेक्ट्रिक्स,Цахилгаан,इलेक्ट्रिक्स,Elektrikk,برق,Elektryka,Elétrica,Elétrica,ਇਲੈਕਟ੍ਰਿਕਸ,Electrică,Электрика,Електрика,විදුලි,Elektrika,Elektrika,Electricidad,Electricidad,Umeme,El,மின்சாரம்,ఎలక్ట్రిక్స్,Барқ,ระบบไฟฟ้า,Elektrik,Elektrik,Электр,Електрика,الیکٹرکس,Elektr,Điện,Ugesi
skill_crafting,Crafting,Vervaardiging,Ҡул эше,Хин лелар,Punimi i dorës,የእጅ ጥበብ,الصناعة اليدوية,Արհեստագործություն,Sənətkarlıq,কারুশিল্প,Крафтынг,Hendikraf,လက်မှုပညာ,手工藝,手工,手工藝,Izrada,Řemeslo,Håndværk,Handwerk,Käsitöö,Paggawa,Käsityö,Artisanat,ხელოსნობა,Handwerk,Χειροτεχνία,હસ્તકલા,אומנות,शिल्पकला,Kézművesség,Handverk,Kerajinan,Artigianato,クラフト,ಕರಕುಶಲ,Қолөнер,សិប្បកម្ម,공예,Кол өнөрчүлүк,ຫັດຖະກຳ,Amatniecība,Amatai,Занаетчиство,Kraf,കരകൗശലം,हस्तकला,Гар урлал,शिल्पकला,Håndverk,صنایع‌دستی,Rzemiosło,Artesanato,Artesanato,ਦਸਤਕਾਰੀ,Meșteșugărit,Крафтинг,Занатство,අත්කම්,Remeslo,Obrt,Artesanía,Artesanía,Ufundi,Hantverk,கைவினை,క్రాఫ్టింగ్,Ҳунармандӣ,งานฝีมือ,Senetçilik,Zanaat,Кул эше,Крафтинг,دستکاری,Hunarmandchilik,Chế tạo,Ubuciko
skill_boating,Boating,Vaar,Кәмә йөрөтөү,Лоьралла,Lundrimi,የጀልባ ጉዞ,الإبحار,Նավարկություն,Gəmiçilik,নৌচালনা,Навігацыя,Bot,လှေစီးခြင်း,航海,航海,航海,Plovidba,Plavba,Sejlads,Varen,Purjetamine,Paglalayag,Veneily,Navigation,ნაოსნობა,Bootfahren,Ιστιοπλοΐα,હોડી ચલાવવી,שיט,नाव चलाना,Hajózás,Siglingar,Berlayar,Navigazione,航海,ದೋಣಿ ಚಾಲನೆ,Жүзу,ជិះទូក,항해,Кеме сүзүү,ການເດີນເຮືອ,Burāšana,Buriavimas,Пловење,Berlayar,ബോട്ടിംഗ്,बोटिंग,Усан онгоц жолоодох,डुङ्गा चलाउने,Båtliv,قایقرانی,Żeglarstwo,Navegação,Navegação,ਕਿਸ਼ਤੀ ਚਲਾਉਣਾ,Navigație,Плавание,Пловљење,බෝට්ටු පැදවීම,Plavba,Navigacija,Navegación,Navegación,Kuendesha mashua,Båtliv,படகோட்டம்,బోటింగ్,Киштӣронӣ,การเดินเรือ,Gaýykda ýüzmek,Kayıkçılık,Көймә йөртү,Судноплавство,کشتی رانی,Qayiqda suzish,Chèo thuyền,Ukuhamba ngesikebhe
skill_medicine,Medicine,Medisyne,Медицина,Ӏилма,Mjekësia,ህክምና,الطب,Բժշկություն,Tibb,ঔষধ,Медыцына,Medisin,ဆေးပညာ,醫學,医学,醫學,Medicina,Lékařství,Medicin,Geneeskunde,Meditsiin,Medisina,Lääketiede,Médecine,მედიცინა,Medizin,Ιατρική,દવા,רפואה,चिकित्सा,Orvoslás,Læknisfræði,Kedokteran,Medicina,医学,ವೈದ್ಯಕೀಯ,Медицина,វេជ្ជសាស្ត្រ,의학,Медицина,ການແພດ,Medicīna,Medicina,Медицина,Perubatan,വൈദ്യം,वैद्यक,Анагаах ухаан,चिकित्सा,Medisin,پزشکی,Medycyna,Medicina,Medicina,ਦਵਾਈ,Medicină,Медицина,Медицина,වෛද්‍ය විද්‍යාව,Medicína,Medicina,Medicina,Medicina,Tiba,Medicin,மருத்துவம்,వైద్యం,Тиб,การแพทย์,Lukmançylyk,Tıp,Медицина,Медицина,طب,Tibbiyot,Y học,Ezokwelapha
skill_science,Science,Wetenskap,Фән,ТӀом,Shkenca,ሳይንስ,العلوم,Գիտություն,Elm,বিজ্ঞান,Навука,Saens,သိပ္ပံပညာ,科學,科学,科學,Znanost,Věda,Videnskab,Wetenschap,Teadus,Agham,Tiede,Science,მეცნიერება,Wissenschaft,Επιστήμη,વિજ્ઞાન,מדע,विज्ञान,Tudomány,Vísindi,Ilmu pengetahuan,Scienza,科学,ವಿಜ್ಞಾನ,Ғылым,វិទ្យាសាស្ត្រ,과학,Илим,ວິທະຍາສາດ,Zinātne,Mokslas,Наука,Sains,ശാസ്ത്രം,विज्ञान,Шинжлэх ухаан,विज्ञान,Vitenskap,علم,Nauka,Ciência,Ciência,ਵਿਗਿਆਨ,Știință,Наука,Наука,විද්‍යාව,Veda,Znanost,Ciencia,Ciencia,Sayansi,Vetenskap,அறிவியல்,శాస్త్రం,Илм,วิทยาศาสตร์,Ylym,Bilim,Фән,Наука,سائنس,Fan,Khoa học,Isayensi
skill_combat,Combat,Geveg,Һуғыш,ГӀирс хьалаборах лаьцна хьекъал. Даар кечдаран сихалла тӀедоьду {skillBonus}.,Luftimi,ውጊያ,القتال,Մարտ,Döyüş,যুদ্ধ,Бой,Fet,တိုက်ခိုက်ခြင်း,戰鬥,战斗,戰鬥,Borba,Boj,Kamp,Gevecht,Võitlus,Labanan,Taistelu,Combat,ბრძოლა,Kampf,Μάχη,લડાઈ,קרב,युद्ध,Harc,Bardagi,Pertarungan,Combattimento,戦闘,ಯುದ್ಧ,Шайқас,ប្រយុទ្ធ,전투,Согуш,ການຕໍ່ສູ້,Cīņa,Kova,Борба,Pertempuran,യുദ്ധം,लढाई,Тулаан,युद्ध,Kamp,جنگ‌آوری,Walka,Combate,Combate,ਲੜਾਈ,Luptă,Сражение,Борба,සටන,Boj,Bojevanje,Combate,Combate,Mapambano,Strid,போர்,పోరాటం,Ҷанг,การต่อสู้,Söweş,Savaş,Сугыш,Бій,جنگ,Jang,Chiến đấu,Impi
skill_description_cooking,Culinary mastery from minimal resources. Cooking speed is increased by {skillBonus}.,Kulinêre meesterskap met minimale hulpbronne. Kookspoed word met {skillBonus} verhoog.,Аҙ ресурстар менән ашбеҙгәс оҫталығы. Ашбеҙгәс тиҙлеге {skillBonus} арта.,Латтан тӀе культураш кхиоран хьекъал. Барх бохуш хан кхочу {skillBonus}.,Mjeshtëri kulinare me burime minimale. Shpejtësia e gatimit rritet me {skillBonus}.,አነስተኛ ሀብቶችን በመጠቀም የምግብ ውበት. የምግብ ማብሰያ ፍጥነት በ {skillBonus} ይጨምራል.,إتقان الطهي بأقل الموارد. سرعة الطهي تزيد بنسبة {skillBonus}.,Խոհարարական վարպետություն նվազագույն ռեսուրսներով. Խոհարարության արագությունը մեծանում է {skillBonus}-ով:,Minimal resurslarla kulinariya mükəmməlliyi. Bişirmə sürəti {skillBonus} artır.,ন্যূনতম সম্পদে রন্ধনশিল্পের দক্ষতা। রান্নার গতি {skillBonus} বৃদ্ধি পায়।,Кулінарнае майстэрства з мінімуму рэсурсаў. Хуткасць гатавання павялічана на {skillBonus}.,Skil blong kuk wetem smol resos. Spid blong kuk i go ap long {skillBonus}.,အနည်းဆုံးအရင်းအမြစ်များဖြင့် ချက်ပြုတ်မှုအတတ်ပညာ။ ချက်ပြုတ်မှုအမြန်နှုန်း {skillBonus} တိုးလာသည်။,以最少資源展現烹飪技藝。烹飪速度提升 {skillBonus}。,以最少资源展现烹饪技艺。烹饪速度提升 {skillBonus}。,以最少資源展現烹飪技藝。烹飪速度提升 {skillBonus}。,Kulinarsko majstorstvo s minimalnim resursima. Brzina kuhanja povećana za {skillBonus}.,Kulinářské mistrovství s minimálními zdroji. Rychlost vaření se zvyšuje o {skillBonus}.,Kulinarisk mesterskab med minimale ressourcer. Madlavningshastighed øges med {skillBonus}.,Culinaire meesterschap met minimale grondstoffen. Kooksnelheid verhoogd met {skillBonus}.,Kulinaarne meisterlikkus minimaalsete ressurssidega. Küpsetuskiirus suureneb {skillBonus} võrra.,Kahusayan sa pagluluto gamit ang kaunting mapagkukunan. Bilis ng pagluluto ay tumataas ng {skillBonus}.,Ruuanlaittotaitoa minimiresursseista. Ruuanlaittonopeus lisätty {skillBonus}.,Cuisine raffinée avec un minimum de ressources. Vitesse de cuisson augmentée de {skillBonus}.,კულინარიული ოსტატობა მინიმალური რესურსებით. მომზადების სიჩქარე იზრდება {skillBonus}-ით.,Kulinarische Meisterschaft mit minimalen Ressourcen. Kochgeschwindigkeit erhöht um {skillBonus}.,Γαστρονομική μαεστρία με ελάχιστους πόρους. Η ταχύτητα μαγειρέματος αυξάνεται κατά {skillBonus}.,ન્યૂનતમ સંસાધનો સાથે રાંધણ કળા. રસોઈની ગતિ {skillBonus} વધે છે.,שליטה קולינרית עם משאבים מינימליים. מהירות הבישול גדלה ב-{skillBonus}.,न्यूनतम संसाधनों के साथ पाक कला। खाना पकाने की गति {skillBonus} बढ़ जाती है।,Kulináris mesterség minimális erőforrásokkal. A főzési sebesség {skillBonus}-kal nő.,Kulinarísk meistarastykki með lágmarks auðlindum. Matreiðsluhraði eykst um {skillBonus}.,Keahlian kuliner dengan sumber daya minimal. Kecepatan memasak meningkat sebesar {skillBonus}.,Maestria culinaria con risorse minime. La velocità di cottura aumenta del {skillBonus}.,最小限の資源で料理の腕前を発揮。料理速度が {skillBonus} 上昇します。,ಕನಿಷ್ಠ ಸಂಪನ್ಮೂಲಗಳೊಂದಿಗೆ ಪಾಕಶಾಲೆಯ ಪ್ರಾವೀಣ್ಯತೆ. ಅಡುಗೆ ವೇಗವು {skillBonus} ರಷ್ಟು ಹೆಚ್ಚಾಗುತ್ತದೆ.,Аз ресурстармен аспаздық шеберлік. Аспаздық жылдамдығы {skillBonus} артады.,ជំនាញធ្វើម្ហូបដោយប្រើធនធានតិចតួច។ ល្បឿនចម្អិនអាហារកើនឡើង {skillBonus}។,최소한의 자원으로 요리 기술 발휘. 요리 속도가 {skillBonus} 증가합니다.,Аз ресурстар менен ашпозчулук чеберчилиги. Ашпозчулук ылдамдыгы {skillBonus} га жогорулайт.,ຄວາມຊຳນານດ້ານການປຸງອາຫານດ້ວຍຊັບພະຍາກອນໜ້ອຍທີ່ສຸດ. ຄວາມໄວການປຸງອາຫານເພີ່ມຂຶ້ນ {skillBonus}.,Kulinārijas meistarība ar minimāliem resursiem. Gatavošanas ātrums palielinās par {skillBonus}.,Kulinarinis meistriškumas su minimaliais ištekliais. Gaminimo greitis padidėja {skillBonus}.,Кулинарско мајсторство со минимални ресурси. Брзината на готвење се зголемува за {skillBonus}.,Kepakaran masakan dengan sumber minimum. Kelajuan memasak meningkat sebanyak {skillBonus}.,കുറഞ്ഞ വിഭവങ്ങൾ ഉപയോഗിച്ചുള്ള പാചക വൈദഗ്ധ്യം. പാചക വേഗത {skillBonus} വർദ്ധിക്കുന്നു.,कमीत कमी संसाधनांसह स्वयंपाक कलेतील प्रभुत्व. स्वयंपाकाची गती {skillBonus} ने वाढते.,Хамгийн бага нөөцөөр хоол хийх ур чадвар. Хоол хийх хурд {skillBonus}-р нэмэгдэнэ.,न्यूनतम स्रोतहरूसँग पाककलाको निपुणता। पाककलाको गति {skillBonus} ले बढ्छ।,Kulinarisk mesterskap med minimale ressurser. Matlagingshastighet økes med {skillBonus}.,تسلط آشپزی با حداقل منابع. سرعت آشپزی {skillBonus} افزایش می‌یابد.,Kulinarne mistrzostwo z minimalnych zasobów. Szybkość gotowania zwiększona o {skillBonus}.,Maestria culinária com recursos mínimos. Velocidade de cozimento aumenta em {skillBonus}.,Culinária refinada com recursos mínimos. Velocidade de cozedura aumentada em {skillBonus}.,ਘੱਟੋ-ਘੱਟ ਸਰੋਤਾਂ ਨਾਲ ਰਸੋਈ ਵਿੱਚ ਮੁਹਾਰਤ। ਪਕਾਉਣ ਦੀ ਗਤੀ {skillBonus} ਵੱਧ ਜਾਂਦੀ ਹੈ।,Măiestrie culinară cu resurse minime. Viteza de gătit crește cu {skillBonus}.,Кулинарные изыски из минимума ресурсов. Скорость приготовления пищи увеличина на {skillBonus}.,Кулинарско мајсторство са минималним ресурсима. Брзина кувања се повећава за {skillBonus}.,අවම සම්පත් සමඟ ඉවුම් පිහුම් ප්‍රවීණත්වය. ඉවුම් පිහුම් වේගය {skillBonus} කින් වැඩිවේ.,Kulinárske majstrovstvo s minimálnymi zdrojmi. Rýchlosť varenia sa zvyšuje o {skillBonus}.,Kulinarsko mojstrstvo z minimalnimi viri. Hitrost kuhanja se poveča za {skillBonus}.,Maestría culinaria con recursos mínimos. La velocidad de cocinado aumenta un {skillBonus}.,Maestría culinaria con recursos mínimos. La velocidad de cocina aumenta en {skillBonus}.,Ustadi wa upishi kwa rasilimali chache. Kasi ya upishi inaongezeka kwa {skillBonus}.,Kulinarisk mästerskap med minimala resurser. Matlagningshastigheten ökar med {skillBonus}.,குறைந்த வளங்களுடன் சமையல் திறமை. சமையல் வேகம் {skillBonus} அதிகரிக்கிறது.,కనిష్ట వనరులతో వంట నైపుణ్యం. వంట వేగం {skillBonus} పెరుగుతుంది.,Маҳорати пухтупаз бо захираҳои ҳадди ақал. Суръати пухтупаз {skillBonus} зиёд мешавад.,ความเชี่ยวชาญด้านการทำอาหารด้วยทรัพยากรขั้นต่ำ ความเร็วในการทำอาหารเพิ่มขึ้น {skillBonus},Az çeşmeler bilen aşpezlik ussatlygy. Aşpezlik tizligi {skillBonus} ýokarlanýar.,Minimum kaynakla mutfak ustalığı. Pişirme hızı %{skillBonus} artar.,Әз ресурслар белән ашпешелек осталыгы. Ашпешелек тизлеге {skillBonus} арта.,Кулінарна майстерність з мінімуму ресурсів. Швидкість приготування їжі збільшується на {skillBonus}.,کم سے کم وسائل کے ساتھ کھانا پکانے کی مہارت۔ کھانا پکانے کی رفتار {skillBonus} بڑھ جاتی ہے۔,Minimal resurslar bilan oshpazlik mahorati. Ovqat pishirish tezligi {skillBonus} ga oshadi.,Tinh thông ẩm thực với tài nguyên tối thiểu. Tốc độ nấu ăn tăng {skillBonus}.,Ubuciko bokupheka ngezinsiza ezincane. Isivinini sokupheka sikhuphuka ngo-{skillBonus}.
skill_description_farming,Secrets of gentle soil care. Crop maturation time is reduced by {skillBonus}.,Geheime van sagte grondversorging. Oestyd word met {skillBonus} verminder.,Тупраҡҡа һаҡ ҡарау сере. Уңыштың өлгөрөү ваҡыты {skillBonus} ҡыҫҡара.,"Ампераш а, вольташ а кхетаран хьовсар. Энерги кхолларан эффект тӀедоьду {skillBonus}.",Sekretet e kujdesit të butë të tokës. Koha e pjekjes së të korrave zvogëlohet me {skillBonus}.,የአፈር እንክብካቤ ምስጢሮች. የሰብል ብስለት ጊዜ በ {skillBonus} ይቀንሳል.,أسرار العناية اللطيفة بالتربة. وقت نضج المحاصيل يقل بنسبة {skillBonus}.,Հողի նուրբ խնամքի գաղտնիքներ. Բերքի հասունացման ժամանակը կրճատվում է {skillBonus}-ով:,Torpağa qulluq sirləri. Məhsulun yetişmə müddəti {skillBonus} azalır.,মাটির যত্নের রহস্য। ফসল পাকার সময় {skillBonus} হ্রাস পায়।,Сакрэты беражлівага догляду глебы. Час паспявання ўраджаю скарочаны на {skillBonus}.,Sekret blong lukaotem graon. Taem blong groim kakae i go daon long {skillBonus}.,မြေဆီလွှာထိန်းသိမ်းမှုလျှို့ဝှက်ချက်များ။ သီးနှံမှည့်ချိန် {skillBonus} လျော့ကျသည်။,土壤細心照護的秘訣。作物成熟時間縮短 {skillBonus}。,土壤细心照护的秘诀。作物成熟时间缩短 {skillBonus}。,土壤細心照護的秘訣。作物成熟時間縮短 {skillBonus}。,Tajne nježne njege tla. Vrijeme sazrijevanja usjeva smanjeno za {skillBonus}.,Tajemství šetrné péče o půdu. Doba zrání plodin se zkracuje o {skillBonus}.,Hemmelighederne bag skånsom jordpleje. Afgrøders modningstid reduceres med {skillBonus}.,Geheimen van zachte grondverzorging. Oogsttijd verkort met {skillBonus}.,Mulla õrna hooldamise saladused. Saagi valmimisaeg väheneb {skillBonus} võrra.,Mga sikreto ng maingat na pangangalaga sa lupa. Oras ng paghinog ng pananim ay nababawasan ng {skillBonus}.,Maan hoitamisen salaisuudet. Sadon kypsymisaika lyhennetty {skillBonus}.,Secrets de l'entretien des sols. Temps de maturation des récoltes réduit de {skillBonus}.,ნიადაგის მოვლის საიდუმლოებები. მოსავლის მომწიფების დრო მცირდება {skillBonus}-ით.,Geheimnisse der sanften Bodenpflege. Reifezeit der Ernte verkürzt um {skillBonus}.,Μυστικά της ήπιας φροντίδας του εδάφους. Ο χρόνος ωρίμανσης των καλλιεργειών μειώνεται κατά {skillBonus}.,જમીનની સંભાળના રહસ્યો. પાક પાકવાનો સમય {skillBonus} ઘટે છે.,סודות הטיפול העדין באדמה. זמן הבשלת היבולים מתקצר ב-{skillBonus}.,मिट्टी की देखभाल के रहस्य। फसल पकने का समय {skillBonus} कम हो जाता है।,A talaj finom ápolásának titkai. A termések érési ideje {skillBonus}-kal csökken.,Leiðindi við varlega jarðvegsmeðferð. Uppskeruþroskatími styttist um {skillBonus}.,Rahasia perawatan tanah yang lembut. Waktu pematangan tanaman berkurang sebesar {skillBonus}.,Segreti della cura delicata del terreno. Il tempo di maturazione del raccolto si riduce del {skillBonus}.,土壌を優しく育てる秘訣。作物の収穫時間が {skillBonus} 短縮されます。,ಮಣ್ಣಿನ ಆರೈಕೆಯ ರಹಸ್ಯಗಳು. ಬೆಳೆ ಮಾಗುವ ಸಮಯವು {skillBonus} ರಷ್ಟು ಕಡಿಮೆಯಾಗುತ್ತದೆ.,Топыраққа мұқият күтім жасау құпиялары. Егіннің пісу уақыты {skillBonus} қысқарады.,អាថ៌កំបាំងនៃការថែទាំដី។ ពេលវេលាទុំដំណាំថយចុះ {skillBonus}។,토양을 섬세하게 가꾸는 비결. 작물 성숙 시간이 {skillBonus} 단축됩니다.,Топуракты назик багуунун сырлары. Эгиндин бышуу убактысы {skillBonus} га кыскарат.,ຄວາມລັບຂອງການດູແລດິນ. ເວລາການສຸກຂອງພືດຫຼຸດລົງ {skillBonus}.,Augsnes kopšanas noslēpumi. Ražas nogatavošanās laiks samazinās par {skillBonus}.,Švelnios dirvožemio priežiūros paslaptys. Derliaus nokimo laikas sutrumpėja {skillBonus}.,Тајни на нежна грижа за почвата. Времето за зреење на културите се намалува за {skillBonus}.,Rahsia penjagaan tanah yang lembut. Masa masak tanaman berkurang sebanyak {skillBonus}.,മണ്ണിന്റെ പരിചരണ രഹസ്യങ്ങൾ. വിള പാകമാകുന്ന സമയം {skillBonus} കുറയുന്നു.,जमिनीच्या काळजीचे रहस्य. पिकाची पक्वता वेळ {skillBonus} ने कमी होते.,Хөрс арчилгааны нууцууд. Ургацын боловсрох хугацаа {skillBonus}-р буурна.,माटोको हेरचाहका रहस्यहरू। बाली पाक्ने समय {skillBonus} ले घट्छ।,Hemmelighetene bak skånsom jordpleie. Avlingers modningstid reduseres med {skillBonus}.,اسرار مراقبت از خاک. زمان رسیدن محصول {skillBonus} کاهش می‌یابد.,Sekrety delikatnej pielęgnacji gleby. Czas dojrzewania plonów skrócony o {skillBonus}.,Segredos do cuidado suave com a terra. Tempo de maturação das colheitas reduzido em {skillBonus}.,Segredos do cuidado suave com a terra. Tempo de maturação das colheitas reduzido em {skillBonus}.,ਧਰਤੀ ਦੀ ਦੇਖਭਾਲ ਦੇ ਰਾਜ਼। ਫਸਲ ਦੇ ਪੱਕਣ ਦਾ ਸਮਾਂ {skillBonus} ਘੱਟ ਜਾਂਦਾ ਹੈ।,Secretele îngrijirii blânde a solului. Timpul de coacere a culturilor se reduce cu {skillBonus}.,Секреты бережного ухода за почвой. Время созревания урожая сокращено на {skillBonus}.,Тајне нежне неге земљишта. Време сазревања усева се смањује за {skillBonus}.,පස රැකබලා ගැනීමේ රහස්. බෝග ඉදෙමින් කාලය {skillBonus} කින් අඩුවේ.,Tajomstvo šetrnej starostlivosti o pôdu. Čas dozrievania plodín sa skracuje o {skillBonus}.,Skrivnosti nežne nege tal. Čas zorenja pridelkov se skrajša za {skillBonus}.,Secretos para el cuidado delicado de la tierra. El tiempo de maduración de los cultivos se reduce un {skillBonus}.,Secretos del cuidado de la tierra. El tiempo de maduración de cultivos se reduce en {skillBonus}.,Siri za utunzaji wa udongo. Muda wa kukomaa kwa mazao unapungua kwa {skillBonus}.,Hemligheterna bakom skonsam jordvård. Skördens mognadstid minskar med {skillBonus}.,மண் பராமரிப்பின் இரகசியங்கள். பயிர் பழுக்கும் நேரம் {skillBonus} குறைகிறது.,నేల సంరక్షణ రహస్యాలు. పంట పండే సమయం {skillBonus} తగ్గుతుంది.,Асрори нигоҳубини мулоими хок. Вақти пухтани ҳосил {skillBonus} кам мешавад.,ความลับของการดูแลดินอย่างอ่อนโยน เวลาสุกของพืชผลลดลง {skillBonus},Topraga mylaýym ideg etmegiň syrlary. Ekinleriň ýetişmek wagty {skillBonus} gysgalýar.,Toprağa nazik bakımın sırları. Mahsul olgunlaşma süresi %{skillBonus} azalır.,Туфракка сак карау серләре. Уңышның өлгерү вакыты {skillBonus} кыскара.,Секрети дбайливого догляду за ґрунтом. Час дозрівання врожаю скорочується на {skillBonus}.,مٹی کی دیکھ بھال کے راز۔ فصل پکنے کا وقت {skillBonus} کم ہو جاتا ہے۔,Tuproqqa ehtiyotkorlik bilan g‘amxo‘rlik qilish sirlari. Hosilning pishish vaqti {skillBonus} ga qisqaradi.,Bí mật của việc chăm sóc đất nhẹ nhàng. Thời gian chín của cây trồng giảm {skillBonus}.,Izimfihlo zokunakekelwa komhlabathi. Isikhathi sokuvuthwa kwezitshalo sincipha ngo-{skillBonus}.
skill_description_electrics,A deep understanding of amps and volts. Power generation efficiency is increased by {skillBonus}.,Diep begrip van ampere en volt. Kragopwekkingsdoeltreffendheid word met {skillBonus} verhoog.,Ампер һәм вольттарҙы тәрән аңлау. Энергия етештереү нәтижәлелеге {skillBonus} арта.,"Хаза куьйгаш а, суьртийн хьовсар а. ХӀуманаш а, хьосташ а кхолларан сихалла тӀедоьду {skillBonus}.",Kuptim i thellë i amperave dhe volteve. Efikasiteti i gjenerimit të energjisë rritet me {skillBonus}.,የአምፐር እና ቮልት ጥልቅ መረዳት. የኃይል ማመንጫ ብቃት በ {skillBonus} ይጨምራል.,فهم عميق للأمبير والفولت. كفاءة توليد الطاقة تزيد بنسبة {skillBonus}.,Ամպերների և վոլտերի խորը ըմբռնում. Էներգիայի արտադրության արդյունավետությունը մեծանում է {skillBonus}-ով:,Amper və voltların dərindən dərk edilməsi. Enerji istehsalının səmərəliliyi {skillBonus} artır.,অ্যাম্পিয়ার ও ভোল্টের গভীর বোধগম্যতা। শক্তি উৎপাদনের দক্ষতা {skillBonus} বৃদ্ধি পায়।,Разуменне ампер і вольт. Эфектыўнасць генерацыі энергіі павялічана на {skillBonus}.,Andastanem ampia mo volt. Pawa jenareta i go ap long {skillBonus}.,Ampere နှင့် Volt တို့ကို နက်ရှိုင်းစွာ နားလည်ခြင်း။ စွမ်းအင်ထုတ်လုပ်မှုစွမ်းဆောင်ရည် {skillBonus} တိုးလာသည်။,對安培和伏特的深度理解。發電效率提升 {skillBonus}。,对安培和伏特的深度理解。发电效率提升 {skillBonus}。,對安培和伏特的深度理解。發電效率提升 {skillBonus}。,Duboko razumijevanje ampera i volta. Učinkovitost proizvodnje energije povećana za {skillBonus}.,Hluboké porozumění ampérům a voltům. Účinnost výroby energie se zvyšuje o {skillBonus}.,Dybtgående forståelse af ampere og volt. Energieffektivitet øges med {skillBonus}.,Diepgaand begrip van ampère en volt. Energieopwekkingsefficiëntie verhoogd met {skillBonus}.,Sügav arusaam ampritest ja voltidest. Energiatootmise efektiivsus suureneb {skillBonus} võrra.,Malalim na pag-unawa sa ampere at bolta. Kahusayan sa pagbuo ng enerhiya ay tumataas ng {skillBonus}.,Ampeerien ja volttien ymmärtäminen. Energiantuotannon tehokkuus lisätty {skillBonus}.,Compréhension des ampères et des volts. Efficacité de la production d'énergie augmentée de {skillBonus}.,ამპერების და ვოლტების ღრმა გაგება. ენერგიის გამომუშავების ეფექტიანობა იზრდება {skillBonus}-ით.,Tiefes Verständnis von Ampere und Volt. Energieerzeugungseffizienz erhöht um {skillBonus}.,Βαθιά κατανόηση των αμπέρ και των βολτ. Η απόδοση παραγωγής ενέργειας αυξάνεται κατά {skillBonus}.,એમ્પીયર અને વોલ્ટની ઊંડી સમજ. ઊર્જા ઉત્પાદનની કાર્યક્ષમતા {skillBonus} વધે છે.,הבנה עמוקה של אמפר ווולט. יעילות ייצור האנרגיה גדלה ב-{skillBonus}.,एम्पीयर और वोल्ट की गहरी समझ। ऊर्जा उत्पादन दक्षता {skillBonus} बढ़ जाती है।,Az amperek és voltok mély megértése. Az energiatermelés hatékonysága {skillBonus}-kal nő.,Djúpur skilningur á ampere og voltum. Skilvirkni orkuframleiðslu eykst um {skillBonus}.,Pemahaman mendalam tentang ampere dan volt. Efisiensi pembangkit energi meningkat sebesar {skillBonus}.,Comprensione profonda di ampere e volt. L'efficienza di generazione di energia aumenta del {skillBonus}.,アンペアとボルトの深い理解。発電効率が {skillBonus} 上昇します。,ಆಂಪಿಯರ್ ಮತ್ತು ವೋಲ್ಟ್ಗಳ ಆಳವಾದ ತಿಳುವಳಿಕೆ. ಶಕ್ತಿ ಉತ್ಪಾದನೆಯ ದಕ್ಷತೆಯು {skillBonus} ರಷ್ಟು ಹೆಚ್ಚಾಗುತ್ತದೆ.,Ампер мен вольтты терең түсіну. Энергия өндіру тиімділігі {skillBonus} артады.,ការយល់ដឹងជ្រៅជ្រះអំពីអំពែរ និងវ៉ុល។ ប្រសិទ្ធភាពផលិតថាមពលកើនឡើង {skillBonus}។,암페어와 볼트에 대한 깊은 이해. 발전 효율이 {skillBonus} 증가합니다.,Ампер жана вольтту терең түшүнүү. Энергия өндүрүүнүн натыйжалуулугу {skillBonus} га жогорулайт.,ຄວາມເຂົ້າໃຈຢ່າງເລິກເຊິ່ງກ່ຽວກັບແອມເປຍ ແລະ ໂວລດ. ປະສິດທິພາບການຜະລິດພະລັງງານເພີ່ມຂຶ້ນ {skillBonus}.,Dziļa izpratne par ampēriem un voltiem. Enerģijas ražošanas efektivitāte palielinās par {skillBonus}.,Gilus amperų ir voltų supratimas. Energijos gamybos efektyvumas padidėja {skillBonus}.,Длабоко разбирање на ампери и волти. Ефикасноста на производство на енергија се зголемува за {skillBonus}.,Pemahaman mendalam tentang ampere dan volt. Kecekapan penjanaan tenaga meningkat sebanyak {skillBonus}.,ആമ്പിയറുകളുടെയും വോൾട്ടുകളുടെയും ആഴമായ ധാരണ. ഊർജ്ജ ഉൽപ്പാദന ക്ഷമത {skillBonus} വർദ്ധിക്കുന്നു.,अँपिअर आणि व्होल्टची सखोल माहिती. ऊर्जा उत्पादन कार्यक्षमता {skillBonus} ने वाढते.,Ампер ба вольтын гүнзгий ойлголт. Эрчим хүч үйлдвэрлэх үр ашиг {skillBonus}-р нэмэгдэнэ.,एम्पियर र भोल्टको गहिरो बुझाइ। ऊर्जा उत्पादनको दक्षता {skillBonus} ले बढ्छ।,Dyp forståelse av ampere og volt. Energieffektivitet økes med {skillBonus}.,درک عمیق از آمپر و ولت. کارایی تولید انرژی {skillBonus} افزایش می‌یابد.,Głębokie zrozumienie amperów i woltów. Wydajność produkcji energii zwiększona o {skillBonus}.,Compreensão profunda de ampères e volts. Eficiência de geração de energia aumenta em {skillBonus}.,Compreensão profunda de amperes e volts. Eficiência de geração de energia aumentada em {skillBonus}.,ਐਂਪੀਅਰ ਅਤੇ ਵੋਲਟ ਦੀ ਡੂੰਘੀ ਸਮਝ। ਊਰਜਾ ਉਤਪਾਦਨ ਦੀ ਕੁਸ਼ਲਤਾ {skillBonus} ਵੱਧ ਜਾਂਦੀ ਹੈ।,Înțelegere profundă a amperilor și volților. Eficiența generării de energie crește cu {skillBonus}.,Понимание ампер и вольт. Эффективность генерации энергии увеличина на {skillBonus}.,Дубоко разумевање ампера и волти. Ефикасност производње енергије се повећава за {skillBonus}.,ඇම්පියර් සහ වෝල්ට් පිළිබඳ ගැඹුරු අවබෝධය. බලශක්ති උත්පාදන කාර්යක්ෂමතාව {skillBonus} කින් වැඩිවේ.,Hlboké porozumenie ampérom a voltom. Účinnosť výroby energie sa zvyšuje o {skillBonus}.,Globoko razumevanje amperov in voltov. Učinkovitost proizvodnje energije se poveča za {skillBonus}.,Comprensión profunda de amperios y voltios. La eficiencia de generación de energía aumenta un {skillBonus}.,Comprensión profunda de amperios y voltios. La eficiencia de generación de energía aumenta en {skillBonus}.,Uelewa wa kina wa ampere na volti. Ufanisi wa uzalishaji wa nishati unaongezeka kwa {skillBonus}.,Djup förståelse för ampere och volt. Energieffektiviteten ökar med {skillBonus}.,ஆம்பியர் மற்றும் வோல்ட் பற்றிய ஆழமான புரிதல். ஆற்றல் உற்பத்தி திறன் {skillBonus} அதிகரிக்கிறது.,ఆంపియర్ మరియు వోల్ట్ల గురించి లోతైన అవగాహన. శక్తి ఉత్పత్తి సామర్థ్యం {skillBonus} పెరుగుతుంది.,Фаҳмиши амиқи ампер ва вольт. Самаранокии тавлиди энергия {skillBonus} зиёд мешавад.,ความเข้าใจอย่างลึกซึ้งเกี่ยวกับแอมแปร์และโวลต์ ประสิทธิภาพการผลิตพลังงานเพิ่มขึ้น {skillBonus},Amper we woltlary çuňňur düşünmek. Energiýa öndürmegiň netijeliligi {skillBonus} ýokarlanýar.,Amper ve voltların derinlemesine anlaşılması. Enerji üretim verimliliği %{skillBonus} artar.,Ампер һәм вольтларны тирән аңлау. Энергия җитештерү нәтиҗәлелеге {skillBonus} арта.,Розуміння амперів і вольтів. Ефективність виробництва енергії збільшується на {skillBonus}.,ایمپیئر اور وولٹ کی گہری سمجھ۔ توانائی پیدا کرنے کی کارکردگی {skillBonus} بڑھ جاتی ہے۔,Amper va voltlarni chuqur tushunish. Energiya ishlab chiqarish samaradorligi {skillBonus} ga oshadi.,Hiểu biết sâu sắc về ampe và volt. Hiệu suất tạo năng lượng tăng {skillBonus}.,Ukuqonda okujulile kwama-ampere namavolthi. Ukusebenza kahle kokukhiqiza amandla kukhuphuka ngo-{skillBonus}.
skill_description_crafting,Deft hands and blueprint expertise. Item and resource crafting is accelerated by {skillBonus}.,Vaardige hande en bloudruk-kundigheid. Vervaardiging van items en hulpbronne word met {skillBonus} bespoedig.,Етеҙ ҡулдар һәм һыҙмалар белеү. Әйберҙәр һәм ресурстар яһау {skillBonus} тиҙләшә.,"Хин охьа а, мох а хаза хетар. Кеманан сихалла тӀедоьду {skillBonus}.",Duar të shkathëta dhe ekspertizë në vizatime. Krijimi i sendeve dhe burimeve përshpejtohet me {skillBonus}.,ችሎት ያላቸው እጆች እና የንድፍ እውቀት. የእቃ እና ሀብት አመራረት በ {skillBonus} ይፋጠናል.,أيادٍ ماهرة وخبرة في التصاميم. صناعة الأدوات والموارد تتسارع بنسبة {skillBonus}.,Ճարպիկ ձեռքեր և գծագրերի փորձառություն. Իրերի և ռեսուրսների ստեղծումն արագանում է {skillBonus}-ով:,Çevik əllər və təsvirlər üzrə təcrübə. Əşya və resursların hazırlanması {skillBonus} sürətlənir.,দক্ষ হাত ও নকশার দক্ষতা। সামগ্রী ও সম্পদ তৈরি {skillBonus} ত্বরান্বিত হয়।,Спрытныя рукі і веданне чарцяжоў. Стварэнне рэчаў і рэсурсаў паскорана на {skillBonus}.,Han blong wok mo save long plan. Wok blong mekem samting i go fas long {skillBonus}.,လက်သွက်ခြင်းနှင့် ပုံစံပြုလုပ်မှုအတတ်ပညာ။ ပစ္စည်းနှင့် အရင်းအမြစ်များပြုလုပ်မှု {skillBonus} မြန်ဆန်လာသည်။,靈巧的雙手與藍圖專業知識。物品和資源製作加速 {skillBonus}。,灵巧的双手与蓝图专业知识。物品和资源制作加速 {skillBonus}。,靈巧的雙手與藍圖專業知識。物品和資源製作加速 {skillBonus}。,Spretne ruke i stručnost u nacrtima. Izrada predmeta i resursa ubrzana za {skillBonus}.,Šikovné ruce a znalost plánů. Výroba předmětů a zdrojů se zrychluje o {skillBonus}.,Fingernemme hænder og ekspertise i tegninger. Fremstilling af genstande og ressourcer fremskyndes med {skillBonus}.,Behendige handen en expertise in ontwerpen. Vervaardiging van items en grondstoffen versneld met {skillBonus}.,Osavad käed ja jooniste tundmine. Esemete ja ressursside valmistamine kiireneb {skillBonus} võrra.,Mahusay na kamay at kadalubhasaan sa blueprint. Paggawa ng mga bagay at mapagkukunan ay bumibilis ng {skillBonus}.,Näppärät kädet ja piirustusten tuntemus. Esineiden ja resurssien valmistus nopeutettu {skillBonus}.,Mains habiles et connaissance des plans. Création d'objets et de ressources accélérée de {skillBonus}.,მოხერხებული ხელები და ნახაზების ცოდნა. ნივთების და რესურსების დამზადება ჩქარდება {skillBonus}-ით.,Geschickte Hände und Fachwissen in Bauplänen. Herstellung von Gegenständen und Ressourcen beschleunigt um {skillBonus}.,Επιδέξια χέρια και τεχνογνωσία σε σχέδια. Η κατασκευή αντικειμένων και πόρων επιταχύνεται κατά {skillBonus}.,ચપળ હાથ અને બ્લુપ્રિન્ટની કુશળતા. વસ્તુઓ અને સંસાધનોનું નિર્માણ {skillBonus} ઝડપી થાય છે.,ידיים מיומנות ומומחיות בשרטוטים. יצירת פריטים ומשאבים מואצת ב-{skillBonus}.,फुर्तीले हाथ और ब्लूप्रिंट विशेषज्ञता। वस्तुओं और संसाधनों का निर्माण {skillBonus} तेज हो जाता है।,Ügyes kezek és tervrajz-ismeret. A tárgyak és erőforrások készítése {skillBonus}-kal gyorsul.,Fingnir hendur og sérþekking á teikningum. Framleiðsla hluta og auðlinda flýtist um {skillBonus}.,Tangan terampil dan keahlian dalam cetak biru. Pembuatan barang dan sumber daya dipercepat sebesar {skillBonus}.,Mani abili e competenza nei progetti. La creazione di oggetti e risorse viene accelerata del {skillBonus}.,器用な手と設計図の知識。アイテムと資源の作成が {skillBonus} 加速されます。,ಚುರುಕಾದ ಕೈಗಳು ಮತ್ತು ಬ್ಲೂಪ್ರಿಂಟ್ ಪರಿಣತಿ. ವಸ್ತುಗಳು ಮತ್ತು ಸಂಪನ್ಮೂಲಗಳ ರಚನೆಯು {skillBonus} ರಷ್ಟು ವೇಗಗೊಳ್ಳುತ್ತದೆ.,Шебер қолдар мен сызбаларды білу. Заттар мен ресурстарды жасау {skillBonus} жылдамдайды.,ដៃប៉ិនប្រសប់ និងជំនាញគំនូសប្លង់។ ការបង្កើតវត្ថុ និងធនធានត្រូវបានពន្លឿន {skillBonus}។,민첩한 손과 설계도 전문성. 아이템 및 자원 제작이 {skillBonus} 가속화됩니다.,Чебер колдор жана сызмаларды билүү. Буюмдарды жана ресурстарды жасоо {skillBonus} га тездейт.,ມືທີ່ຄ່ອງແຄ່ວ ແລະ ຄວາມຊຳນານດ້ານແຜນງານ. ການສ້າງສິ່ງຂອງ ແລະ ຊັບພະຍາກອນຖືກເລັ່ງ {skillBonus}.,Veiklas rokas un rasējumu prasme. Priekšmetu un resursu izgatavošana paātrinās par {skillBonus}.,Vikrios rankos ir brėžinių išmanymas. Daiktų ir išteklių gamyba paspartėja {skillBonus}.,Спремни раце и стручност во цртежи. Изработката на предмети и ресурси се забрзува за {skillBonus}.,Tangan mahir dan kepakaran pelan. Pembuatan item dan sumber dipercepatkan sebanyak {skillBonus}.,വിരുതുള്ള കൈകളും ബ്ലൂപ്രിന്റ് വൈദഗ്ധ്യവും. ഇനങ്ങളുടെയും വിഭവങ്ങളുടെയും നിർമ്മാണം {skillBonus} വേഗത്തിലാക്കുന്നു.,हुशार हात आणि नकाशे तज्ञता. वस्तू आणि संसाधनांची निर्मिती {skillBonus} ने वेगवान होते.,"Уран гар ба зураг төслийн мэргэжил. Эд зүйл, нөөц үйлдвэрлэх хурд {skillBonus}-р нэмэгдэнэ.",फुर्तिला हातहरू र नक्साको विशेषज्ञता। वस्तु र स्रोतहरूको निर्माण {skillBonus} ले छिटो हुन्छ।,Fingernemme hender og tegningsekspertise. Produksjon av gjenstander og ressurser akselereres med {skillBonus}.,دست‌های ماهر و تخصص در نقشه‌ها. ساخت اشیا و منابع {skillBonus} سرعت می‌یابد.,Zręczne dłonie i znajomość planów. Tworzenie przedmiotów i zasobów przyspieszone o {skillBonus}.,Mãos habilidosas e experiência em projetos. Fabricação de itens e recursos acelerada em {skillBonus}.,Mãos habilidosas e conhecimento de projetos. Fabrico de itens e recursos acelerado em {skillBonus}.,ਚੁਸਤ ਹੱਥ ਅਤੇ ਬਲੂਪ੍ਰਿੰਟ ਦੀ ਮੁਹਾਰਤ। ਵਸਤਾਂ ਅਤੇ ਸਰੋਤਾਂ ਦਾ ਨਿਰਮਾਣ {skillBonus} ਤੇਜ਼ ਹੋ ਜਾਂਦਾ ਹੈ।,Mâini îndemânatice și expertiză în planuri. Crearea obiectelor și resurselor se accelerează cu {skillBonus}.,Ловкие руки и знание чертежей. Создание предметов и ресурсов ускорено на {skillBonus}.,Спретне руке и стручност у цртежима. Израда предмета и ресурса се убрзава за {skillBonus}.,දක්ෂ අත් සහ සැලැස්ම පිළිබඳ ප්‍රවීණත්වය. භාණ්ඩ හා සම්පත් නිර්මාණය {skillBonus} කින් වේගවත් වේ.,Šikovné ruky a znalosť plánov. Výroba predmetov a zdrojov sa zrýchľuje o {skillBonus}.,Spretne roke in strokovno znanje načrtov. Izdelava predmetov in virov se pospeši za {skillBonus}.,Manos ágiles y destreza con planos. La fabricación de objetos y recursos se acelera un {skillBonus}.,Manos hábiles y dominio de planos. La creación de objetos y recursos se acelera en {skillBonus}.,Mikono stadi na utaalam wa michoro. Utengenezaji wa vitu na rasilimali unaharakishwa kwa {skillBonus}.,Smidiga händer och expertis i ritningar. Tillverkning av föremål och resurser accelereras med {skillBonus}.,திறமையான கைகள் மற்றும் வடிவமைப்பு நிபுணத்துவம். பொருட்கள் மற்றும் வளங்கள் உருவாக்கம் {skillBonus} வேகப்படுத்தப்படுகிறது.,నేర్పరి చేతులు మరియు బ్లూప్రింట్ నైపుణ్యం. వస్తువులు మరియు వనరుల తయారీ {skillBonus} వేగవంతం అవుతుంది.,Дастҳои моҳир ва таҷриба дар нақшаҳо. Эҷоди ашё ва захираҳо {skillBonus} тез мешавад.,มือที่ว่องไวและความเชี่ยวชาญด้านแบบแปลน การสร้างไอเท็มและทรัพยากรเร็วขึ้น {skillBonus},Çeper eller we çyzgylar boýunça tejribe. Zatlary we çeşmeleri ýasamak {skillBonus} tizleşýär.,Maharetli eller ve plan uzmanlığı. Eşya ve kaynak üretimi %{skillBonus} hızlanır.,Җитез куллар һәм сызымнар белү. Әйберләр һәм ресурслар ясау {skillBonus} тизләшә.,Спритні руки та знання креслень. Створення предметів і ресурсів прискорюється на {skillBonus}.,ماہر ہاتھ اور بلیو پرنٹ کی مہارت۔ اشیاء اور وسائل کی تیاری {skillBonus} تیز ہو جاتی ہے۔,Epchil qo‘llar va chizmalar bo‘yicha tajriba. Buyumlar va resurslarni yaratish {skillBonus} ga tezlashadi.,Bàn tay khéo léo và chuyên môn về bản thiết kế. Chế tạo vật phẩm và tài nguyên được tăng tốc {skillBonus}.,Izandla ezinamakhono nobuciko bemidwebo. Ukwenziwa kwezinto nezinsiza kuyasheshiswa ngo-{skillBonus}.
skill_description_boating,Flawless reading of currents and winds. Boat movement speed is increased by {skillBonus}.,Onberispelike lees van strome en winde. Bootspoed word met {skillBonus} verhoog.,Ағымдар һәм елдәрҙе камил уҡыу. Кәмәнең тиҙлеге {skillBonus} арта.,"Анатоми а, хьалхара гӀо а хаар. МагӀар меттахӀотторан сихалла тӀедоьду {skillBonus}.",Lexim i përsosur i rrymave dhe erërave. Shpejtësia e lundrimit rritet me {skillBonus}.,የውሃ ፍሰት እና የንፋስ ትክክለኛ ንባብ. የጀልባ እንቅስቃሴ ፍጥነት በ {skillBonus} ይጨምራል.,قراءة مثالية للتيارات والرياح. سرعة حركة القارب تزيد بنسبة {skillBonus}.,Հոսանքների և քամիների անթերի ընթերցում. Նավակի արագությունը մեծանում է {skillBonus}-ով:,Axınlar və küləklərin qüsursuz oxunması. Qayığın hərəkət sürəti {skillBonus} artır.,স্রোত ও বাতাসের নিখুঁত পড়া। নৌকার গতি {skillBonus} বৃদ্ধি পায়।,Ідэальнае чытанне плыняў і вятроў. Хуткасць ходу лодкі павялічана на {skillBonus}.,Ridim karen mo win. Spid blong bot i go ap long {skillBonus}.,ရေစီးကြောင်းနှင့် လေတို့ကို ချွတ်ယွင်းမှုမရှိစွာ ဖတ်ရှုခြင်း။ လှေရွေ့လျားမှုအမြန်နှုန်း {skillBonus} တိုးလာသည်။,完美解讀海流與風向。船隻移動速度提升 {skillBonus}。,完美解读海流与风向。船只移动速度提升 {skillBonus}。,完美解讀海流與風向。船隻移動速度提升 {skillBonus}。,Savršeno čitanje struja i vjetrova. Brzina kretanja čamca povećana za {skillBonus}.,Bezchybné čtení proudů a větrů. Rychlost lodi se zvyšuje o {skillBonus}.,Fejlfri læsning af strømme og vinde. Bådens hastighed øges med {skillBonus}.,Feilloos lezen van stromingen en winden. Bootsnelheid verhoogd met {skillBonus}.,Hoovuste ja tuulte veatu lugemine. Paadi kiirus suureneb {skillBonus} võrra.,Walang kamaliang pagbasa ng agos at hangin. Bilis ng bangka ay tumataas ng {skillBonus}.,Virtauksen ja tuulen täydellinen aistiminen. Veneen nopeus lisätty {skillBonus}.,Sens parfait du courant et du vent. Vitesse du bateau augmentée de {skillBonus}.,დინებების და ქარების უნაკლო წაკითხვა. ნავის სიჩქარე იზრდება {skillBonus}-ით.,Fehlerloses Lesen von Strömungen und Winden. Bootsgeschwindigkeit erhöht um {skillBonus}.,Άψογη ανάγνωση των ρευμάτων και των ανέμων. Η ταχύτητα του σκάφους αυξάνεται κατά {skillBonus}.,પ્રવાહો અને પવનોની સંપૂર્ણ સમજ. હોડીની ગતિ {skillBonus} વધે છે.,קריאה מושלמת של זרמים ורוחות. מהירות הסירה גדלה ב-{skillBonus}.,धाराओं और हवाओं की निर्दोष पढ़ाई। नाव की गति {skillBonus} बढ़ जाती है।,Az áramlatok és szelek tökéletes olvasása. A hajó sebessége {skillBonus}-kal nő.,Fullkomin lestur strauma og vinda. Hraði bátsins eykst um {skillBonus}.,Membaca arus dan angin dengan sempurna. Kecepatan perahu meningkat sebesar {skillBonus}.,Lettura impeccabile di correnti e venti. La velocità della barca aumenta del {skillBonus}.,潮流と風の完璧な読み取り。ボートの移動速度が {skillBonus} 上昇します。,ಪ್ರವಾಹಗಳು ಮತ್ತು ಗಾಳಿಗಳ ನಿಖರ ಓದುವಿಕೆ. ದೋಣಿಯ ಚಲನೆಯ ವೇಗವು {skillBonus} ರಷ್ಟು ಹೆಚ್ಚಾಗುತ್ತದೆ.,Ағыстар мен желдерді кемел оқу. Қайықтың жылдамдығы {skillBonus} артады.,ការអានចរន្តទឹក និងខ្យល់យ៉ាងល្អឥតខ្ចោះ។ ល្បឿនទូកកើនឡើង {skillBonus}។,해류와 바람의 완벽한 판독. 보트 이동 속도가 {skillBonus} 증가합니다.,Агыстарды жана шамалдарды кемел окуу. Кайыктын ылдамдыгы {skillBonus} га жогорулайт.,ການອ່ານກະແສນ້ຳ ແລະ ລົມຢ່າງສົມບູນ. ຄວາມໄວເຮືອເພີ່ມຂຶ້ນ {skillBonus}.,Nevainojama straumju un vēju nolasīšana. Laivas ātrums palielinās par {skillBonus}.,Tobulas srovių ir vėjų nuskaitymas. Valties greitis padidėja {skillBonus}.,Совршено читање на струи и ветрови. Брзината на бродот се зголемува за {skillBonus}.,Pembacaan arus dan angin yang sempurna. Kelajuan bot meningkat sebanyak {skillBonus}.,പ്രവാഹങ്ങളുടെയും കാറ്റിന്റെയും കൃത്യമായ വായന. ബോട്ടിന്റെ വേഗത {skillBonus} വർദ്ധിക്കുന്നു.,प्रवाह आणि वाऱ्यांचे निर्दोष वाचन. बोटीची गती {skillBonus} ने वाढते.,Урсгал ба салхийг төгс унших. Усан онгоцны хурд {skillBonus}-р нэмэгдэнэ.,धारा र हावाहरूको निर्दोष पठन। डुङ्गाको गति {skillBonus} ले बढ्छ।,Feilfri lesing av strømmer og vinder. Båtens hastighet økes med {skillBonus}.,خواندن بی‌نقص جریان‌ها و بادها. سرعت حرکت قایق {skillBonus} افزایش می‌یابد.,Bezbłędne odczytywanie prądów i wiatrów. Prędkość łodzi zwiększona o {skillBonus}.,Leitura impecável de correntes e ventos. Velocidade do barco aumenta em {skillBonus}.,Leitura impecável de correntes e ventos. Velocidade do barco aumentada em {skillBonus}.,ਕਰੰਟਾਂ ਅਤੇ ਹਵਾਵਾਂ ਦਾ ਨਿਰਦੋਸ਼ ਪੜ੍ਹਨਾ। ਕਿਸ਼ਤੀ ਦੀ ਗਤੀ {skillBonus} ਵੱਧ ਜਾਂਦੀ ਹੈ।,Citirea perfectă a curenților și vânturilor. Viteza bărcii crește cu {skillBonus}.,Идеальное чувство течения и ветра. Скорость хода лодки увеличина на {skillBonus}.,Савршено читање струја и ветрова. Брзина чамца се повећава за {skillBonus}.,ධාරා සහ සුළං පිළිබඳ දෝෂ රහිත කියවීම. බෝට්ටුවේ වේගය {skillBonus} කින් වැඩිවේ.,Bezchybné čítanie prúdov a vetrov. Rýchlosť lode sa zvyšuje o {skillBonus}.,Brezhibno branje tokov in vetrov. Hitrost čolna se poveča za {skillBonus}.,Lectura impecable de corrientes y vientos. La velocidad del bote aumenta un {skillBonus}.,Lectura impecable de corrientes y vientos. La velocidad de navegación aumenta en {skillBonus}.,Usomaji kamili wa mikondo na upepo. Kasi ya mashua inaongezeka kwa {skillBonus}.,Felfri läsning av strömmar och vindar. Båtens hastighet ökar med {skillBonus}.,நீரோட்டங்கள் மற்றும் காற்றுகளின் குறைபாடற்ற வாசிப்பு. படகின் வேகம் {skillBonus} அதிகரிக்கிறது.,ప్రవాహాలు మరియు గాలులను ఖచ్చితంగా చదవడం. పడవ వేగం {skillBonus} పెరుగుతుంది.,Хониши беайби ҷараёнҳо ва бодҳо. Суръати киштӣ {skillBonus} зиёд мешавад.,การอ่านกระแสน้ำและลมอย่างสมบูรณ์แบบ ความเร็วของเรือเพิ่มขึ้น {skillBonus},Akymlary we şemallary kämil okamak. Gaýygyň tizligi {skillBonus} ýokarlanýar.,Akıntıların ve rüzgarların kusursuz okunması. Tekne hareket hızı %{skillBonus} artar.,Агымнар һәм җилләрне камил уку. Көймәнең тизлеге {skillBonus} арта.,Ідеальне читання течій і вітрів. Швидкість човна збільшується на {skillBonus}.,دھاروں اور ہواؤں کی بے عیب پڑھائی۔ کشتی کی رفتار {skillBonus} بڑھ جاتی ہے۔,Oqimlar va shamollarni mukammal o‘qish. Qayiqning harakat tezligi {skillBonus} ga oshadi.,Đọc dòng chảy và gió hoàn hảo. Tốc độ thuyền tăng {skillBonus}.,Ukufundwa okuphelele kwemisinga nemimoya. Isivinini sesikebhe sikhuphuka ngo-{skillBonus}.
skill_description_medicine,Knowledge of anatomy and emergency care. Health recovery speed is increased by {skillBonus}.,Kennis van anatomie en noodhulp. Gesondheidsherstel word met {skillBonus} bespoedig.,Анатомия һәм беренсе ярҙам белеме. Һаулыҡты тергеҙеү {skillBonus} тиҙләшә.,"Къинхьегам а, керланиг кароран лаам а. ГӀуллакхаш Ӏаморан эффект тӀедоьду {skillBonus}.",Njohuri e anatomisë dhe ndihmës së shpejtë. Rimëkëmbja e shëndetit përshpejtohet me {skillBonus}.,የሰው አካል እና የመጀመሪያ እርዳታ እውቀት. የጤና ማገገሚያ ፍጥነት በ {skillBonus} ይፋጠናል.,معرفة التشريح والإسعافات الأولية. سرعة استعادة الصحة تتسارع بنسبة {skillBonus}.,Անատոմիայի և առաջին օգնության իմացություն. Առողջության վերականգնումն արագանում է {skillBonus}-ով:,Anatomiya və ilkin yardım bilikləri. Sağlamlığın bərpası {skillBonus} sürətlənir.,শারীরস্থান ও প্রাথমিক চিকিৎসার জ্ঞান। স্বাস্থ্য পুনরুদ্ধারের গতি {skillBonus} ত্বরান্বিত হয়।,Веданне анатоміі і першай дапамогі. Хуткасць аднаўлення здароўя павялічана на {skillBonus}.,Save long bodi mo fasfala help. Helt i rikover fas long {skillBonus}.,ခန္ဓာဗေဒနှင့် ရှေးဦးသူနာပြုဗဟုသုတ။ ကျန်းမာရေးပြန်လည်ကောင်းမွန်မှုအမြန်နှုန်း {skillBonus} မြန်ဆန်လာသည်။,解剖學與急救知識。生命值恢復速度提升 {skillBonus}。,解剖学与急救知识。生命值恢复速度提升 {skillBonus}。,解剖學與急救知識。生命值恢復速度提升 {skillBonus}。,Poznavanje anatomije i prve pomoći. Brzina oporavka zdravlja ubrzana za {skillBonus}.,Znalost anatomie a první pomoci. Rychlost obnovy zdraví se zrychluje o {skillBonus}.,Viden om anatomi og førstehjælp. Sundhedsregenerering fremskyndes med {skillBonus}.,Kennis van anatomie en eerste hulp. Gezondheidsherstel versneld met {skillBonus}.,Anatoomia ja esmaabi tundmine. Tervise taastumine kiireneb {skillBonus} võrra.,Kaalaman sa anatomiya at pangunang lunas. Bilis ng paggaling ng kalusugan ay bumibilis ng {skillBonus}.,Anatomian ja ensiavun tuntemus. Terveyden palautumisnopeus lisätty {skillBonus}.,Connaissance de l'anatomie et des premiers secours. Vitesse de récupération de la santé augmentée de {skillBonus}.,ანატომიის და პირველი დახმარების ცოდნა. ჯანმრთელობის აღდგენა ჩქარდება {skillBonus}-ით.,Kenntnisse in Anatomie und Erster Hilfe. Gesundheitsregeneration beschleunigt um {skillBonus}.,Γνώση ανατομίας και πρώτων βοηθειών. Η ανάκτηση υγείας επιταχύνεται κατά {skillBonus}.,શરીરરચના અને પ્રાથમિક સારવારનું જ્ઞાન. આરોગ્ય પુનઃપ્રાપ્તિ {skillBonus} ઝડપી થાય છે.,ידע באנטומיה ועזרה ראשונה. התאוששות הבריאות מואצת ב-{skillBonus}.,शरीर रचना और प्राथमिक चिकित्सा का ज्ञान। स्वास्थ्य पुनर्प्राप्ति {skillBonus} तेज हो जाती है।,Az anatómia és elsősegély ismerete. Az életerő helyreállítása {skillBonus}-kal gyorsul.,Þekking á líffærafræði og skyndihjálp. Bati heilsu flýtist um {skillBonus}.,Pengetahuan tentang anatomi dan pertolongan pertama. Pemulihan kesehatan dipercepat sebesar {skillBonus}.,Conoscenza di anatomia e primo soccorso. Il recupero della salute viene accelerato del {skillBonus}.,解剖学と応急処置の知識。体力回復速度が {skillBonus} 加速されます。,ಅಂಗರಚನಾಶಾಸ್ತ್ರ ಮತ್ತು ಪ್ರಥಮ ಚಿಕಿತ್ಸೆಯ ಜ್ಞಾನ. ಆರೋಗ್ಯ ಚೇತರಿಕೆಯ ವೇಗವು {skillBonus} ರಷ್ಟು ವೇಗಗೊಳ್ಳುತ್ತದೆ.,Анатомия мен алғашқы көмек білімі. Денсаулықты қалпына келтіру {skillBonus} жылдамдайды.,ចំណេះដឹងផ្នែកកាយវិភាគវិទ្យា និងជំនួយដំបូង។ ការស្តារសុខភាពត្រូវបានពន្លឿន {skillBonus}។,해부학 및 응급처치 지식. 체력 회복 속도가 {skillBonus} 가속화됩니다.,Анатомия жана биринчи жардам билими. Ден соолукту калыбына келтирүү {skillBonus} га тездейт.,ຄວາມຮູ້ດ້ານກາຍວິພາກ ແລະ ການປະຖົມພະຍາບານ. ການຟື້ນຟູສຸຂະພາບຖືກເລັ່ງ {skillBonus}.,Zināšanas par anatomiju un pirmo palīdzību. Veselības atjaunošanās paātrinās par {skillBonus}.,Anatomijos ir pirmosios pagalbos žinios. Sveikatos atkūrimas paspartėja {skillBonus}.,Познавање на анатомија и прва помош. Обновувањето на здравјето се забрзува за {skillBonus}.,Pengetahuan tentang anatomi dan pertolongan cemas. Pemulihan kesihatan dipercepatkan sebanyak {skillBonus}.,ശരീരഘടനയുടെയും പ്രഥമശുശ്രൂഷയുടെയും അറിവ്. ആരോഗ്യ വീണ്ടെടുക്കൽ {skillBonus} വേഗത്തിലാക്കുന്നു.,शरीररचना आणि प्रथमोपचाराचे ज्ञान. आरोग्य पुनर्प्राप्ती {skillBonus} ने वेगवान होते.,Анатоми ба анхны тусламжийн мэдлэг. Эрүүл мэндийн сэргэлт {skillBonus}-р хурдасна.,शरीर रचना र प्राथमिक उपचारको ज्ञान। स्वास्थ्य पुनःप्राप्ति {skillBonus} ले छिटो हुन्छ।,Kunnskap om anatomi og førstehjelp. Helsegjenoppretting akselereres med {skillBonus}.,دانش آناتومی و کمک‌های اولیه. بازیابی سلامتی {skillBonus} سرعت می‌یابد.,Znajomość anatomii i pierwszej pomocy. Regeneracja zdrowia przyspieszona o {skillBonus}.,Conhecimento de anatomia e primeiros socorros. Recuperação de saúde acelerada em {skillBonus}.,Conhecimento de anatomia e primeiros socorros. Recuperação de saúde acelerada em {skillBonus}.,ਸਰੀਰ ਵਿਗਿਆਨ ਅਤੇ ਪਹਿਲੀ ਸਹਾਇਤਾ ਦਾ ਗਿਆਨ। ਸਿਹਤ ਰਿਕਵਰੀ {skillBonus} ਤੇਜ਼ ਹੋ ਜਾਂਦੀ ਹੈ।,Cunoștințe de anatomie și prim ajutor. Recuperarea sănătății se accelerează cu {skillBonus}.,Знание анатомии и первой помощи. Скорость восстановление здоровья на {skillBonus}.,Познавање анатомије и прве помоћи. Опоравак здравља се убрзава за {skillBonus}.,ව්‍යුහ විද්‍යාව සහ මූලික ප්‍රතිකාර පිළිබඳ දැනුම. සෞඛ්‍ය ප්‍රතිසාධනය {skillBonus} කින් වේගවත් වේ.,Znalosť anatómie a prvej pomoci. Obnova zdravia sa zrýchľuje o {skillBonus}.,Poznavanje anatomije in prve pomoči. Obnova zdravja se pospeši za {skillBonus}.,Conocimiento de anatomía y primeros auxilios. La velocidad de recuperación de salud aumenta un {skillBonus}.,Conocimiento de anatomía y primeros auxilios. La recuperación de salud se acelera en {skillBonus}.,Ujuzi wa anatomia na huduma ya kwanza. Upataji wa afya unaharakishwa kwa {skillBonus}.,Kunskap om anatomi och första hjälpen. Hälsoregenerering accelereras med {skillBonus}.,உடற்கூறு மற்றும் முதலுதவி அறிவு. ஆரோக்கிய மீட்பு {skillBonus} வேகப்படுத்தப்படுகிறது.,శరీర నిర్మాణ శాస్త్రం మరియు ప్రథమ చికిత్స జ్ఞానం. ఆరోగ్య పునరుద్ధరణ {skillBonus} వేగవంతం అవుతుంది.,Дониши анатомия ва кӯмаки аввал. Барқароршавии саломатӣ {skillBonus} тез мешавад.,ความรู้เกี่ยวกับกายวิภาคศาสตร์และการปฐมพยาบาล การฟื้นฟูสุขภาพเร็วขึ้น {skillBonus},Anatomiýa we ilkinji kömek bilimi. Saglygy dikeltmek {skillBonus} tizleşýär.,Anatomi ve ilk yardım bilgisi. Sağlık iyileşme hızı %{skillBonus} hızlanır.,Анатомия һәм беренче ярдәм белеме. Сәламәтлекне торгызу {skillBonus} тизләшә.,Знання анатомії та першої допомоги. Відновлення здоров'я прискорюється на {skillBonus}.,اناٹومی اور ابتدائی طبی امداد کا علم۔ صحت کی بحالی {skillBonus} تیز ہو جاتی ہے۔,Anatomiya va birinchi yordam bilimi. Salomatlikni tiklash {skillBonus} ga tezlashadi.,Kiến thức về giải phẫu và sơ cứu. Phục hồi sức khỏe được tăng tốc {skillBonus}.,Ulwazi lwe-anatomy nosizo lokuqala. Ukululama kwempilo kuyasheshiswa ngo-{skillBonus}.
skill_description_science,A sharp mind driven by discovery. Skill leveling efficiency is boosted by {skillBonus}.,Skerp verstand gedryf deur ontdekking. Vaardigheidsleer word met {skillBonus} verhoog.,Асыштарға ынтылған үткер аҡыл. Оҫталыҡ өйрәнеү нәтижәлелеге {skillBonus} арта.,"ТӀоман шенна ца хилар а, чӀагӀа куьйг а. Дерриг атакашна деран хьал тӀедоьду {skillBonus}.",Mendje e mprehtë e nxitur nga zbulimi. Efikasiteti i mësimit të aftësive rritet me {skillBonus}.,በግኝት የሚነዳ ስለታም አእምሮ. የችሎታ ትምህርት ብቃት በ {skillBonus} ይጨምራል.,عقل حاد مدفوع بالاكتشاف. كفاءة تعلم المهارات تزيد بنسبة {skillBonus}.,Սուր միտք՝ առաջնորդվող հայտնագործություններով. Հմտությունների ուսուցման արդյունավետությունը մեծանում է {skillBonus}-ով:,Kəşflərlə idarə olunan iti ağıl. Bacarıq öyrənmə səmərəliliyi {skillBonus} artır.,আবিষ্কার-চালিত তীক্ষ্ণ মস্তিষ্ক। দক্ষতা শেখার দক্ষতা {skillBonus} বৃদ্ধি পায়।,Востры розум і імкненне да адкрыццяў. Эфектыўнасць вывучэння навыкаў павялічана на {skillBonus}.,Maen i save tingting long faenem niu samting. Skil i go ap kwiktaem long {skillBonus}.,ရှာဖွေတွေ့ရှိမှုဖြင့် တွန်းအားပေးသော ထက်မြက်သည့်စိတ်။ ကျွမ်းကျင်မှုသင်ယူမှုစွမ်းဆောင်ရည် {skillBonus} တိုးလာသည်။,由探索驅動的敏銳思維。技能學習效率提升 {skillBonus}。,由探索驱动的敏锐思维。技能学习效率提升 {skillBonus}。,由探索驅動的敏銳思維。技能學習效率提升 {skillBonus}。,Oštar um vođen otkrićima. Učinkovitost učenja vještina povećana za {skillBonus}.,Bystrá mysl poháněná objevy. Účinnost učení dovedností se zvyšuje o {skillBonus}.,Skarp sind drevet af opdagelse. Færdighedstræningseffektivitet øges med {skillBonus}.,Scherpe geest gedreven door ontdekking. Vaardigheidsleerefficiëntie verhoogd met {skillBonus}.,"Terav mõistus, mida ajendab avastamine. Oskuste õppimise efektiivsus suureneb {skillBonus} võrra.",Matalas na isip na hinihimok ng pagtuklas. Kahusayan sa pag-aaral ng kasanayan ay tumataas ng {skillBonus}.,Terävä äly ja tiedonhalu. Taitojen oppimisen tehokkuus lisätty {skillBonus}.,Esprit vif et soif de découvertes. Efficacité d'apprentissage des compétences augmentée de {skillBonus}.,"მახვილი გონება, რომელსაც აღმოჩენები ამოძრავებს. უნარების სწავლის ეფექტიანობა იზრდება {skillBonus}-ით.","Scharfer Verstand, angetrieben von Entdeckungen. Effizienz des Fähigkeitenlernens erhöht um {skillBonus}.",Κοφτερό μυαλό που καθοδηγείται από την ανακάλυψη. Η αποτελεσματικότητα εκμάθησης δεξιοτήτων αυξάνεται κατά {skillBonus}.,શોધ દ્વારા સંચાલિત તીક્ષ્ણ મન. કૌશલ્ય શીખવાની કાર્યક્ષમતા {skillBonus} વધે છે.,מוח חד המונע על ידי גילוי. יעילות למידת המיומנויות גדלה ב-{skillBonus}.,खोज से प्रेरित तेज दिमाग। कौशल सीखने की दक्षता {skillBonus} बढ़ जाती है।,"Éles elme, amelyet a felfedezés hajt. A képességtanulás hatékonysága {skillBonus}-kal nő.",Skörp hugsun knúin af uppgötvunum. Skilvirkni færni nám eykst um {skillBonus}.,Pikiran tajam yang didorong oleh penemuan. Efisiensi belajar keterampilan meningkat sebesar {skillBonus}.,Mente acuta guidata dalla scoperta. L'efficienza dell'apprendimento delle abilità aumenta del {skillBonus}.,発見に駆られる鋭い頭脳。スキル習得効率が {skillBonus} 上昇します。,ಶೋಧನೆಯಿಂದ ನಡೆಸಲ್ಪಡುವ ಚೂಪಾದ ಮನಸ್ಸು. ಕೌಶಲ್ಯ ಕಲಿಕೆಯ ದಕ್ಷತೆಯು {skillBonus} ರಷ್ಟು ಹೆಚ್ಚಾಗುತ್ತದೆ.,Жаңалық ашуға құштар өткір ақыл. Дағдыларды үйрену тиімділігі {skillBonus} артады.,គំនិតមុតស្រួចដែលជំរុញដោយការរកឃើញ។ ប្រសិទ្ធភាពនៃការរៀនជំនាញកើនឡើង {skillBonus}។,발견에 의해 움직이는 예리한 두뇌. 기술 학습 효율이 {skillBonus} 증가합니다.,Ачууларга умтулган курч акыл. Көндүмдөрдү үйрөнүүнүн натыйжалуулугу {skillBonus} га жогорулайт.,ຈິດໃຈທີ່ຫຼັກແຫຼມທີ່ຂັບເຄື່ອນໂດຍການຄົ້ນພົບ. ປະສິດທິພາບການຮຽນຮູ້ທັກສະເພີ່ມຂຶ້ນ {skillBonus}.,"Ass prāts, ko virza atklājumi. Prasmju mācīšanās efektivitāte palielinās par {skillBonus}.","Aštrus protas, kurį skatina atradimai. Įgūdžių mokymosi efektyvumas padidėja {skillBonus}.",Остар ум управуван од откритија. Ефикасноста на учење вештини се зголемува за {skillBonus}.,Minda tajam yang didorong oleh penemuan. Kecekapan pembelajaran kemahiran meningkat sebanyak {skillBonus}.,കണ്ടുപിടിത്തത്താൽ നയിക്കപ്പെടുന്ന മൂർച്ചയുള്ള മനസ്സ്. വൈദഗ്ധ്യ പഠന ക്ഷമത {skillBonus} വർദ്ധിക്കുന്നു.,शोधाने प्रेरित तीक्ष्ण मन. कौशल्य शिकण्याची कार्यक्षमता {skillBonus} ने वाढते.,Нээлтэд тэмүүлсэн хурц оюун ухаан. Ур чадвар сурах үр ашиг {skillBonus}-р нэмэгдэнэ.,खोजद्वारा संचालित तीक्ष्ण दिमाग। सीप सिक्ने दक्षता {skillBonus} ले बढ्छ।,Skarp sinn drevet av oppdagelse. Ferdighetstreningseffektivitet økes med {skillBonus}.,ذهن تیز با انگیزه کشف. کارایی یادگیری مهارت‌ها {skillBonus} افزایش می‌یابد.,Bystry umysł napędzany odkryciami. Efektywność uczenia się umiejętności zwiększona o {skillBonus}.,Mente afiada impulsionada pela descoberta. Eficiência de aprendizado de habilidades aumenta em {skillBonus}.,Mente afiada impulsionada pela descoberta. Eficiência de aprendizagem de habilidades aumentada em {skillBonus}.,ਖੋਜ ਦੁਆਰਾ ਚਲਾਇਆ ਤੇਜ਼ ਦਿਮਾਗ। ਹੁਨਰ ਸਿੱਖਣ ਦੀ ਕੁਸ਼ਲਤਾ {skillBonus} ਵੱਧ ਜਾਂਦੀ ਹੈ।,Minte ascuțită condusă de descoperiri. Eficiența învățării abilităților crește cu {skillBonus}.,Острый ум и тяга к открытиям. Эффективность изучения навыков повышена на {skillBonus}.,Оштар ум вођен открићима. Ефикасност учења вештина се повећава за {skillBonus}.,සොයාගැනීම් මගින් මෙහෙයවන තියුණු මනස. කුසලතා ඉගෙනුම් කාර්යක්ෂමතාව {skillBonus} කින් වැඩිවේ.,Bystrá myseľ poháňaná objavmi. Účinnosť učenia zručností sa zvyšuje o {skillBonus}.,"Oster um, ki ga poganjajo odkritja. Učinkovitost učenja spretnosti se poveča za {skillBonus}.",Mente perspicaz impulsada por el descubrimiento. La eficiencia al subir de nivel las habilidades mejora un {skillBonus}.,Mente aguda impulsada por el descubrimiento. La eficiencia de aprendizaje de habilidades aumenta en {skillBonus}.,Akili makini inayoendeshwa na uvumbuzi. Ufanisi wa kujifunza ujuzi unaongezeka kwa {skillBonus}.,Skarp sinne driven av upptäckter. Effektiviteten i färdighetsinlärning ökar med {skillBonus}.,கண்டுபிடிப்பால் இயக்கப்படும் கூர்மையான மனம். திறன் கற்றல் திறன் {skillBonus} அதிகரிக்கிறது.,ఆవిష్కరణల ద్వారా నడిచే తీవ్రమైన మనస్సు. నైపుణ్యం నేర్చుకునే సామర్థ్యం {skillBonus} పెరుగుతుంది.,"Ақли тезе, ки аз кашфиёт барангехта шудааст. Самаранокии омӯзиши малакат {skillBonus} зиёд мешавад.",จิตใจที่เฉียบคมที่ขับเคลื่อนด้วยการค้นพบ ประสิทธิภาพการเรียนรู้ทักษะเพิ่มขึ้น {skillBonus},Açyşlar bilen hereketlendirilýän iti akyl. Başarnyk öwrenmegiň netijeliligi {skillBonus} ýokarlanýar.,Keşiflerle yönlendirilen keskin zihin. Yetenek öğrenme verimliliği %{skillBonus} artar.,Ачышларга омтылган үткен акыл. Осталык өйрәнү нәтиҗәлелеге {skillBonus} арта.,"Гострий розум, що прагне відкриттів. Ефективність вивчення навичок збільшується на {skillBonus}.",دریافت سے چلنے والا تیز دماغ۔ مہارت سیکھنے کی کارکردگی {skillBonus} بڑھ جاتی ہے۔,Kashfiyotlar bilan boshqariladigan o‘tkir aql. Mahorat o‘rganish samaradorligi {skillBonus} ga oshadi.,Đầu óc sắc bén được thúc đẩy bởi khám phá. Hiệu suất học kỹ năng tăng {skillBonus}.,Ingqondo ebukhali eqhutshwa ukuthola izinto. Ukusebenza kahle kokufunda amakhono kukhuphuka ngo-{skillBonus}.
skill_description_combat,Composure in battle and a steady grip. Damage dealt is increased by {skillBonus} for all attacks.,Rustigheid in geveg en vaste greep. Skade word met {skillBonus} vir alle aanvalle verhoog.,Һуғышта тыныслыҡ һәм ныҡ тотоу. Бөтә тапандарға килтерелгән зыян {skillBonus} арта.,Ден-буьйсан кхочушдаран,Gjakftohtësia në betejë dhe kapja e qëndrueshme. Dëmi i shkaktuar rritet me {skillBonus} për të gjitha sulmet.,በውጊያ ላይ መረጋጋት እና የተረጋጋ መያዝ. ለሁሉም ጥቃቶች የሚደርስ ጉዳት በ {skillBonus} ይጨምራል.,رباطة جأش في المعركة وقبضة ثابتة. الضرر المسلط يزيد بنسبة {skillBonus} لجميع الهجمات.,Հանգստություն մարտում և ամուր բռնում. Հասցվող վնասը մեծանում է {skillBonus}-ով բոլոր հարձակումների համար:,Döyüşdə soyuqqanlılıq və möhkəm tutuş. Bütün hücumlara vurulan ziyan {skillBonus} artır.,যুদ্ধে শান্ততা ও স্থির হাত। সমস্ত আক্রমণের ক্ষতি {skillBonus} বৃদ্ধি পায়।,Халоднакроўе ў баі і цвёрдая рука. Наносімая шкода павялічана на {skillBonus} для ўсіх атак.,No fraet long fet mo holemtaet. Damese i go ap long {skillBonus} long evri atak.,တိုက်ပွဲတွင် အေးဆေးတည်ငြိမ်မှုနှင့် ခိုင်မာသော ဆုပ်ကိုင်မှု။ တိုက်ခိုက်မှုအားလုံးအတွက် ထိခိုက်မှု {skillBonus} တိုးလာသည်။,戰鬥中的沉著與穩定掌握。所有攻擊造成的傷害提升 {skillBonus}。,战斗中的沉着与稳定掌握。所有攻击造成的伤害提升 {skillBonus}。,戰鬥中的沉著與穩定掌握。所有攻擊造成的傷害提升 {skillBonus}。,Smirenost u borbi i čvrst stisak. Nanesena šteta povećana za {skillBonus} za sve napade.,Klid v boji a pevný stisk. Způsobené poškození se zvyšuje o {skillBonus} pro všechny útoky.,Rolig i kamp og fast greb. Skade øges med {skillBonus} for alle angreb.,Kalmte in gevecht en vaste grip. Schade verhoogd met {skillBonus} voor alle aanvallen.,Rahulikkus lahingus ja kindel haare. Tekitatud kahju suureneb {skillBonus} võrra kõigi rünnakute puhul.,Kalmado sa labanan at matatag na hawak. Pinsalang naidudulot ay tumataas ng {skillBonus} para sa lahat ng pag-atake.,Taistelun maltti ja luja käsi. Vahinko lisätty {skillBonus} kaikkiin hyökkäyksiin.,Sang-froid au combat et main ferme. Dégâts augmentés de {skillBonus} pour toutes les attaques.,სიმშვიდე ბრძოლაში და მტკიცე ხელი. ყველა შეტევისთვის მიყენებული ზიანი იზრდება {skillBonus}-ით.,Gelassenheit im Kampf und fester Griff. Verursachter Schaden erhöht um {skillBonus} für alle Angriffe.,Ψυχραιμία στη μάχη και σταθερό κράτημα. Η ζημιά που προκαλείται αυξάνεται κατά {skillBonus} για όλες τις επιθέσεις.,યુદ્ધમાં શાંતિ અને મજબૂત પકડ. તમામ હુમલાઓ માટે થતો નુકસાન {skillBonus} વધે છે.,קור רוח בקרב ואחיזה יציבה. הנזק הנגרם גדל ב-{skillBonus} לכל ההתקפות.,युद्ध में संयम और मजबूत पकड़। सभी हमलों के लिए होने वाली क्षति {skillBonus} बढ़ जाती है।,Nyugalom a harcban és szilárd fogás. Az összes támadás által okozott sebzés {skillBonus}-kal nő.,Yfirvegun í bardaga og traust grip. Skaði eykst um {skillBonus} fyrir allar árásir.,Keteguhan dalam pertempuran dan genggaman yang kuat. Kerusakan yang ditimbulkan meningkat sebesar {skillBonus} untuk semua serangan.,Sangue freddo in battaglia e presa salda. Il danno inflitto aumenta del {skillBonus} per tutti gli attacchi.,戦闘での冷静さと確かな握力。全ての攻撃の与ダメージが {skillBonus} 上昇します。,ಯುದ್ಧದಲ್ಲಿ ಶಾಂತತೆ ಮತ್ತು ದೃಢವಾದ ಹಿಡಿತ. ಎಲ್ಲಾ ಆಕ್ರಮಣಗಳಿಗೆ ಉಂಟಾಗುವ ಹಾನಿಯು {skillBonus} ರಷ್ಟು ಹೆಚ್ಚಾಗುತ್ತದೆ.,Шайқаста салмақтылық пен берік ұстау. Барлық шабуылдар үшін келтірілген зақым {skillBonus} артады.,ភាពស្ងប់ស្ងាត់ក្នុងការប្រយុទ្ធ និងការកាន់យ៉ាងមាំ។ ការខូចខាតដែលបង្កឡើងកើនឡើង {skillBonus} សម្រាប់ការវាយប្រហារទាំងអស់។,전투 중 침착함과 확고한 손놀림. 모든 공격의 피해량이 {skillBonus} 증가합니다.,Согушта салмактуулук жана бекем кармоо. Бардык чабуулдарга келтирилген зыян {skillBonus} га жогорулайт.,ຄວາມສະຫງົບໃນການສູ້ຮົບ ແລະ ການຈັບທີ່ໝັ້ນຄົງ. ຄວາມເສຍຫາຍທີ່ເກີດຂຶ້ນເພີ່ມຂຶ້ນ {skillBonus} ສຳລັບການໂຈມຕີທັງໝົດ.,Mierīgums cīņā un stingrs tvēriens. Visiem uzbrukumiem nodarītais bojājums palielinās par {skillBonus}.,Ramybė kovoje ir tvirtas suėmimas. Visiems puolimams padaroma žala padidėja {skillBonus}.,Смиреност во битка и цврст стисок. Штетата нанесена се зголемува за {skillBonus} за сите напади.,Ketenangan dalam pertempuran dan genggaman yang kukuh. Kerosakan yang ditimbulkan meningkat sebanyak {skillBonus} untuk semua serangan.,യുദ്ധത്തിൽ ശാന്തതയും ഉറച്ച പിടുത്തവും. എല്ലാ ആക്രമണങ്ങൾക്കും ഉണ്ടാക്കുന്ന നാശനഷ്ടം {skillBonus} വർദ്ധിക്കുന്നു.,युद्धात शांतता आणि मजबूत पकड. सर्व हल्ल्यांसाठी होणारी हानी {skillBonus} ने वाढते.,Тулаанд тайван байдал ба бат бэх атгах. Бүх дайралтад учруулах хохирол {skillBonus}-р нэмэгдэнэ.,युद्धमा शान्तता र बलियो पकड। सबै आक्रमणहरूको लागि हुने क्षति {skillBonus} ले बढ्छ।,Rolig i kamp og fast grep. Skade økes med {skillBonus} for alle angrep.,خونسردی در نبرد و گرفتن محکم. آسیب وارد شده برای همه حملات {skillBonus} افزایش می‌یابد.,Spokój w walce i pewny chwyt. Zadawane obrażenia zwiększone o {skillBonus} dla wszystkich ataków.,Compostura em batalha e punho firme. Dano causado aumenta em {skillBonus} para todos os ataques.,Compostura em batalha e punho firme. Dano causado aumentado em {skillBonus} para todos os ataques.,ਲੜਾਈ ਵਿੱਚ ਸ਼ਾਂਤੀ ਅਤੇ ਮਜ਼ਬੂਤ ਫੜ। ਸਾਰੇ ਹਮਲਿਆਂ ਲਈ ਹੋਣ ਵਾਲਾ ਨੁਕਸਾਨ {skillBonus} ਵੱਧ ਜਾਂਦਾ ਹੈ।,Sânge rece în luptă și prindere fermă. Daunele provocate cresc cu {skillBonus} pentru toate atacurile.,Хладнокровие в бою и твердая рука. Наносимый урон увеличен на {skillBonus} ко всем атакам.,Смиреност у борби и чврст стисак. Нанета штета се повећава за {skillBonus} за све нападе.,සටනේදී සන්සුන් බව සහ ස්ථිර ග්‍රහණය. සියලු ප්‍රහාර සඳහා සිදුවන හානිය {skillBonus} කින් වැඩිවේ.,Pokoj v boji a pevný stisk. Spôsobené poškodenie sa zvyšuje o {skillBonus} pre všetky útoky.,Mirnost v boju in trden oprijem. Povzročena škoda se poveča za {skillBonus} za vse napade.,Templanza en batalla y un agarre firme. El daño infligido aumenta un {skillBonus} en todos los ataques.,Serenidad en combate y pulso firme. El daño infligido aumenta en {skillBonus} para todos los ataques.,Utulivu vitani na mtego thabiti. Uharibifu unaoletwa unaongezeka kwa {skillBonus} kwa mashambulizi yote.,Lugn i strid och fast grepp. Skada ökar med {skillBonus} för alla attacker.,போரில் அமைதியும் உறுதியான பிடியும். அனைத்து தாக்குதல்களுக்கும் ஏற்படும் சேதம் {skillBonus} அதிகரிக்கிறது.,పోరాటంలో ప్రశాంతత మరియు దృఢమైన పట్టు. అన్ని దాడులకు కలిగే నష్టం {skillBonus} పెరుగుతుంది.,Хотирҷамъӣ дар ҷанг ва дасти устувор. Ба ҳама ҳамлаҳо расонидани зарар {skillBonus} зиёд мешавад.,ความสงบในสนามรบและการจับที่มั่นคง ความเสียหายที่เกิดขึ้นเพิ่มขึ้น {skillBonus} สำหรับการโจมตีทั้งหมด,Söweşde özüni saklamak we berk tutmak. Ähli hüjümlere ýetirilýän zyýan {skillBonus} ýokarlanýar.,Savaşta soğukkanlılık ve sağlam tutuş. Tüm saldırılara verilen hasar %{skillBonus} artar.,Сугышта сабырлык һәм нык тоту. Барлык һөҗүмнәргә китерелгән зыян {skillBonus} арта.,Холоднокровність у бою та тверда рука. Завдана шкода збільшується на {skillBonus} для всіх атак.,جنگ میں سکون اور مضبوط گرفت۔ تمام حملوں کے لیے ہونے والا نقصان {skillBonus} بڑھ جاتا ہے۔,Jangda xotirjamlik va mustahkam ushlash. Barcha hujumlarga yetkazilgan zarar {skillBonus} ga oshadi.,Bình tĩnh trong chiến đấu và nắm chắc. Sát thương gây ra tăng {skillBonus} cho mọi đòn tấn công.,Ukuzola empini nokubamba okuqinile. Umonakalo odalwayo uyakhuphuka ngo-{skillBonus} kukho konke ukuhlasela.
task_daily_tasks,Daily tasks,Daaglikse take,Көндәлек бурыстар,Кхочушдараш карлаяккхур йу {resetTime},Detyrat ditore,የቀን ተግባራት,المهام اليومية,Ամենօրյա առաջադրանքներ,Gündəlik tapşırıqlar,দৈনিক কাজ,Штодзённыя заданні,Dei dei wok,နေ့စဉ်လုပ်ငန်းများ,每日任務,每日任务,每日任務,Dnevni zadaci,Denní úkoly,Daglige opgaver,Dagelijkse taken,Päevased ülesanded,Araw-araw na mga gawain,Päivittäiset tehtävät,Tâches quotidiennes,ყოველდღიური დავალებები,Tägliche Aufgaben,Καθημερινές εργασίες,દૈનિક કાર્યો,משימות יומיות,दैनिक कार्य,Napi feladatok,Dagleg verkefni,Tugas harian,Compiti giornalieri,デイリータスク,ದೈನಂದಿನ ಕಾರ್ಯಗಳು,Күнделікті тапсырмалар,កិច្ចការប្រចាំថ្ងៃ,일일 임무,Күнүмдүк тапшырмалар,ວຽກງານປະຈຳວັນ,Dienas uzdevumi,Dienos užduotys,Дневни задачи,Tugasan harian,ദൈനംദിന ജോലികൾ,दैनंदिन कार्ये,Өдөр тутмын даалгавар,दैनिक कार्यहरू,Daglige oppgaver,وظایف روزانه,Codzienne zadania,Tarefas diárias,Tarefas diárias,ਦੈਨਿਕ ਕੰਮ,Sarcini zilnice,Ежедневные задания,Дневни задаци,දෛනික කාර්යයන්,Denné úlohy,Dnevne naloge,Tareas diarias,Tareas diarias,Kazi za kila siku,Dagliga uppgifter,தினசரி பணிகள்,రోజువారీ పనులు,Вазифаҳои ҳаррӯза,ภารกิจประจำวัน,Gündelik işler,Günlük görevler,Көндәлек биремнәр,Щоденні завдання,روزانہ کام,Kundalik vazifalar,Nhiệm vụ hàng ngày,Imisebenzi yansuku zonke
task_reset_time,The tasks will be updated in {resetTime},Take word oor {resetTime} opgedateer,Бурыстар {resetTime} эсендә яңыртыласаҡ,Кхочушдина!,Detyrat do të përditësohen në {resetTime},ተግባራቱ በ {resetTime} ውስጥ ይዘመናሉ,سيتم تحديث المهام خلال {resetTime},Առաջադրանքները կթարմացվեն {resetTime}-ից հետո,Tapşırıqlar {resetTime} sonra yenilənəcək,কাজগুলি {resetTime} এর মধ্যে আপডেট হবে,Заданні будуць абноўлены праз {resetTime},Ol wok bai apdeit long {resetTime},လုပ်ငန်းများကို {resetTime} အတွင်း အပ်ဒိတ်လုပ်မည်,任務將在 {resetTime} 後更新,任务将在 {resetTime} 后更新,任務將在 {resetTime} 後更新,Zadaci će biti ažurirani za {resetTime},Úkoly budou aktualizovány za {resetTime},Opgaverne opdateres om {resetTime},Taken worden bijgewerkt over {resetTime},Ülesanded uuenevad {resetTime} pärast,Ang mga gawain ay ia-update sa loob ng {resetTime},Tehtävät päivittyvät {resetTime},Les tâches seront réinitialisées dans {resetTime},დავალებები განახლდება {resetTime}-ში,Aufgaben werden in {resetTime} aktualisiert,Οι εργασίες θα ενημερωθούν σε {resetTime},કાર્યો {resetTime} માં અપડેટ થશે,המשימות יתעדכנו בעוד {resetTime},कार्य {resetTime} में अपडेट होंगे,A feladatok {resetTime} múlva frissülnek,Verkefnin verða uppfærð eftir {resetTime},Tugas akan diperbarui dalam {resetTime},I compiti verranno aggiornati tra {resetTime},タスクは {resetTime} 後に更新されます,ಕಾರ್ಯಗಳು {resetTime} ನಲ್ಲಿ ನವೀಕರಣಗೊಳ್ಳುತ್ತವೆ,Тапсырмалар {resetTime} ішінде жаңартылады,កិច្ចការនឹងត្រូវបានធ្វើបច្ចុប្បន្នភាពក្នុងរយៈពេល {resetTime},임무가 {resetTime} 후에 업데이트됩니다,Тапшырмалар {resetTime} ичинде жаңыртылат,ວຽກງານຈະຖືກອັບເດດໃນ {resetTime},Uzdevumi tiks atjaunināti pēc {resetTime},Užduotys bus atnaujintos po {resetTime},Задачите ќе се ажурираат за {resetTime},Tugasan akan dikemas kini dalam {resetTime},ജോലികൾ {resetTime} ന് ശേഷം അപ്ഡേറ്റ് ചെയ്യും,कार्ये {resetTime} मध्ये अपडेट होतील,Даалгаврууд {resetTime}-ийн дараа шинэчлэгдэнэ,कार्यहरू {resetTime} मा अद्यावधिक हुनेछन्,Oppgavene oppdateres om {resetTime},وظایف در {resetTime} به‌روزرسانی می‌شوند,Zadania zostaną zaktualizowane za {resetTime},As tarefas serão atualizadas em {resetTime},As tarefas serão atualizadas em {resetTime},ਕੰਮ {resetTime} ਵਿੱਚ ਅਪਡੇਟ ਹੋਣਗੇ,Sarcinile vor fi actualizate în {resetTime},Задания будут обновлены через {resetTime},Задаци ће бити ажурирани за {resetTime},කාර්යයන් {resetTime} තුළ යාවත්කාලීන වේ,Úlohy budú aktualizované o {resetTime},Naloge bodo posodobljene čez {resetTime},Las tareas se actualizarán en {resetTime},Las tareas se actualizarán en {resetTime},Kazi zitasasishwa katika {resetTime},Uppgifterna uppdateras om {resetTime},பணிகள் {resetTime} இல் புதுப்பிக்கப்படும்,పనులు {resetTime} లో అప్డేట్ అవుతాయి,Вазифаҳо пас аз {resetTime} нав мешаванд,ภารกิจจะอัปเดตใน {resetTime},Işler {resetTime} täzelener,Görevler {resetTime} içinde güncellenecek,Биремнәр {resetTime} эчендә яңартылачак,Завдання будуть оновлені через {resetTime},کام {resetTime} میں اپ ڈیٹ ہوں گے,Vazifalar {resetTime} da yangilanadi,Nhiệm vụ sẽ được cập nhật trong {resetTime},Imisebenzi izobuyekezwa ngemva kwe-{resetTime}
task_completed,Completed!,Voltooi!,Тамам!,Йуьххье йуха а,E përfunduar!,ተጠናቀቀ!,مكتملة!,Ավարտված է!,Tamamlandı!,সম্পূর্ণ!,Завершана!,Finis!,ပြီးပါပြီ!,已完成!,已完成!,已完成!,Završeno!,Dokončeno!,Færdig!,Voltooid!,Lõpetatud!,Nakumpleto!,Valmis!,Terminé!,დასრულებულია!,Abgeschlossen!,Ολοκληρώθηκε!,પૂર્ણ!,הושלם!,पूर्ण!,Kész!,Lokið!,Selesai!,Completato!,完了！,ಪೂರ್ಣಗೊಂಡಿದೆ!,Аяқталды!,បានបញ្ចប់!,완료!,Аяктады!,ສຳເລັດແລ້ວ!,Pabeigts!,Baigta!,Завршено!,Selesai!,പൂർത്തിയായി!,पूर्ण!,Дууслаа!,पूरा भयो!,Fullført!,تکمیل شد!,Ukończono!,Concluída!,Concluída!,ਮੁਕੰਮਲ!,Finalizat!,Завершено!,Завршено!,සම්පූර්ණයි!,Dokončené!,Končano!,¡Completado!,¡Completada!,Imekamilika!,Slutförd!,முடிந்தது!,పూర్తయింది!,Ба анҷом расид!,เสร็จสิ้น!,Tamamlandy!,Tamamlandı!,Тәмам!,Завершено!,مکمل!,Tugallandi!,Đã hoàn thành!,Kuphothuliwe!
task_time,You'll get {rewardAmount} {rewardName} for spending {taskCondition} minutes in the game!,Jy kry {rewardAmount} {rewardName} vir {taskCondition} minute in die spel!,Уйында {taskCondition} минут үткәреү өсөн һеҙ {rewardAmount} {rewardName} алаһығыҙ!,"Хьан {rewardAmount} {rewardName} хир ду, ахь {taskCondition} минот Ӏуьйш лелахь!",Do të marrësh {rewardAmount} {rewardName} për të kaluar {taskCondition} minuta në lojë!,በጨዋታው ውስጥ {taskCondition} ደቂቃ ስለምታሳልፍ {rewardAmount} {rewardName} ታገኛለህ!,ستحصل على {rewardAmount} {rewardName} لقضاء {taskCondition} دقيقة في اللعبة!,Դուք կստանաք {rewardAmount} {rewardName} խաղում {taskCondition} րոպե անցկացնելու համար:,Oyunda {taskCondition} dəqiqə keçirdiyinə görə {rewardAmount} {rewardName} əldə edəcəksən!,গেমে {taskCondition} মিনিট কাটানোর জন্য আপনি {rewardAmount} {rewardName} পাবেন!,Вы атрымаеце {rewardAmount} {rewardName} за {taskCondition} хвілін у гульні!,Yu bai kasem {rewardAmount} {rewardName} from {taskCondition} minit long gem!,ဂိမ်းတွင် {taskCondition} မိနစ်ကြာမြင့်သည့်အတွက် {rewardAmount} {rewardName} ရရှိမည်!,在遊戲中遊玩 {taskCondition} 分鐘可獲得 {rewardAmount} {rewardName}!,在游戏中游玩 {taskCondition} 分钟可获得 {rewardAmount} {rewardName}!,在遊戲中遊玩 {taskCondition} 分鐘可獲得 {rewardAmount} {rewardName}!,Dobit ćete {rewardAmount} {rewardName} za {taskCondition} minuta provedenih u igri!,Získáte {rewardAmount} {rewardName} za {taskCondition} minut strávených ve hře!,Du får {rewardAmount} {rewardName} for at tilbringe {taskCondition} minutter i spillet!,Je ontvangt {rewardAmount} {rewardName} voor {taskCondition} minuten in de game!,Saad {rewardAmount} {rewardName} {taskCondition} minuti eest mängus veedetud aja eest!,Makakatanggap ka ng {rewardAmount} {rewardName} sa paglalaro ng {taskCondition} minuto sa laro!,Saat {rewardAmount} {rewardName} pelattuasi {taskCondition} minuuttia!,Vous recevrez {rewardAmount} {rewardName} pour {taskCondition} minutes de jeu!,მიიღებ {rewardAmount} {rewardName} თამაშში {taskCondition} წუთის გატარებისთვის!,Du erhältst {rewardAmount} {rewardName} für {taskCondition} Minuten im Spiel!,Θα λάβετε {rewardAmount} {rewardName} για {taskCondition} λεπτά στο παιχνίδι!,રમતમાં {taskCondition} મિનિટ વિતાવવા માટે તમને {rewardAmount} {rewardName} મળશે!,תקבל {rewardAmount} {rewardName} עבור {taskCondition} דקות במשחק!,गेम में {taskCondition} मिनट बिताने पर आपको {rewardAmount} {rewardName} मिलेगा!,Kapsz {rewardAmount} {rewardName} {taskCondition} perc játékidőért!,Þú færð {rewardAmount} {rewardName} fyrir að eyða {taskCondition} mínútum í leiknum!,Anda akan mendapatkan {rewardAmount} {rewardName} untuk menghabiskan {taskCondition} menit di dalam game!,Riceverai {rewardAmount} {rewardName} per aver trascorso {taskCondition} minuti nel gioco!,ゲームで {taskCondition} 分間プレイすると {rewardAmount} {rewardName} を獲得！,ಆಟದಲ್ಲಿ {taskCondition} ನಿಮಿಷಗಳನ್ನು ಕಳೆಯಲು ನೀವು {rewardAmount} {rewardName} ಪಡೆಯುತ್ತೀರಿ!,Ойында {taskCondition} минут өткізгеніңіз үшін {rewardAmount} {rewardName} аласыз!,អ្នកនឹងទទួលបាន {rewardAmount} {rewardName} សម្រាប់ការចំណាយពេល {taskCondition} នាទីក្នុងហ្គេម!,게임에서 {taskCondition}분을 보내면 {rewardAmount} {rewardName}을(를) 획득합니다!,Оюнда {taskCondition} мүнөт өткөргөнүңүз үчүн {rewardAmount} {rewardName} аласыз!,ທ່ານຈະໄດ້ຮັບ {rewardAmount} {rewardName} ສຳລັບການໃຊ້ເວລາ {taskCondition} ນາທີໃນເກມ!,Jūs saņemsiet {rewardAmount} {rewardName} par {taskCondition} minūtēm spēlē!,Gausite {rewardAmount} {rewardName} už {taskCondition} minučių praleistų žaidime!,Ќе добиете {rewardAmount} {rewardName} за {taskCondition} минути поминати во играта!,Anda akan mendapat {rewardAmount} {rewardName} untuk menghabiskan {taskCondition} minit dalam permainan!,ഗെയിമിൽ {taskCondition} മിനിറ്റ് ചെലവഴിക്കുന്നതിന് നിങ്ങൾക്ക് {rewardAmount} {rewardName} ലഭിക്കും!,गेममध्ये {taskCondition} मिनिटे घालवल्याबद्दल तुम्हाला {rewardAmount} {rewardName} मिळेल!,Тоглоомд {taskCondition} минут зарцуулсны төлөө {rewardAmount} {rewardName} авах болно!,गेममा {taskCondition} मिनेट बिताउनुभएकोमा तपाईंले {rewardAmount} {rewardName} पाउनुहुनेछ!,Du får {rewardAmount} {rewardName} for å tilbringe {taskCondition} minutter i spillet!,شما برای سپری کردن {taskCondition} دقیقه در بازی، {rewardAmount} {rewardName} دریافت می‌کنید!,Otrzymasz {rewardAmount} {rewardName} za spędzenie {taskCondition} minut w grze!,Você receberá {rewardAmount} {rewardName} por passar {taskCondition} minutos no jogo!,Receberá {rewardAmount} {rewardName} por passar {taskCondition} minutos no jogo!,ਗੇਮ ਵਿੱਚ {taskCondition} ਮਿੰਟ ਬਿਤਾਉਣ ਲਈ ਤੁਹਾਨੂੰ {rewardAmount} {rewardName} ਮਿਲੇਗਾ!,Vei primi {rewardAmount} {rewardName} pentru {taskCondition} minute petrecute în joc!,Ты получишь {rewardAmount} {rewardName} за проведение {taskCondition} минут в игре!,Добићете {rewardAmount} {rewardName} за {taskCondition} минута проведених у игри!,ක්‍රීඩාවේ {taskCondition} මිනිත්තු ගත කිරීම සඳහා ඔබට {rewardAmount} {rewardName} ලැබේ!,Získate {rewardAmount} {rewardName} za {taskCondition} minút strávených v hre!,Prejeli boste {rewardAmount} {rewardName} za {taskCondition} minut v igri!,¡Recibirás {rewardAmount} {rewardName} por pasar {taskCondition} minutos en el juego!,¡Recibirás {rewardAmount} {rewardName} por pasar {taskCondition} minutos en el juego!,Utapata {rewardAmount} {rewardName} kwa kukaa {taskCondition} dakika kwenye mchezo!,Du får {rewardAmount} {rewardName} för att spendera {taskCondition} minuter i spelet!,விளையாட்டில் {taskCondition} நிமிடங்கள் செலவழிப்பதற்கு {rewardAmount} {rewardName} பெறுவீர்கள்!,గేమ్లో {taskCondition} నిమిషాలు గడిపినందుకు మీకు {rewardAmount} {rewardName} లభిస్తుంది!,Шумо барои гузаронидани {taskCondition} дақиқа дар бозӣ {rewardAmount} {rewardName} мегиред!,คุณจะได้รับ {rewardAmount} {rewardName} สำหรับการใช้เวลา {taskCondition} นาทีในเกม!,Oýunda {taskCondition} minut geçirenligiňiz üçin {rewardAmount} {rewardName} alarsyňyz!,Oyunda {taskCondition} dakika geçirdiğin için {rewardAmount} {rewardName} kazanacaksın!,Уенда {taskCondition} минут уздыру өчен сез {rewardAmount} {rewardName} аласыз!,Ви отримаєте {rewardAmount} {rewardName} за {taskCondition} хвилин у грі!,گیم میں {taskCondition} منٹ گزارنے پر آپ کو {rewardAmount} {rewardName} ملے گا!,O‘yinda {taskCondition} daqiqa o‘tkazganingiz uchun {rewardAmount} {rewardName} olasiz!,Bạn sẽ nhận được {rewardAmount} {rewardName} cho {taskCondition} phút chơi game!,Uzothola {rewardAmount} {rewardName} ngokuchitha imizuzu engu-{taskCondition} emdlalweni!
task_extraction,You'll get {rewardAmount} {rewardName} for collecting {taskCondition} using the pier!,Jy kry {rewardAmount} {rewardName} vir die versameling van {taskCondition} met die pier!,Пирсты ҡулланып {taskCondition} йыйыу өсөн һеҙ {rewardAmount} {rewardName} алаһығыҙ!,"Хьан {rewardAmount} {rewardName} хир ду, ахь {taskCondition} причалах гулдехь!",Do të marrësh {rewardAmount} {rewardName} për mbledhjen e {taskCondition} duke përdorur skelën!,የመርከብ ማረፊያውን በመጠቀም {taskCondition} ስትሰበስብ {rewardAmount} {rewardName} ታገኛለህ!,ستحصل على {rewardAmount} {rewardName} لجمع {taskCondition} باستخدام الرصيف!,Դուք կստանաք {rewardAmount} {rewardName} նավամատույցի միջոցով {taskCondition} հավաքելու համար:,Estakadadan istifadə edərək {taskCondition} topladığına görə {rewardAmount} {rewardName} əldə edəcəksən!,ঘাট ব্যবহার করে {taskCondition} সংগ্রহ করার জন্য আপনি {rewardAmount} {rewardName} পাবেন!,Вы атрымаеце {rewardAmount} {rewardName} за збор {taskCondition} з дапамогай пірса!,Yu bai kasem {rewardAmount} {rewardName} from kolkol {taskCondition} wetem pia!,ဆိပ်ခံတံတားကို အသုံးပြု၍ {taskCondition} စုဆောင်းသည့်အတွက် {rewardAmount} {rewardName} ရရှိမည်!,使用碼頭收集 {taskCondition} 可獲得 {rewardAmount} {rewardName}!,使用码头收集 {taskCondition} 可获得 {rewardAmount} {rewardName}!,使用碼頭收集 {taskCondition} 可獲得 {rewardAmount} {rewardName}!,Dobit ćete {rewardAmount} {rewardName} za sakupljanje {taskCondition} pomoću pristaništa!,Získáte {rewardAmount} {rewardName} za sběr {taskCondition} pomocí mola!,Du får {rewardAmount} {rewardName} for at indsamle {taskCondition} ved hjælp af molen!,Je ontvangt {rewardAmount} {rewardName} voor het verzamelen van {taskCondition} met de pier!,Saad {rewardAmount} {rewardName} {taskCondition} kogumise eest kai abil!,Makakatanggap ka ng {rewardAmount} {rewardName} sa pagkolekta ng {taskCondition} gamit ang pantalan!,Saat {rewardAmount} {rewardName} kerättyäsi {taskCondition} laiturilla!,Vous recevrez {rewardAmount} {rewardName} pour avoir collecté {taskCondition} via la jetée!,მიიღებ {rewardAmount} {rewardName} ნავმისადგომის გამოყენებით {taskCondition} შეგროვებისთვის!,Du erhältst {rewardAmount} {rewardName} für das Sammeln von {taskCondition} mit der Pier!,Θα λάβετε {rewardAmount} {rewardName} για τη συλλογή {taskCondition} χρησιμοποιώντας την αποβάθρα!,ઘાટનો ઉપયોગ કરીને {taskCondition} એકત્રિત કરવા માટે તમને {rewardAmount} {rewardName} મળશે!,תקבל {rewardAmount} {rewardName} עבור איסוף {taskCondition} באמצעות הרציף!,घाट का उपयोग करके {taskCondition} एकत्र करने पर आपको {rewardAmount} {rewardName} मिलेगा!,Kapsz {rewardAmount} {rewardName} {taskCondition} begyűjtéséért a móló segítségével!,Þú færð {rewardAmount} {rewardName} fyrir að safna {taskCondition} með bryggjunni!,Anda akan mendapatkan {rewardAmount} {rewardName} untuk mengumpulkan {taskCondition} menggunakan dermaga!,Riceverai {rewardAmount} {rewardName} per aver raccolto {taskCondition} usando il molo!,埠頭を使って {taskCondition} を収集すると {rewardAmount} {rewardName} を獲得！,ಹಡಗಿನ ದಂಡೆಯನ್ನು ಬಳಸಿ {taskCondition} ಸಂಗ್ರಹಿಸಲು ನೀವು {rewardAmount} {rewardName} ಪಡೆಯುತ್ತೀರಿ!,Айлақты пайдаланып {taskCondition} жинағаныңыз үшін {rewardAmount} {rewardName} аласыз!,អ្នកនឹងទទួលបាន {rewardAmount} {rewardName} សម្រាប់ការប្រមូល {taskCondition} ដោយប្រើផែ!,부두를 사용하여 {taskCondition}을(를) 수집하면 {rewardAmount} {rewardName}을(를) 획득합니다!,Пристанды колдонуп {taskCondition} жыйнаганыңыз үчүн {rewardAmount} {rewardName} аласыз!,ທ່ານຈະໄດ້ຮັບ {rewardAmount} {rewardName} ສຳລັບການເກັບ {taskCondition} ໂດຍໃຊ້ທ່າເຮືອ!,"Jūs saņemsiet {rewardAmount} {rewardName} par {taskCondition} savākšanu, izmantojot piestātni!",Gausite {rewardAmount} {rewardName} už {taskCondition} surinkimą naudojant prieplauką!,Ќе добиете {rewardAmount} {rewardName} за собирање {taskCondition} користејќи го пристаништето!,Anda akan mendapat {rewardAmount} {rewardName} untuk mengumpul {taskCondition} menggunakan jetty!,തുറമുഖം ഉപയോഗിച്ച് {taskCondition} ശേഖരിക്കുന്നതിന് നിങ്ങൾക്ക് {rewardAmount} {rewardName} ലഭിക്കും!,घाट वापरून {taskCondition} गोळा केल्याबद्दल तुम्हाला {rewardAmount} {rewardName} मिळेल!,Усны зогсоол ашиглан {taskCondition} цуглуулсны төлөө {rewardAmount} {rewardName} авах болно!,घाट प्रयोग गरी {taskCondition} सङ्कलन गर्नुभएकोमा तपाईंले {rewardAmount} {rewardName} पाउनुहुनेछ!,Du får {rewardAmount} {rewardName} for å samle {taskCondition} ved hjelp av bryggen!,شما برای جمع‌آوری {taskCondition} با استفاده از اسکله، {rewardAmount} {rewardName} دریافت می‌کنید!,Otrzymasz {rewardAmount} {rewardName} za zebranie {taskCondition} za pomocą pomostu!,Você receberá {rewardAmount} {rewardName} por coletar {taskCondition} usando o cais!,Receberá {rewardAmount} {rewardName} por recolher {taskCondition} usando o cais!,ਘਾਟ ਦੀ ਵਰਤੋਂ ਕਰਕੇ {taskCondition} ਇਕੱਠਾ ਕਰਨ ਲਈ ਤੁਹਾਨੂੰ {rewardAmount} {rewardName} ਮਿਲੇਗਾ!,Vei primi {rewardAmount} {rewardName} pentru colectarea a {taskCondition} folosind cheiul!,Ты получишь {rewardAmount} {rewardName} за сбор {taskCondition} с помощью причала!,Добићете {rewardAmount} {rewardName} за сакупљање {taskCondition} помоћу пристаништа!,තොටුපළ භාවිතා කර {taskCondition} එකතු කිරීම සඳහා ඔබට {rewardAmount} {rewardName} ලැබේ!,Získate {rewardAmount} {rewardName} za zber {taskCondition} pomocou móla!,Prejeli boste {rewardAmount} {rewardName} za zbiranje {taskCondition} s pomočjo pristanišča!,¡Recibirás {rewardAmount} {rewardName} por recolectar {taskCondition} usando el muelle!,¡Recibirás {rewardAmount} {rewardName} por recolectar {taskCondition} usando el muelle!,Utapata {rewardAmount} {rewardName} kwa kukusanya {taskCondition} kwa kutumia gati!,Du får {rewardAmount} {rewardName} för att samla {taskCondition} med hjälp av bryggan!,படகுத்துறையைப் பயன்படுத்தி {taskCondition} சேகரிப்பதற்கு {rewardAmount} {rewardName} பெறுவீர்கள்!,పియర్ ఉపయోగించి {taskCondition} సేకరించినందుకు మీకు {rewardAmount} {rewardName} లభిస్తుంది!,Барои ҷамъоварии {taskCondition} бо истифодаи бандар {rewardAmount} {rewardName} мегиред!,คุณจะได้รับ {rewardAmount} {rewardName} สำหรับการเก็บ {taskCondition} โดยใช้ท่าเทียบเรือ!,Gämi duralgasyny ulanyp {taskCondition} ýyğanlygyňyz üçin {rewardAmount} {rewardName} alarsyňyz!,Rıhtımı kullanarak {taskCondition} topladığın için {rewardAmount} {rewardName} kazanacaksın!,Пирсны кулланып {taskCondition} җыю өчен сез {rewardAmount} {rewardName} аласыз!,Ви отримаєте {rewardAmount} {rewardName} за збір {taskCondition} за допомогою причалу!,گھاٹ استعمال کرکے {taskCondition} جمع کرنے پر آپ کو {rewardAmount} {rewardName} ملے گا!,Pirsdan foydalanib {taskCondition} yig‘ganingiz uchun {rewardAmount} {rewardName} olasiz!,Bạn sẽ nhận được {rewardAmount} {rewardName} cho việc thu thập {taskCondition} bằng cầu tàu!,Uzothola {rewardAmount} {rewardName} ngokuqoqa {taskCondition} usebenzisa isikhumulo semikhumbi!
task_building,You'll get {rewardAmount} {rewardName} for building {taskCondition} any buildings!,Jy kry {rewardAmount} {rewardName} vir die bou van {taskCondition} geboue!,{taskCondition} бина төҙөү өсөн һеҙ {rewardAmount} {rewardName} алаһығыҙ!,"Хьан {rewardAmount} {rewardName} хир ду, ахь {taskCondition} йоттар йохь!",Do të marrësh {rewardAmount} {rewardName} për ndërtimin e {taskCondition} ndërtesave!,{taskCondition} ህንፃዎችን ስትገነባ {rewardAmount} {rewardName} ታገኛለህ!,ستحصل على {rewardAmount} {rewardName} لبناء {taskCondition} مبنى!,Դուք կստանաք {rewardAmount} {rewardName} {taskCondition} շենք կառուցելու համար:,{taskCondition} bina tikdiyinə görə {rewardAmount} {rewardName} əldə edəcəksən!,{taskCondition} টি ভবন নির্মাণ করার জন্য আপনি {rewardAmount} {rewardName} পাবেন!,Вы атрымаеце {rewardAmount} {rewardName} за пабудову {taskCondition} будынкаў!,Yu bai kasem {rewardAmount} {rewardName} from bildim {taskCondition} bilding!,{taskCondition} အဆောက်အအုံများဆောက်သည့်အတွက် {rewardAmount} {rewardName} ရရှိမည်!,建造 {taskCondition} 棟建築可獲得 {rewardAmount} {rewardName}!,建造 {taskCondition} 栋建筑可获得 {rewardAmount} {rewardName}!,建造 {taskCondition} 棟建築可獲得 {rewardAmount} {rewardName}!,Dobit ćete {rewardAmount} {rewardName} za izgradnju {taskCondition} zgrada!,Získáte {rewardAmount} {rewardName} za výstavbu {taskCondition} budov!,Du får {rewardAmount} {rewardName} for at bygge {taskCondition} bygninger!,Je ontvangt {rewardAmount} {rewardName} voor het bouwen van {taskCondition} gebouwen!,Saad {rewardAmount} {rewardName} {taskCondition} hoone ehitamise eest!,Makakatanggap ka ng {rewardAmount} {rewardName} sa pagtatayo ng {taskCondition} gusali!,Saat {rewardAmount} {rewardName} rakennettuasi {taskCondition} rakennusta!,Vous recevrez {rewardAmount} {rewardName} pour avoir construit {taskCondition} bâtiments!,მიიღებ {rewardAmount} {rewardName} {taskCondition} შენობის აშენებისთვის!,Du erhältst {rewardAmount} {rewardName} für den Bau von {taskCondition} Gebäuden!,Θα λάβετε {rewardAmount} {rewardName} για την κατασκευή {taskCondition} κτιρίων!,{taskCondition} ઇમારતો બનાવવા માટે તમને {rewardAmount} {rewardName} મળશે!,תקבל {rewardAmount} {rewardName} עבור בניית {taskCondition} בניינים!,{taskCondition} इमारतें बनाने पर आपको {rewardAmount} {rewardName} मिलेगा!,Kapsz {rewardAmount} {rewardName} {taskCondition} épület felépítéséért!,Þú færð {rewardAmount} {rewardName} fyrir að byggja {taskCondition} byggingar!,Anda akan mendapatkan {rewardAmount} {rewardName} untuk membangun {taskCondition} bangunan!,Riceverai {rewardAmount} {rewardName} per aver costruito {taskCondition} edifici!,{taskCondition} 棟の建物を建設すると {rewardAmount} {rewardName} を獲得！,{taskCondition} ಕಟ್ಟಡಗಳನ್ನು ನಿರ್ಮಿಸಲು ನೀವು {rewardAmount} {rewardName} ಪಡೆಯುತ್ತೀರಿ!,{taskCondition} ғимарат салғаныңыз үшін {rewardAmount} {rewardName} аласыз!,អ្នកនឹងទទួលបាន {rewardAmount} {rewardName} សម្រាប់ការសាងសង់ {taskCondition} អគារ!,{taskCondition}개의 건물을 건설하면 {rewardAmount} {rewardName}을(를) 획득합니다!,{taskCondition} имарат курганыңыз үчүн {rewardAmount} {rewardName} аласыз!,ທ່ານຈະໄດ້ຮັບ {rewardAmount} {rewardName} ສຳລັບການສ້າງ {taskCondition} ອາຄານ!,Jūs saņemsiet {rewardAmount} {rewardName} par {taskCondition} ēku uzcelšanu!,Gausite {rewardAmount} {rewardName} už {taskCondition} pastatų pastatymą!,Ќе добиете {rewardAmount} {rewardName} за изградба на {taskCondition} згради!,Anda akan mendapat {rewardAmount} {rewardName} untuk membina {taskCondition} bangunan!,{taskCondition} കെട്ടിടങ്ങൾ നിർമ്മിക്കുന്നതിന് നിങ്ങൾക്ക് {rewardAmount} {rewardName} ലഭിക്കും!,{taskCondition} इमारती बांधल्याबद्दल तुम्हाला {rewardAmount} {rewardName} मिळेल!,{taskCondition} барилга барьсны төлөө {rewardAmount} {rewardName} авах болно!,{taskCondition} भवनहरू निर्माण गर्नुभएकोमा तपाईंले {rewardAmount} {rewardName} पाउनुहुनेछ!,Du får {rewardAmount} {rewardName} for å bygge {taskCondition} bygninger!,شما برای ساخت {taskCondition} ساختمان، {rewardAmount} {rewardName} دریافت می‌کنید!,Otrzymasz {rewardAmount} {rewardName} za wybudowanie {taskCondition} budynków!,Você receberá {rewardAmount} {rewardName} por construir {taskCondition} edifícios!,Receberá {rewardAmount} {rewardName} por construir {taskCondition} edifícios!,{taskCondition} ਇਮਾਰਤਾਂ ਬਣਾਉਣ ਲਈ ਤੁਹਾਨੂੰ {rewardAmount} {rewardName} ਮਿਲੇਗਾ!,Vei primi {rewardAmount} {rewardName} pentru construirea a {taskCondition} clădiri!,Ты получишь {rewardAmount} {rewardName} за постройку {taskCondition} любых здания!,Добићете {rewardAmount} {rewardName} за изградњу {taskCondition} зграда!,{taskCondition} ගොඩනැගිලි ඉදිකිරීම සඳහා ඔබට {rewardAmount} {rewardName} ලැබේ!,Získate {rewardAmount} {rewardName} za výstavbu {taskCondition} budov!,Prejeli boste {rewardAmount} {rewardName} za gradnjo {taskCondition} stavb!,¡Recibirás {rewardAmount} {rewardName} por construir {taskCondition} edificios de cualquier tipo!,¡Recibirás {rewardAmount} {rewardName} por construir {taskCondition} edificios!,Utapata {rewardAmount} {rewardName} kwa kujenga {taskCondition} majengo!,Du får {rewardAmount} {rewardName} för att bygga {taskCondition} byggnader!,{taskCondition} கட்டிடங்களைக் கட்டுவதற்கு {rewardAmount} {rewardName} பெறுவீர்கள்!,{taskCondition} భవనాలు నిర్మించినందుకు మీకు {rewardAmount} {rewardName} లభిస్తుంది!,Барои сохтмони {taskCondition} бино {rewardAmount} {rewardName} мегиред!,คุณจะได้รับ {rewardAmount} {rewardName} สำหรับการสร้าง {taskCondition} อาคาร!,{taskCondition} bina guranlygyňyz üçin {rewardAmount} {rewardName} alarsyňyz!,{taskCondition} bina inşa ettiğin için {rewardAmount} {rewardName} kazanacaksın!,{taskCondition} бина төзү өчен сез {rewardAmount} {rewardName} аласыз!,Ви отримаєте {rewardAmount} {rewardName} за будівництво {taskCondition} будівель!,{taskCondition} عمارتیں تعمیر کرنے پر آپ کو {rewardAmount} {rewardName} ملے گا!,{taskCondition} ta bino qurganingiz uchun {rewardAmount} {rewardName} olasiz!,Bạn sẽ nhận được {rewardAmount} {rewardName} cho việc xây dựng {taskCondition} tòa nhà!,Uzothola {rewardAmount} {rewardName} ngokwakha izakhiwo ezingu-{taskCondition}!
task_raid,You'll get {rewardAmount} {rewardName} for repelling {taskCondition} raid!,Jy kry {rewardAmount} {rewardName} vir die afweer van {taskCondition} aanval!,{taskCondition} тапанды кире ҡағыу өсөн һеҙ {rewardAmount} {rewardName} алаһығыҙ!,"Хьан {rewardAmount} {rewardName} хир ду, ахь {taskCondition} тӀелатар йухатуьйхьа!",Do të marrësh {rewardAmount} {rewardName} për zmbrapsjen e {taskCondition} sulmi!,{taskCondition} ወረራ ስታጠፋ {rewardAmount} {rewardName} ታገኛለህ!,ستحصل على {rewardAmount} {rewardName} لصد {taskCondition} غارة!,Դուք կստանաք {rewardAmount} {rewardName} {taskCondition} ասպատակությունը հետ մղելու համար:,{taskCondition} basqınını dəf etdiyinə görə {rewardAmount} {rewardName} əldə edəcəksən!,{taskCondition} হামলা প্রতিহত করার জন্য আপনি {rewardAmount} {rewardName} পাবেন!,Вы атрымаеце {rewardAmount} {rewardName} за адбіццё {taskCondition} нападу!,Yu bai kasem {rewardAmount} {rewardName} from stopem {taskCondition} raid!,{taskCondition} စီးနင်းတိုက်ခိုက်မှုကို ခုခံတွန်းလှန်သည့်အတွက် {rewardAmount} {rewardName} ရရှိမည်!,擊退 {taskCondition} 次掠奪可獲得 {rewardAmount} {rewardName}!,击退 {taskCondition} 次掠夺可获得 {rewardAmount} {rewardName}!,擊退 {taskCondition} 次掠奪可獲得 {rewardAmount} {rewardName}!,Dobit ćete {rewardAmount} {rewardName} za odbijanje {taskCondition} napada!,Získáte {rewardAmount} {rewardName} za odražení {taskCondition} nájezdu!,Du får {rewardAmount} {rewardName} for at afværge {taskCondition} raid!,Je ontvangt {rewardAmount} {rewardName} voor het afweren van {taskCondition} overval!,Saad {rewardAmount} {rewardName} {taskCondition} rünnaku tõrjumise eest!,Makakatanggap ka ng {rewardAmount} {rewardName} sa pagtaboy ng {taskCondition} pagsalakay!,Saat {rewardAmount} {rewardName} torjuttuasi {taskCondition} ryöstöä!,Vous recevrez {rewardAmount} {rewardName} pour avoir repoussé {taskCondition} raids!,მიიღებ {rewardAmount} {rewardName} {taskCondition} შემოსევის მოგერიებისთვის!,Du erhältst {rewardAmount} {rewardName} für die Abwehr von {taskCondition} Überfall!,Θα λάβετε {rewardAmount} {rewardName} για την απόκρουση {taskCondition} επιδρομής!,{taskCondition} છાપોને ભગાડવા માટે તમને {rewardAmount} {rewardName} મળશે!,תקבל {rewardAmount} {rewardName} עבור הדיפת {taskCondition} פשיטה!,{taskCondition} छापा मारने पर आपको {rewardAmount} {rewardName} मिलेगा!,Kapsz {rewardAmount} {rewardName} {taskCondition} rajtaütés visszaveréséért!,Þú færð {rewardAmount} {rewardName} fyrir að hrinda {taskCondition} árás!,Anda akan mendapatkan {rewardAmount} {rewardName} untuk mengusir {taskCondition} serbuan!,Riceverai {rewardAmount} {rewardName} per aver respinto {taskCondition} incursione!,{taskCondition} 回の襲撃を撃退すると {rewardAmount} {rewardName} を獲得！,{taskCondition} ದಾಳಿಯನ್ನು ಹಿಮ್ಮೆಟ್ಟಿಸಲು ನೀವು {rewardAmount} {rewardName} ಪಡೆಯುತ್ತೀರಿ!,{taskCondition} шабуылды тойтарғаныңыз үшін {rewardAmount} {rewardName} аласыз!,អ្នកនឹងទទួលបាន {rewardAmount} {rewardName} សម្រាប់ការទប់ទល់ {taskCondition} ការវាយឆ្មក់!,{taskCondition}번의 습격을 격퇴하면 {rewardAmount} {rewardName}을(를) 획득합니다!,{taskCondition} чабуулду кайтарганыңыз үчүн {rewardAmount} {rewardName} аласыз!,ທ່ານຈະໄດ້ຮັບ {rewardAmount} {rewardName} ສຳລັບການຂັບໄລ່ {taskCondition} ການບຸກໂຈມຕີ!,Jūs saņemsiet {rewardAmount} {rewardName} par {taskCondition} reida atvairīšanu!,Gausite {rewardAmount} {rewardName} už {taskCondition} puolimo atmušimą!,Ќе добиете {rewardAmount} {rewardName} за одбивање на {taskCondition} напад!,Anda akan mendapat {rewardAmount} {rewardName} untuk menangkis {taskCondition} serbuan!,{taskCondition} ആക്രമണത്തെ പ്രതിരോധിക്കുന്നതിന് നിങ്ങൾക്ക് {rewardAmount} {rewardName} ലഭിക്കും!,{taskCondition} हल्ला परतवून लावल्याबद्दल तुम्हाला {rewardAmount} {rewardName} मिळेल!,{taskCondition} довтолгоог няцаасны төлөө {rewardAmount} {rewardName} авах болно!,{taskCondition} आक्रमणलाई निरुत्साहित गर्नुभएकोमा तपाईंले {rewardAmount} {rewardName} पाउनुहुनेछ!,Du får {rewardAmount} {rewardName} for å avverge {taskCondition} raid!,شما برای دفع {taskCondition} یورش، {rewardAmount} {rewardName} دریافت می‌کنید!,Otrzymasz {rewardAmount} {rewardName} za odparcie {taskCondition} najazdu!,Você receberá {rewardAmount} {rewardName} por repelir {taskCondition} ataque!,Receberá {rewardAmount} {rewardName} por repelir {taskCondition} ataques!,{taskCondition} ਹਮਲੇ ਨੂੰ ਰੋਕਣ ਲਈ ਤੁਹਾਨੂੰ {rewardAmount} {rewardName} ਮਿਲੇਗਾ!,Vei primi {rewardAmount} {rewardName} pentru respingerea a {taskCondition} raid!,Ты получишь {rewardAmount} {rewardName} за отражение {taskCondition} рейда!,Добићете {rewardAmount} {rewardName} за одбијање {taskCondition} напада!,{taskCondition} වැටලීමක් මැඩපැවැත්වීම සඳහා ඔබට {rewardAmount} {rewardName} ලැබේ!,Získate {rewardAmount} {rewardName} za odrazenie {taskCondition} nájazdu!,Prejeli boste {rewardAmount} {rewardName} za odvrnitev {taskCondition} napada!,¡Recibirás {rewardAmount} {rewardName} por repeler {taskCondition} incursión!,¡Recibirás {rewardAmount} {rewardName} por repeler {taskCondition} incursión!,Utapata {rewardAmount} {rewardName} kwa kurudisha nyuma {taskCondition} uvamizi!,Du får {rewardAmount} {rewardName} för att avvärja {taskCondition} räd!,{taskCondition} தாக்குதலை முறியடிப்பதற்கு {rewardAmount} {rewardName} பெறுவீர்கள்!,{taskCondition} దాడిని తిప్పికొట్టినందుకు మీకు {rewardAmount} {rewardName} లభిస్తుంది!,Барои пеш кардани {taskCondition} ҳамла {rewardAmount} {rewardName} мегиред!,คุณจะได้รับ {rewardAmount} {rewardName} สำหรับการขับไล่ {taskCondition} การบุกโจมตี!,{taskCondition} çozuşy yzga çekeniňiz üçin {rewardAmount} {rewardName} alarsyňyz!,{taskCondition} baskını püskürttüğün için {rewardAmount} {rewardName} kazanacaksın!,{taskCondition} һөҗүмне кире кайтару өчен сез {rewardAmount} {rewardName} аласыз!,Ви отримаєте {rewardAmount} {rewardName} за відбиття {taskCondition} нападу!,{taskCondition} چھاپے کو پسپا کرنے پر آپ کو {rewardAmount} {rewardName} ملے گا!,{taskCondition} bosqinni qaytarganingiz uchun {rewardAmount} {rewardName} olasiz!,Bạn sẽ nhận được {rewardAmount} {rewardName} cho việc đẩy lùi {taskCondition} cuộc đột kích!,Uzothola {rewardAmount} {rewardName} ngokuxosha ukuhlasela okungu-{taskCondition}!
daily_reward,Daily reward,Daaglikse beloning,Көндәлек бүләк,Ден-буьйсан бехк,Shpërblimi ditor,የቀን ሽልማት,المكافأة اليومية,Ամենօրյա պարգև,Gündəlik mükafat,দৈনিক পুরস্কার,Штодзённая ўзнагарода,Dei dei rewad,နေ့စဉ်ဆုလာဘ်,每日獎勵,每日奖励,每日獎勵,Dnevna nagrada,Denní odměna,Daglig belønning,Dagelijkse beloning,Päevane preemia,Araw-araw na gantimpala,Päivittäinen palkinto,Récompense quotidienne,ყოველდღიური ჯილდო,Tägliche Belohnung,Καθημερινή ανταμοιβή,દૈનિક ઇનામ,פרס יומי,दैनिक पुरस्कार,Napi jutalom,Dagleg verðlaun,Hadiah harian,Ricompensa giornaliera,デイリー報酬,ದೈನಂದಿನ ಬಹುಮಾನ,Күнделікті сыйақы,រង្វាន់ប្រចាំថ្ងៃ,일일 보상,Күнүмдүк сыйлык,ລາງວັນປະຈຳວັນ,Dienas atlīdzība,Dienos atlygis,Дневна награда,Ganjaran harian,ദൈനംദിന പ്രതിഫലം,दैनंदिन बक्षीस,Өдөр тутмын шагнал,दैनिक पुरस्कार,Daglig belønning,پاداش روزانه,Codzienna nagroda,Recompensa diária,Recompensa diária,ਦੈਨਿਕ ਇਨਾਮ,Recompensă zilnică,Ежедневная награда,Дневна награда,දෛනික ත්‍යාගය,Denná odmena,Dnevna nagrada,Recompensa diaria,Recompensa diaria,Zawadi ya kila siku,Daglig belöning,தினசரி வெகுமதி,రోజువారీ బహుమతి,Мукофоти ҳаррӯза,รางวัลประจำวัน,Gündelik sylag,Günlük ödül,Көндәлек бүләк,Щоденна нагорода,روزانہ انعام,Kundalik mukofot,Phần thưởng hàng ngày,Umvuzo wansuku zonke
daily_reward_reset_time,The rewards will be reset in {remainingTime},Belonings word oor {remainingTime} herstel,Бүләктәр {remainingTime} эсендә яңынан ҡуйыласаҡ,Бехк карлаяккхур йу {remainingTime},Shpërblimet do të rivendosen në {remainingTime},ሽልማቶቹ በ {remainingTime} ውስጥ ይቀየራሉ,سيتم إعادة تعيين المكافآت خلال {remainingTime},Պարգևները կվերականգնվեն {remainingTime}-ից հետո,Mükafatlar {remainingTime} sonra sıfırlanacaq,পুরস্কারগুলি {remainingTime} এর মধ্যে পুনরায় সেট হবে,Узнагароды будуць скінуты праз {remainingTime},Ol rewad bai reset long {remainingTime},ဆုလာဘ်များကို {remainingTime} အတွင်း ပြန်လည်သတ်မှတ်မည်,獎勵將在 {remainingTime} 後重置,奖励将在 {remainingTime} 后重置,獎勵將在 {remainingTime} 後重置,Nagrade će se resetirati za {remainingTime},Odměny budou resetovány za {remainingTime},Belønningerne nulstilles om {remainingTime},Beloningen worden gereset over {remainingTime},Preemiad lähtestatakse {remainingTime} pärast,Ang mga gantimpala ay ire-reset sa loob ng {remainingTime},Palkinnot päivittyvät {remainingTime},Les récompenses seront réinitialisées dans {remainingTime},ჯილდოები განახლდება {remainingTime}-ში,Belohnungen werden in {remainingTime} zurückgesetzt,Οι ανταμοιβές θα επαναφερθούν σε {remainingTime},ઇનામો {remainingTime} માં રીસેટ થશે,הפרסים יתאפסו בעוד {remainingTime},पुरस्कार {remainingTime} में रीसेट होंगे,A jutalmak {remainingTime} múlva alaphelyzetbe állnak,Verðlaun verða endurstillt eftir {remainingTime},Hadiah akan diatur ulang dalam {remainingTime},Le ricompense verranno ripristinate tra {remainingTime},報酬は {remainingTime} 後にリセットされます,ಬಹುಮಾನಗಳು {remainingTime} ನಲ್ಲಿ ಮರುಹೊಂದಿಸಲ್ಪಡುತ್ತವೆ,Сыйақылар {remainingTime} ішінде қалпына келтіріледі,រង្វាន់នឹងត្រូវបានកំណត់ឡើងវិញក្នុងរយៈពេល {remainingTime},보상이 {remainingTime} 후에 초기화됩니다,Сыйлыктар {remainingTime} ичинде кайра орнотулат,ລາງວັນຈະຖືກຣີເຊັດໃນ {remainingTime},Atlīdzības tiks atiestatītas pēc {remainingTime},Atlygiai bus atstatyti po {remainingTime},Наградите ќе се ресетираат за {remainingTime},Ganjaran akan ditetapkan semula dalam {remainingTime},പ്രതിഫലങ്ങൾ {remainingTime} ന് ശേഷം പുനഃസജ്ജമാക്കും,बक्षिसे {remainingTime} मध्ये रीसेट होतील,Шагналууд {remainingTime}-ийн дараа шинэчлэгдэнэ,पुरस्कारहरू {remainingTime} मा रिसेट हुनेछन्,Belønningene nullstilles om {remainingTime},پاداش‌ها در {remainingTime} بازنشانی می‌شوند,Nagrody zostaną zresetowane za {remainingTime},As recompensas serão redefinidas em {remainingTime},As recompensas serão redefinidas em {remainingTime},ਇਨਾਮ {remainingTime} ਵਿੱਚ ਰੀਸੈਟ ਹੋਣਗੇ,Recompensele vor fi resetate în {remainingTime},Награды будут обновлены через {remainingTime},Награде ће бити ресетоване за {remainingTime},ත්‍යාග {remainingTime} තුළ නැවත සකසනු ලැබේ,Odmeny budú resetované o {remainingTime},Nagrade bodo ponastavljene čez {remainingTime},Las recompensas se restablecerán en {remainingTime},Las recompensas se restablecerán en {remainingTime},Zawadi zitawekwa upya katika {remainingTime},Belöningarna återställs om {remainingTime},வெகுமதிகள் {remainingTime} இல் மீட்டமைக்கப்படும்,బహుమతులు {remainingTime} లో రీసెట్ అవుతాయి,Мукофотҳо пас аз {remainingTime} аз нав танзим мешаванд,รางวัลจะถูกรีเซ็ตใน {remainingTime},Sylaglar {remainingTime} täzeden düzüler,Ödüller {remainingTime} içinde sıfırlanacak,Бүләкләр {remainingTime} эчендә яңадан куелачак,Нагороди будуть скинуті через {remainingTime},انعامات {remainingTime} میں ری سیٹ ہوں گے,Mukofotlar {remainingTime} da qayta tiklanadi,Phần thưởng sẽ được đặt lại trong {remainingTime},Imivuzo izosethwa kabusha ngemva kwe-{remainingTime}
tutorial_toolbox,The Toolbox is your command center for managing the city's systems.,Die Gereedskapkis is jou beheersentrum vir die bestuur van die stad se stelsels.,Идара итеү панеле ҡала системаларын идара итеү өсөн һеҙҙең команда үҙәгегеҙ.,Куьйгалла - хьайн гӀалин системийн куьйгалла.,Paneli i kontrollit është qendra juaj e komandimit për menaxhimin e sistemeve të qytetit.,የመሳሪያ ሳጥኑ የከተማውን ስርዓቶች ለማስተዳደር የአንተ መቆጣጠሪያ ማእከል ነው.,صندوق الأدوات هو مركز القيادة الخاص بك لإدارة أنظمة المدينة.,Կառավարման վահանակ քաղաքի համակարգերը կառավարելու ձեր հրամանատարական կենտրոնն է:,İdarə paneli şəhər sistemlərini idarə etmək üçün sizin komanda mərkəzinizdir.,নিয়ন্ত্রণ প্যানেল শহরের ব্যবস্থাপনা পরিচালনার জন্য আপনার কমান্ড সেন্টার।,Панэль кіравання - гэта ваш пульт кіравання сістэмамі горада.,Kontrol Panej i senta blong kontrolem evri sistem blong taon.,ထိန်းချုပ်မှုဘောင်သည် သင့်မြို့၏စနစ်များကို စီမံခန့်ခွဲရန် သင့်၏ကွပ်ကဲမှုစင်တာဖြစ်သည်။,控制面板是管理城市系統的指揮中心。,控制面板是管理城市系统的指挥中心。,控制面板是管理城市系統的指揮中心。,Kontrolna ploča je vaš zapovjedni centar za upravljanje gradskim sustavima.,Ovládací panel je vaše velitelské centrum pro správu systémů města.,Kontrolpanelet er dit kommandocenter til styring af byens systemer.,Het Bedieningspaneel is jouw commandocentrum voor het beheren van de systemen van de stad.,Juhtpaneel on sinu keskus linna süsteemide haldamiseks.,Ang Control Panel ay ang iyong command center para sa pamamahala ng mga sistema ng lungsod.,Ohjauspaneeli on kaupunkisi järjestelmien ohjain.,Le panneau de contrôle est votre télécommande pour les systèmes de la ville.,მართვის პანელი არის შენი სამეთაურო ცენტრი ქალაქის სისტემების მართვისთვის.,Das Bedienfeld ist dein Kommandozentrum für die Verwaltung der Stadtsysteme.,Ο Πίνακας Ελέγχου είναι το κέντρο διοίκησης για τη διαχείριση των συστημάτων της πόλης.,નિયંત્રણ પેનલ એ શહેરની સિસ્ટમોનું સંચાલન કરવા માટે તમારું કમાન્ડ સેન્ટર છે.,לוח הבקרה הוא מרכז הפיקוד שלך לניהול מערכות העיר.,नियंत्रण पैनल शहर प्रणालियों के प्रबंधन के लिए आपका कमांड सेंटर है।,A Vezérlőpult a városi rendszerek irányításának parancsnoki központja.,Stjórnborðið er stjórnstöð þín til að stjórna kerfum borgarinnar.,Panel Kontrol adalah pusat komando Anda untuk mengelola sistem kota.,Il Pannello di controllo è il tuo centro di comando per la gestione dei sistemi della città.,コントロールパネルは都市システムを管理するための司令部です。,ನಿಯಂತ್ರಣ ಫಲಕವು ನಗರ ವ್ಯವಸ್ಥೆಗಳನ್ನು ನಿರ್ವಹಿಸಲು ನಿಮ್ಮ ಆಜ್ಞಾ ಕೇಂದ್ರವಾಗಿದೆ.,Басқару панелі - бұл қалалық жүйелерді басқаруға арналған командалық орталығыңыз.,ផ្ទាំងបញ្ជាគឺជាមជ្ឈមណ្ឌលបញ្ជារបស់អ្នកសម្រាប់គ្រប់គ្រងប្រព័ន្ធទីក្រុង។,제어판은 도시 시스템을 관리하기 위한 당신의 지휘 센터입니다.,Башкаруу панели - бул шаардык системаларды башкаруу үчүн сиздин командалык борборуңуз.,ກະດານຄວບຄຸມແມ່ນສູນບັນຊາການຂອງທ່ານສຳລັບການຈັດການລະບົບເມືອງ.,Vadības panelis ir jūsu komandcentrs pilsētas sistēmu pārvaldībai.,Valdymo skydelis yra jūsų komandų centras miesto sistemoms valdyti.,Контролниот панел е вашиот команден центар за управување со системите на градот.,Panel Kawalan adalah pusat arahan anda untuk menguruskan sistem bandar.,നിയന്ത്രണ പാനൽ നഗര സംവിധാനങ്ങൾ കൈകാര്യം ചെയ്യുന്നതിനുള്ള നിങ്ങളുടെ കമാൻഡ് സെന്ററാണ്.,नियंत्रण पॅनेल हे शहर प्रणाली व्यवस्थापित करण्यासाठी तुमचे कमांड सेंटर आहे.,Удирдлагын самбар нь хотын системүүдийг удирдах таны команд төв юм.,नियन्त्रण प्यानल सहर प्रणालीहरू व्यवस्थापन गर्नको लागि तपाईंको कमाण्ड सेन्टर हो।,Kontrollpanelet er kommandosenteret ditt for styring av byens systemer.,پنل کنترل مرکز فرماندهی شما برای مدیریت سیستم‌های شهر است.,Panel sterowania to twoje centrum dowodzenia do zarządzania systemami miasta.,O Painel de Controle é seu centro de comando para gerenciar os sistemas da cidade.,O Painel de Controlo é o seu centro de comando para gerir os sistemas da cidade.,ਕੰਟਰੋਲ ਪੈਨਲ ਸ਼ਹਿਰ ਪ੍ਰਣਾਲੀਆਂ ਦੇ ਪ੍ਰਬੰਧਨ ਲਈ ਤੁਹਾਡਾ ਕਮਾਂਡ ਸੈਂਟਰ ਹੈ।,Panoul de control este centrul tău de comandă pentru gestionarea sistemelor orașului.,Панель управления - твой пульт управления системами города.,Контролна табла је ваш командни центар за управљање градским системима.,පාලන පුවරුව යනු නගර පද්ධති කළමනාකරණය සඳහා ඔබගේ මෙහෙයුම් මධ්‍යස්ථානයයි.,Ovládací panel je vaše veliteľské centrum pre správu systémov mesta.,Nadzorna plošča je vaše poveljniško središče za upravljanje mestnih sistemov.,La caja de herramientas es tu centro de control para gestionar los sistemas de la ciudad.,El Panel de control es tu centro de mando para gestionar los sistemas de la ciudad.,Paneli ya Kudhibiti ni kituo chako cha amri cha kusimamia mifumo ya mji.,Kontrollpanelen är ditt kommandocenter för att hantera stadens system.,கட்டுப்பாட்டு பேனல் நகர அமைப்புகளை நிர்வகிப்பதற்கான உங்கள் கட்டளை மையமாகும்.,నియంత్రణ ప్యానెల్ నగర వ్యవస్థలను నిర్వహించడానికి మీ కమాండ్ సెంటర్.,Панели идоракунӣ маркази фармондеҳии шумо барои идоракунии системахои шаҳр аст.,แผงควบคุมคือศูนย์บัญชาการของคุณสำหรับจัดการระบบต่างๆ ของเมือง,Gözegçilik paneli şäher ulgamlaryny dolandyrmak üçin buýruk merkeziňizdir.,"Kontrol Paneli, şehir sistemlerini yönetmek için komuta merkezinizdir.",Идарә панеле шәһәр системаларын идарә итү өчен сезнең команда үзәгегез.,Панель управління — це ваш командний центр для керування системами міста.,کنٹرول پینل شہر کے نظاموں کو منظم کرنے کے لیے آپ کا کمانڈ سینٹر ہے۔,Boshqaruv paneli shahar tizimlarini boshqarish uchun sizning buyruq markazingizdir.,Bảng điều khiển là trung tâm chỉ huy của bạn để quản lý các hệ thống của thành phố.,Iphaneli Yokulawula iyisikhungo sakho sokulawula samasistimu edolobha.
tutorial_construction,Construction unlocks new buildings. Erect them to expand and develop your city.,Konstruksie ontsluit nuwe geboue. Bou hulle om jou stad uit te brei en te ontwikkel.,Төҙөлөш яңы биналар аса. Ҡалағыҙҙы киңәйтеү һәм үҫтереү өсөн уларҙы төҙөгөҙ.,"Йоттаро керла йоттарашка тӀекхачало. Уьш йо, гӀала шорйе а, кхио а.",Ndërtimi zhbllokon ndërtesa të reja. Ngriji ato për të zgjeruar dhe zhvilluar qytetin tënd.,ግንባታ አዳዲስ ህንፃዎችን ይከፍታል. ከተማህን ለማስፋት እና ለማልማት ግንባታ ፍጠር.,البناء يفتح مباني جديدة. شيدها لتوسيع وتطوير مدينتك.,Շինարարությունը բացում է նոր շենքեր: Կառուցեք դրանք ձեր քաղաքն ընդլայնելու և զարգացնելու համար:,Tikinti yeni binalar açır. Şəhərinizi genişləndirmək və inkişaf etdirmək üçün onları ucaldın.,নির্মাণ নতুন ভবন উন্মুক্ত করে। আপনার শহর সম্প্রসারণ ও বিকাশের জন্য সেগুলি নির্মাণ করুন।,"Будаўніцтва адкрывае доступ да новых будынкаў. Узводзьце іх, каб пашыраць і развіваць свой горад.",Konstrksen i opem niu bilding. Bildim olgeta blong ekspandem mo rozem taon blong yu.,ဆောက်လုပ်ရေးသည် အဆောက်အအုံအသစ်များကို ဖွင့်ပေးသည်။ သင့်မြို့ကို ချဲ့ထွင်ရန်နှင့် ဖွံ့ဖြိုးစေရန် ၎င်းတို့ကို ဆောက်ပါ။,建造解鎖新建築。豎立它們以擴展和發展你的城市。,建造解锁新建筑。竖起它们以扩展和发展你的城市。,建造解鎖新建築。豎立它們以擴展和發展你的城市。,Građevina otključava nove zgrade. Podignite ih kako biste proširili i razvili svoj grad.,Výstavba odemyká nové budovy. Postavte je pro rozšíření a rozvoj vašeho města.,Byggeri låser op for nye bygninger. Opfør dem for at udvide og udvikle din by.,Bouw ontgrendelt nieuwe gebouwen. Richt ze op om je stad uit te breiden en te ontwikkelen.,"Ehitus avab uusi hooneid. Püstita need, et oma linna laiendada ja arendada.",Ang konstruksyon ay nagbubukas ng mga bagong gusali. Itayo ang mga ito upang palawakin at paunlarin ang iyong lungsod.,Rakentaminen avaa uusia rakennuksia. Rakenna niitä laajentaaksesi ja kehittääksesi kaupunkiasi.,La construction donne accès à de nouveaux bâtiments. Construisez-les pour agrandir et développer votre ville.,მშენებლობა ხსნის ახალ შენობებს. ააშენე ისინი შენი ქალაქის გასაფართოებლად და გასავითარებლად.,"Bau schaltet neue Gebäude frei. Errichte sie, um deine Stadt zu erweitern und zu entwickeln.",Η κατασκευή ξεκλειδώνει νέα κτίρια. Κατασκευάστε τα για να επεκτείνετε και να αναπτύξετε την πόλη σας.,બાંધકામ નવી ઇમારતો ખોલે છે. તમારા શહેરને વિસ્તૃત અને વિકસાવવા માટે તેમને બનાવો.,בנייה פותחת בניינים חדשים. הקם אותם כדי להרחיב ולפתח את העיר שלך.,निर्माण नई इमारतें खोलता है। अपने शहर का विस्तार और विकास करने के लिए उन्हें बनाएँ।,"Az építkezés új épületeket nyit meg. Emeld őket, hogy bővítsd és fejleszd a városodat.",Bygging opnar nýjar byggingar. Reisðu þær til að stækka og þróa borgina þína.,Konstruksi membuka bangunan baru. Dirikanlah untuk memperluas dan mengembangkan kota Anda.,La costruzione sblocca nuovi edifici. Costruiscili per espandere e sviluppare la tua città.,建設は新しい建物を解放します。都市を拡張・発展させるために建設しましょう。,ನಿರ್ಮಾಣವು ಹೊಸ ಕಟ್ಟಡಗಳನ್ನು ಅನ್ಲಾಕ್ ಮಾಡುತ್ತದೆ. ನಿಮ್ಮ ನಗರವನ್ನು ವಿಸ್ತರಿಸಲು ಮತ್ತು ಅಭಿವೃದ್ಧಿಪಡಿಸಲು ಅವುಗಳನ್ನು ನಿರ್ಮಿಸಿ.,Құрылыс жаңа ғимараттарды ашады. Қалаңызды кеңейту және дамыту үшін оларды салыңыз.,សំណង់បើកអគារថ្មី។ សាងសង់ពួកវាដើម្បីពង្រីក និងអភិវឌ្ឍទីក្រុងរបស់អ្នក។,건설은 새로운 건물을 잠금 해제합니다. 도시를 확장하고 발전시키기 위해 건설하세요.,Курулуш жаңы имараттарды ачат. Шаарыңызды кеңейтүү жана өнүктүрүү үчүн аларды куруңуз.,ການກໍ່ສ້າງປົດລັອກອາຄານໃໝ່. ສ້າງພວກມັນເພື່ອຂະຫຍາຍ ແລະ ພັດທະນາເມືອງຂອງທ່ານ.,"Būvniecība atbloķē jaunas ēkas. Uzceliet tās, lai paplašinātu un attīstītu savu pilsētu.","Statyba atrakina naujus pastatus. Pastatykite juos, kad išplėstumėte ir vystytumėte savo miestą.",Градбата отклучува нови згради. Подигнете ги за да го проширите и развиете вашиот град.,Pembinaan membuka bangunan baru. Dirikan ia untuk mengembangkan dan memajukan bandar anda.,നിർമ്മാണം പുതിയ കെട്ടിടങ്ങൾ അൺലോക്ക് ചെയ്യുന്നു. നിങ്ങളുടെ നഗരം വികസിപ്പിക്കാനും വികസിപ്പിക്കാനും അവ സ്ഥാപിക്കുക.,बांधकाम नवीन इमारती उघडते. तुमचे शहर विस्तारण्यासाठी आणि विकसित करण्यासाठी त्या उभारा.,"Барилга нь шинэ барилгуудыг нээж өгдөг. Хотоо өргөжүүлэх, хөгжүүлэхэд тэдгээрийг босгох хэрэгтэй.",निर्माणले नयाँ भवनहरू अनलक गर्दछ। आफ्नो सहर विस्तार र विकास गर्न तिनीहरूलाई निर्माण गर्नुहोस्।,Konstruksjon låser opp nye bygninger. Reise dem for å utvide og utvikle byen din.,ساخت‌وساز ساختمان‌های جدید را باز می‌کند. آنها را برای گسترش و توسعه شهر خود بسازید.,"Budowa odblokowuje nowe budynki. Wznosząc je, rozszerzasz i rozwijasz swoje miasto.",Construção desbloqueia novos edifícios. Erga-os para expandir e desenvolver sua cidade.,A construção desbloqueia novos edifícios. Construa-os para expandir e desenvolver a sua cidade.,ਉਸਾਰੀ ਨਵੀਆਂ ਇਮਾਰਤਾਂ ਨੂੰ ਖੋਲ੍ਹਦੀ ਹੈ। ਆਪਣੇ ਸ਼ਹਿਰ ਨੂੰ ਵਿਸਤਾਰ ਅਤੇ ਵਿਕਸਤ ਕਰਨ ਲਈ ਉਹਨਾਂ ਨੂੰ ਉਸਾਰੋ।,Construcția deblochează clădiri noi. Ridică-le pentru a-ți extinde și dezvolta orașul.,"Строительство открывает доступ к новым зданиям. Возводи их, чтобы расширять и развивать свой город.",Градња откључава нове зграде. Подигните их да бисте проширили и развили свој град.,ඉදිකිරීම් නව ගොඩනැගිලි විවෘත කරයි. ඔබගේ නගරය පුළුල් කිරීමට සහ සංවර්ධනය කිරීමට ඒවා ඉදිකරන්න.,Výstavba odomyká nové budovy. Postavte ich na rozšírenie a rozvoj vášho mesta.,"Gradnja odklene nove stavbe. Postavite jih, da razširite in razvijete svoje mesto.",La construcción desbloquea nuevos edificios. Levántalos para expandir y desarrollar tu ciudad.,La construcción desbloquea nuevos edificios. Constrúyelos para expandir y desarrollar tu ciudad.,Ujenzi unafungua majengo mapya. Jenga ili kupanua na kuendeleza mji wako.,Konstruktion låser upp nya byggnader. Res dem för att expandera och utveckla din stad.,கட்டுமானம் புதிய கட்டிடங்களைத் திறக்கிறது. உங்கள் நகரத்தை விரிவுபடுத்தவும் மேம்படுத்தவும் அவற்றைக் கட்டுங்கள்.,నిర్మాణం కొత్త భవనాలను అన్లాక్ చేస్తుంది. మీ నగరాన్ని విస్తరించడానికి మరియు అభివృద్ధి చేయడానికి వాటిని నిర్మించండి.,Сохтмон биноҳои навро мекушояд. Онҳоро барои васеъ ва рушд додани шаҳри худ сохтан.,การก่อสร้างปลดล็อคอาคารใหม่ สร้างมันขึ้นมาเพื่อขยายและพัฒนาเมืองของคุณ,Gurluşyk täze binalary açýar. Şäheriňizi giňeltmek we ösdürmek üçin olary guryň.,İnşaat yeni binaların kilidini açar. Şehrini genişletmek ve geliştirmek için onları inşa et.,Төзелеш яңа биналар ача. Шәһәрегезне киңәйтү һәм үстерү өчен аларны төзегез.,"Будівництво відкриває доступ до нових будівель. Зводьте їх, щоб розширювати та розвивати своє місто.",تعمیر نئی عمارتیں کھولتی ہے۔ اپنے شہر کو وسعت دینے اور ترقی دینے کے لیے انہیں تعمیر کریں۔,Qurilish yangi binolarni ochadi. Shaharingizni kengaytirish va rivojlantirish uchun ularni quring.,Xây dựng mở khóa các tòa nhà mới. Xây dựng chúng để mở rộng và phát triển thành phố của bạn.,Ukwakha kuvula izakhiwo ezintsha. Zakha ukuze wandise futhi uthuthukise idolobha lakho.
tutorial_storage,The Storage shows all your city's resources and their limits. Keep an eye on your supplies - they are the foundation of prosperity.,Die Opberging wys al jou stad se hulpbronne en hul limiete. Hou jou voorrade dop - hulle is die fondament van welvaart.,Һаҡлағыс ҡалағыҙҙың бөтә ресурстарын һәм уларҙың сикләүҙәрен күрһәтә. Запасығыҙға күҙ һалығыҙ - улар үҫеш нигеҙе.,"Арахецна меттиго гойту гӀалин дерриг хьосташ а, церан дозанаш а. Хьосташна тӀехь латт, уьш бахаман бух бу.",Depoja tregon të gjitha burimet e qytetit dhe kufijtë e tyre. Mbaj një sy mbi furnizimet - ato janë themeli i prosperitetit.,ማከማቻው ሁሉንም የከተማህን ሀብቶች እና ገደቦቻቸውን ያሳያል. አቅርቦቶችህን ተከታተል - እነሱ የብልጽግና መሰረት ናቸው.,يُظهر المخزن جميع موارد مدينتك وحدودها. راقب إمداداتك - فهي أساس الازدهار.,Պահեստը ցույց է տալիս ձեր քաղաքի բոլոր ռեսուրսներն ու դրանց սահմանները: Հետևեք ձեր պաշարներին. դրանք բարգավաճման հիմքն են:,Anbar şəhərinizin bütün resurslarını və onların hədlərini göstərir. Ehtiyatlarınıza nəzarət edin - onlar firavanlığın təməlidir.,গুদামটি আপনার শহরের সমস্ত সম্পদ এবং তাদের সীমা দেখায়। আপনার মজুদের উপর নজর রাখুন - এগুলি সমৃদ্ধির ভিত্তি।,Сховішча паказвае ўсе рэсурсы горада і іх ліміты. Сачыце за запасамі - яны аснова квітнення.,Storij i soem evri resos blong taon mo limit blong olgeta. Lukluk long saple - olgeta i fundesen blong gudfala laef.,သိုလှောင်ရုံသည် သင့်မြို့၏ အရင်းအမြစ်များနှင့် ၎င်းတို့၏ ကန့်သတ်ချက်များကို ပြသသည်။ သင့်ထောက်ပံ့မှုများကို စောင့်ကြည့်ပါ - ၎င်းတို့သည် ကြွယ်ဝမှု၏အခြေခံဖြစ်သည်။,倉庫顯示你城市的所有資源及其上限。留意你的補給 - 它們是繁榮的基礎。,仓库显示你城市的所有资源及其上限。留意你的补给 - 它们是繁荣的基础。,倉庫顯示你城市的所有資源及其上限。留意你的補給 - 它們是繁榮的基礎。,Skladište prikazuje sve resurse vašeg grada i njihova ograničenja. Pazite na zalihe - one su temelj prosperiteta.,Sklad zobrazuje všechny zdroje vašeho města a jejich limity. Sledujte své zásoby - jsou základem prosperity.,Opbevaring viser alle byens ressourcer og deres grænser. Hold øje med dine forsyninger - de er grundlaget for velstand.,Opslag toont alle grondstoffen van je stad en hun limieten. Houd je voorraden in de gaten - ze zijn de basis van welvaart.,Ladu näitab kõiki linna ressursse ja nende piiranguid. Jälgi oma varusid - need on heaolu alus.,Ang Imbakan ay nagpapakita ng lahat ng mga mapagkukunan ng iyong lungsod at ang kanilang mga limitasyon. Bantayan ang iyong mga suplay - sila ang pundasyon ng kaunlaran.,Varasto näyttää kaikki kaupunkisi resurssit ja niiden rajat. Seuraa varastoja - ne ovat vaurauden perusta.,Le stockage affiche toutes les ressources de la ville et leurs limites. Surveillez vos stocks - ils sont la base de la prospérité.,საწყობი აჩვენებს შენი ქალაქის ყველა რესურსს და მათ ლიმიტებს. თვალი ადევნე შენს მარაგებს - ისინი კეთილდღეობის საფუძველია.,Das Lager zeigt alle Ressourcen deiner Stadt und deren Grenzen. Behalte deine Vorräte im Auge - sie sind die Grundlage des Wohlstands.,Η Αποθήκη δείχνει όλους τους πόρους της πόλης σας και τα όριά τους. Παρακολουθήστε τα αποθέματά σας - είναι η βάση της ευημερίας.,ભંડાર તમારા શહેરના તમામ સંસાધનો અને તેમની મર્યાદાઓ દર્શાવે છે. તમારા પુરવઠા પર નજર રાખો - તે સમૃદ્ધિનો પાયો છે.,המחסן מציג את כל המשאבים של העיר שלך והגבולות שלהם. עקוב אחר האספקה שלך - הם הבסיס לשגשוג.,भंडार आपके शहर के सभी संसाधनों और उनकी सीमाओं को दिखाता है। अपनी आपूर्ति पर नज़र रखें - वे समृद्धि की नींव हैं।,A Raktár megmutatja a város összes erőforrását és azok korlátait. Figyeld a készleteidet - ezek a jólét alapja.,Geymslan sýnir allar auðlindir borgarinnar og takmörk þeirra. Fylgstu með birgðum þínum - þær eru grunnur velmegunar.,Penyimpanan menunjukkan semua sumber daya kota Anda dan batasannya. Perhatikan persediaan Anda - itu adalah fondasi kemakmuran.,Il Magazzino mostra tutte le risorse della tua città e i loro limiti. Tieni d'occhio le tue scorte - sono la base della prosperità.,保管庫は都市の全ての資源とその上限を表示します。供給に注意を払いましょう - それらは繁栄の基盤です。,ಸಂಗ್ರಹವು ನಿಮ್ಮ ನಗರದ ಎಲ್ಲಾ ಸಂಪನ್ಮೂಲಗಳನ್ನು ಮತ್ತು ಅವುಗಳ ಮಿತಿಗಳನ್ನು ತೋರಿಸುತ್ತದೆ. ನಿಮ್ಮ ಸರಬರಾಜುಗಳನ್ನು ಗಮನದಲ್ಲಿಡಿ - ಅವು ಸಮೃದ್ಧಿಯ ಆಧಾರವಾಗಿವೆ.,Қойма сіздің қалаңыздың барлық ресурстары мен олардың шектерін көрсетеді. Жабдықтарыңызды бақылаңыз - олар гүлденудің негізі.,ឃ្លាំងបង្ហាញធនធានទាំងអស់របស់ទីក្រុងអ្នក និងដែនកំណត់របស់វា។ តាមដានការផ្គត់ផ្គង់របស់អ្នក - វាជាមូលដ្ឋានគ្រឹះនៃភាពរុងរឿង។,창고는 도시의 모든 자원과 그 한계를 보여줍니다. 보급품을 주시하세요 - 그것은 번영의 기초입니다.,Сактоочу жай сиздин шаарыңыздын бардык ресурстарын жана алардын чектерин көрсөтөт. Запастарыңызды көзөмөлдөңүз - алар гүлдөп-өнүгүүнүн негизи.,ສາງສະແດງຊັບພະຍາກອນທັງໝົດຂອງເມືອງທ່ານ ແລະ ຂີດຈຳກັດຂອງພວກມັນ. ຕິດຕາມການສະໜອງຂອງທ່ານ - ພວກມັນແມ່ນພື້ນຖານຂອງຄວາມຈະເລີນຮຸ່ງເຮືອງ.,Noliktava parāda visus jūsu pilsētas resursus un to ierobežojumus. Sekojiet līdzi saviem krājumiem - tie ir labklājības pamats.,Sandėlis rodo visus jūsų miesto išteklius ir jų ribas. Stebėkite savo atsargas - jos yra klestėjimo pagrindas.,Складиштето ги прикажува сите ресурси на вашиот град и нивните ограничувања. Следете ги вашите залихи - тие се основа на просперитетот.,Storan menunjukkan semua sumber bandar anda dan hadnya. Perhatikan bekalan anda - ia adalah asas kemakmuran.,സംഭരണശാല നിങ്ങളുടെ നഗരത്തിലെ എല്ലാ വിഭവങ്ങളും അവയുടെ പരിധികളും കാണിക്കുന്നു. നിങ്ങളുടെ വിതരണങ്ങൾ നിരീക്ഷിക്കുക - അവ സമൃദ്ധിയുടെ അടിത്തറയാണ്.,कोठार तुमच्या शहरातील सर्व संसाधने आणि त्यांची मर्यादा दर्शवते. तुमच्या पुरवठ्यावर लक्ष ठेवा - ते समृद्धीचा पाया आहेत.,Агуулах нь таны хотын бүх нөөц ба тэдгээрийн хязгаарыг харуулдаг. Нөөцөө хянаж байгаарай - тэдгээр нь цэцэглэлтийн суурь юм.,भण्डारले तपाईंको सहरका सबै स्रोतहरू र तिनीहरूको सीमाहरू देखाउँछ। आफ्नो आपूर्तिहरूमा नजर राख्नुहोस् - तिनीहरू समृद्धिको आधार हुन्।,Lageret viser alle byens ressurser og grensene deres. Hold øye med forsyningene dine - de er grunnlaget for velstand.,انبار تمام منابع شهر و محدودیت‌های آنها را نشان می‌دهد. مراقب منابع خود باشید - آنها اساس شکوفایی هستند.,Magazyn pokazuje wszystkie zasoby Twojego miasta i ich limity. Pilnuj swoich zapasów - są podstawą dobrobytu.,O Armazém mostra todos os recursos da sua cidade e seus limites. Fique de olho nos seus suprimentos - eles são a base da prosperidade.,O Armazenamento mostra todos os recursos da sua cidade e os seus limites. Fique de olho nos seus suprimentos - eles são a base da prosperidade.,ਸਟੋਰੇਜ ਤੁਹਾਡੇ ਸ਼ਹਿਰ ਦੇ ਸਾਰੇ ਸਰੋਤ ਅਤੇ ਉਹਨਾਂ ਦੀਆਂ ਸੀਮਾਵਾਂ ਨੂੰ ਦਿਖਾਉਂਦਾ ਹੈ। ਆਪਣੇ ਸਪਲਾਈ ਉੱਤੇ ਨਜ਼ਰ ਰੱਖੋ - ਉਹ ਖੁਸ਼ਹਾਲੀ ਦੀ ਬੁਨਿਆਦ ਹਨ।,Depozitul arată toate resursele orașului tău și limitele lor. Fii atent la provizii - ele sunt baza prosperității.,Хранилище показывает все ресурсы города и их лимиты. Следи за запасами - они основа процветания.,Складиште приказује све ресурсе вашег града и њихова ограничења. Пратите своје залихе - оне су основа просперитета.,ගබඩාව ඔබගේ නගරයේ සියලු සම්පත් සහ ඒවායේ සීමාවන් පෙන්වයි. ඔබගේ සැපයුම් ගැන විමසිල්ලෙන් සිටින්න - ඒවා සමෘද්ධියේ පදනමයි.,Sklad zobrazuje všetky zdroje vášho mesta a ich limity. Sledujte svoje zásoby - sú základom prosperity.,Skladišče prikazuje vse vire vašega mesta in njihove omejitve. Spremljajte svoje zaloge - so osnova blaginje.,El almacén muestra todos los recursos de la ciudad y sus límites. Cuida tus suministros: son la base de la prosperidad.,El Almacén muestra todos los recursos de tu ciudad y sus límites. Vigila tus suministros: son la base de la prosperidad.,Hifadhi inaonyesha rasilimali zote za mji wako na mipaka yake. Angalia akiba yako - ndio msingi wa ustawi.,Förvaringen visar alla stadens resurser och deras gränser. Håll koll på dina förråd - de är grunden för välstånd.,கிடங்கு உங்கள் நகரத்தின் அனைத்து வளங்களையும் அவற்றின் வரம்புகளையும் காட்டுகிறது. உங்கள் விநியோகங்களைக் கவனியுங்கள் - அவை செழிப்பின் அடித்தளமாகும்.,నిల్వ మీ నగరంలోని అన్ని వనరులు మరియు వాటి పరిమితులను చూపిస్తుంది. మీ సరఫరాలపై నిఘా ఉంచండి - అవి సంపదకు పునాది.,Анбор ҳамаи захираҳои шаҳри шумо ва маҳдудиятҳои онҳоро нишон медиҳад. Захираҳои худро назорат кунед - онҳо асоси ободӣ мебошанд.,คลังสินค้าแสดงทรัพยากรทั้งหมดของเมืองและขีดจำกัด จับตาดูเสบียงของคุณ - พวกมันคือรากฐานของความเจริญรุ่งเรือง,Ammar şäheriňiziň ähli çeşmelerini we olaryň çäklerini görkezýär. Üpjünçilikleriňize göz aýlaň - olar abadançylygyň esasydyr.,"Depo, şehrinin tüm kaynaklarını ve sınırlarını gösterir. Malzemelerini takip et - refahın temeli onlardır.",Саклагыч шәһәрегезнең барлык ресурсларын һәм аларның чикләрен күрсәтә. Запасыгызга күз салыгыз - алар үсешнең нигезе.,Сховище показує всі ресурси міста та їхні ліміти. Слідкуйте за запасами — вони є основою процвітання.,ذخیرہ آپ کے شہر کے تمام وسائل اور ان کی حدود دکھاتا ہے۔ اپنی سپلائی پر نظر رکھیں - یہ خوشحالی کی بنیاد ہیں۔,Ombor shahringizdagi barcha resurslar va ularning chegaralarini ko‘rsatadi. Zaxiralaringizni kuzatib boring - ular farovonlikning asosidir.,Kho hiển thị tất cả tài nguyên của thành phố và giới hạn của chúng. Theo dõi nguồn cung cấp của bạn - chúng là nền tảng của sự thịnh vượng.,Isitoreji sikhombisa zonke izinsiza zedolobha lakho kanye nemikhawulo yazo. Gcina amehlo ezimpahla zakho - ziyisisekelo sokuchuma.
tutorial_daily_tasks,Complete daily tasks and claim your rewards. New challenges await you every single day!,Voltooi daaglikse take en eis jou belonings. Nuwe uitdagings wag elke dag op jou!,Көндәлек бурыстарҙы үтәгеҙ һәм бүләктәрегеҙҙе алығыҙ. Көн һайын яңы һынауҙар һеҙҙе көтә!,"Ден-буьйсан кхочушдараш кхочушде а, бехк баккхий. Ден-буьйсан керла кхочушдараш латтий!",Përfundo detyrat ditore dhe merr shpërblimet. Sfida të reja të presin çdo ditë!,የቀን ተግባራትን አጠናቅቅ እና ሽልማቶችህን ተቀበል. አዳዲስ ፈተናዎች በየቀኑ ይጠብቁሃል!,أكمل المهام اليومية واحصل على مكافآتك. تحديات جديدة تنتظرك كل يوم!,Կատարեք ամենօրյա առաջադրանքները և ստացեք ձեր պարգևները: Ամեն օր ձեզ սպասում են նոր մարտահրավերներ:,Gündəlik tapşırıqları yerinə yetirin və mükafatlarınızı alın. Hər gün sizi yeni çətinliklər gözləyir!,দৈনিক কাজগুলি সম্পূর্ণ করুন এবং আপনার পুরস্কার দাবি করুন। প্রতিদিন নতুন চ্যালেঞ্জ আপনার জন্য অপেক্ষা করছে!,Выконвайце штодзённыя заданні і атрымлівайце ўзнагароды. Новыя выпрабаванні чакаюць вас кожны дзень!,Mekem dei dei wok mo kasem rewad blong yu. Niu jenis i wetem yu evri dei!,နေ့စဉ်လုပ်ငန်းများကို ပြီးဆုံးပြီး သင့်ဆုလာဘ်များကို ရယူပါ။ စိန်ခေါ်မှုအသစ်များသည် နေ့တိုင်းသင့်ကို စောင့်ကြိုနေပါသည်!,完成每日任務並領取獎勵。每天都有新的挑戰等著你!,完成每日任务并领取奖励。每天都有新的挑战等着你!,完成每日任務並領取獎勵。每天都有新的挑戰等著你!,Obavljajte dnevne zadatke i preuzmite svoje nagrade. Novi izazovi čekaju vas svaki dan!,Plněte denní úkoly a vyzvedněte si své odměny. Každý den na vás čekají nové výzvy!,Udfør daglige opgaver og hent dine belønninger. Nye udfordringer venter dig hver dag!,Voltooi dagelijkse taken en claim je beloningen. Nieuwe uitdagingen wachten elke dag op je!,Täida päevased ülesanded ja võta oma preemiad. Uued väljakutsed ootavad sind iga päev!,Kumpletuhin ang araw-araw na mga gawain at kunin ang iyong mga gantimpala. Mga bagong hamon ang naghihintay sa iyo araw-araw!,Suorita päivittäisiä tehtäviä ja saa palkintoja. Uusia haasteita odottaa joka päivä!,Accomplissez les tâches quotidiennes et recevez des récompenses. De nouveaux défis vous attendent chaque jour!,შეასრულე ყოველდღიური დავალებები და მიიღე შენი ჯილდოები. ყოველდღე ახალი გამოწვევები გელოდება!,Erledige tägliche Aufgaben und fordere deine Belohnungen ein. Neue Herausforderungen warten jeden Tag auf dich!,Ολοκληρώστε τις καθημερινές εργασίες και διεκδικήστε τις ανταμοιβές σας. Νέες προκλήσεις σας περιμένουν κάθε μέρα!,દૈનિક કાર્યો પૂર્ણ કરો અને તમારા ઇનામો દાવો કરો. દરરોજ નવા પડકારો તમારી રાહ જુએ છે!,השלם משימות יומיות וקבל את הפרסים שלך. אתגרים חדשים מחכים לך בכל יום!,दैनिक कार्यों को पूरा करें और अपने पुरस्कार प्राप्त करें। हर दिन नई चुनौतियाँ आपका इंतज़ार कर रही हैं!,Teljesítsd a napi feladatokat és vedd át jutalmaidat. Új kihívások várnak rád minden nap!,Ljúktu daglegum verkefnum og fáðu verðlaunin þín. Nýjar áskoranir bíða þín á hverjum degi!,Selesaikan tugas harian dan klaim hadiah Anda. Tantangan baru menanti Anda setiap hari!,Completa i compiti giornalieri e ritira le tue ricompense. Nuove sfide ti aspettano ogni giorno!,デイリータスクを完了して報酬を受け取りましょう。毎日新しい挑戦が待っています！,ದೈನಂದಿನ ಕಾರ್ಯಗಳನ್ನು ಪೂರ್ಣಗೊಳಿಸಿ ಮತ್ತು ನಿಮ್ಮ ಬಹುಮಾನಗಳನ್ನು ಪಡೆದುಕೊಳ್ಳಿ. ಪ್ರತಿದಿನ ಹೊಸ ಸವಾಲುಗಳು ನಿಮಗಾಗಿ ಕಾಯುತ್ತಿವೆ!,Күнделікті тапсырмаларды орындаңыз және сыйақыларыңызды алыңыз. Күн сайын жаңа сынақтар сізді күтеді!,បញ្ចប់កិច្ចការប្រចាំថ្ងៃ និងទាមទាររង្វាន់របស់អ្នក។ បញ្ហាប្រឈមថ្មីកំពុងរង់ចាំអ្នករាល់ថ្ងៃ!,일일 임무를 완료하고 보상을 받으세요. 매일 새로운 도전이 여러분을 기다립니다!,"Күнүмдүк тапшырмаларды аткарып, сыйлыктарыңызды алыңыз. Күн сайын жаңы сыноолор сизди күтөт!",ສຳເລັດວຽກງານປະຈຳວັນ ແລະ ຮັບລາງວັນຂອງທ່ານ. ສິ່ງທ້າທາຍໃໝ່ກຳລັງລໍຖ້າທ່ານທຸກໆມື້!,Izpildiet dienas uzdevumus un saņemiet savas atlīdzības. Katru dienu jūs gaida jauni izaicinājumi!,Atlikite dienos užduotis ir gaukite savo atlygius. Kiekvieną dieną jūsų laukia nauji iššūkiai!,Завршете ги дневните задачи и добијте ги вашите награди. Нови предизвици ве чекаат секој ден!,Selesaikan tugasan harian dan tuntut ganjaran anda. Cabaran baru menanti anda setiap hari!,ദൈനംദിന ജോലികൾ പൂർത്തിയാക്കി നിങ്ങളുടെ പ്രതിഫലങ്ങൾ ക്ലെയിം ചെയ്യുക. എല്ലാ ദിവസവും പുതിയ വെല്ലുവിളികൾ നിങ്ങൾക്കായി കാത്തിരിക്കുന്നു!,दैनंदिन कार्ये पूर्ण करा आणि तुमची बक्षिसे मिळवा. दररोज नवीन आव्हाने तुमची वाट पाहत आहेत!,"Өдөр тутмын даалгавруудыг гүйцэтгэж, шагналаа аваарай. Өдөр бүр шинэ сорилтууд таныг хүлээж байна!",दैनिक कार्यहरू पूरा गर्नुहोस् र आफ्नो पुरस्कारहरू दाबी गर्नुहोस्। नयाँ चुनौतीहरू प्रत्येक दिन तपाईंको पर्खाइमा छन्!,Fullfør daglige oppgaver og hent belønningene dine. Nye utfordringer venter deg hver dag!,وظایف روزانه را کامل کنید و پاداش‌های خود را دریافت کنید. چالش‌های جدید هر روز در انتظار شما هستند!,Wykonuj codzienne zadania i odbieraj nagrody. Każdego dnia czekają na Ciebie nowe wyzwania!,Conclua as tarefas diárias e reivindique suas recompensas. Novos desafios esperam por você todos os dias!,Conclua as tarefas diárias e reivindique as suas recompensas. Novos desafios esperam por si todos os dias!,ਦੈਨਿਕ ਕੰਮ ਮੁਕੰਮਲ ਕਰੋ ਅਤੇ ਆਪਣੇ ਇਨਾਮ ਪ੍ਰਾਪਤ ਕਰੋ। ਨਵੀਆਂ ਚੁਣੌਤੀਆਂ ਹਰ ਰੋਜ਼ ਤੁਹਾਡੀ ਉਡੀਕ ਕਰ ਰਹੀਆਂ ਹਨ!,Finalizează sarcinile zilnice și revendică recompensele. Noi provocări te așteaptă în fiecare zi!,Выполняй ежедневные задания и получай награды. Новые испытания ждут тебя каждый день!,Завршите дневне задатке и преузмите своје награде. Нови изазови вас чекају сваког дана!,දෛනික කාර්යයන් සම්පූර්ණ කර ඔබගේ ත්‍යාග ලබා ගන්න. සෑම දිනකම අලුත් අභියෝග ඔබ එනතුරු බලා සිටී!,Plnite denné úlohy a vyberte si svoje odmeny. Každý deň na vás čakajú nové výzvy!,Opravite dnevne naloge in prevzemite svoje nagrade. Vsak dan vas čakajo novi izzivi!,Completa tareas diarias y reclama tus recompensas. ¡Nuevos desafíos te esperan cada día!,Completa tareas diarias y reclama tus recompensas. ¡Nuevos desafíos te esperan cada día!,Kamilisha kazi za kila siku na upokee zawadi zako. Changamoto mpya zinakungoja kila siku!,Slutför dagliga uppgifter och hämta dina belöningar. Nya utmaningar väntar dig varje dag!,தினசரி பணிகளை முடித்து உங்கள் வெகுமதிகளைப் பெறுங்கள். ஒவ்வொரு நாளும் புதிய சவால்கள் உங்களுக்காகக் காத்திருக்கின்றன!,"రోజువారీ పనులను పూర్తి చేసి, మీ బహుమతులను పొందండి. ప్రతిరోజూ కొత్త సవాళ్లు మీ కోసం వేచి ఉన్నాయి!",Вазифаҳои ҳаррӯзаро иҷро кунед ва мукофотҳои худро гиред. Ҳар рӯз мушкилоти нав интизори шумоянд!,ทำภารกิจประจำวันให้สำเร็จและรับรางวัลของคุณ ความท้าทายใหม่รอคุณอยู่ทุกวัน!,Gündelik işleri ýerine ýetiriň we sylaglaryňyzy alyň. Her gün täze synaglar sizi garaşýar!,Günlük görevleri tamamla ve ödüllerini al. Her gün yeni zorluklar seni bekliyor!,Көндәлек биремнәрне үтәгез һәм бүләкләрегезне алыгыз. Көн саен яңа сынаулар сезне көтә!,Виконуйте щоденні завдання та отримуйте нагороди. Нові випробування чекають на вас щодня!,روزانہ کام مکمل کریں اور اپنے انعامات حاصل کریں۔ نئے چیلنجز ہر روز آپ کا انتظار کر رہے ہیں!,Kundalik vazifalarni bajaring va mukofotlaringizni oling. Har kuni sizni yangi sinovlar kutmoqda!,Hoàn thành nhiệm vụ hàng ngày và nhận phần thưởng của bạn. Những thử thách mới đang chờ bạn mỗi ngày!,Qedela imisebenzi yansuku zonke futhi uthole imivuzo yakho. Izinselelo ezintsha zikulindele nsuku zonke!
tutorial_daily_reward,Visit your city each day to claim a free reward.,Besoek jou stad elke dag om 'n gratis beloning te eis.,Буш бүләк алыу өсөн көн һайын ҡалағыҙға килегеҙ.,"Ден-буьйсан гӀала чу хьий а, маххаза бехк баккхий.",Vizito qytetin çdo ditë për të marrë një shpërblim falas.,በየቀኑ ከተማህን በመጎብኘት ነጻ ሽልማት ተቀበል.,قم بزيارة مدينتك كل يوم للحصول على مكافأة مجانية.,Ամեն օր այցելեք ձեր քաղաքը՝ անվճար պարգև ստանալու համար:,Hər gün şəhərinizi ziyarət edərək pulsuz mükafat əldə edin.,প্রতিদিন আপনার শহর পরিদর্শন করে একটি বিনামূল্যের পুরস্কার দাবি করুন।,"Наведвайце свой горад кожны дзень, каб атрымаць бясплатную ўзнагароду.",Kam long taon blong yu evri dei blong kasem wan fri rewad.,အခမဲ့ဆုလာဘ်ရယူရန် နေ့တိုင်း သင့်မြို့သို့ လာရောက်ပါ။,每天拜訪你的城市領取免費獎勵。,每天拜访你的城市领取免费奖励。,每天拜訪你的城市領取免費獎勵。,Posjetite svoj grad svaki dan kako biste preuzeli besplatnu nagradu.,Navštivte své město každý den a získejte bezplatnou odměnu.,Besøg din by hver dag for at hente en gratis belønning.,Bezoek je stad elke dag om een gratis beloning te claimen.,"Külasta oma linna iga päev, et saada tasuta preemia.",Bisitahin ang iyong lungsod araw-araw upang makakuha ng libreng gantimpala.,Käy kaupungissa joka päivä ja nosta ilmainen palkinto.,Visitez la ville chaque jour pour récupérer une récompense gratuite.,ყოველდღე ეწვიე შენს ქალაქს უფასო ჯილდოს მისაღებად.,"Besuche deine Stadt jeden Tag, um eine kostenlose Belohnung abzuholen.",Επισκεφθείτε την πόλη σας κάθε μέρα για να διεκδικήσετε μια δωρεάν ανταμοιβή.,મફત ઇનામ દાવો કરવા માટે દરરોજ તમારા શહેરની મુલાકાત લો.,בקר בעיר שלך בכל יום כדי לקבל פרס חינם.,मुफ्त पुरस्कार पाने के लिए हर दिन अपने शहर में आएँ।,Látogasd meg a városodat minden nap egy ingyenes jutalomért.,Heimsóttu borgina þína á hverjum degi til að fá ókeypis verðlaun.,Kunjungi kota Anda setiap hari untuk mendapatkan hadiah gratis.,Visita la tua città ogni giorno per ritirare una ricompensa gratuita.,毎日都市を訪れて無料報酬を受け取りましょう。,ಉಚಿತ ಬಹುಮಾನವನ್ನು ಪಡೆದುಕೊಳ್ಳಲು ಪ್ರತಿದಿನ ನಿಮ್ಮ ನಗರಕ್ಕೆ ಭೇಟಿ ನೀಡಿ.,Тегін сыйақы алу үшін қалаңызға күн сайын келіңіз.,ទស្សនាទីក្រុងរបស់អ្នករាល់ថ្ងៃដើម្បីទទួលបានរង្វាន់ឥតគិតថ្លៃ។,매일 도시를 방문하여 무료 보상을 받으세요.,Бекер сыйлык алуу үчүн шаарыңызга күн сайын келиңиз.,ໄປຢ້ຽມຢາມເມືອງຂອງທ່ານທຸກໆມື້ເພື່ອຮັບລາງວັນຟຣີ.,"Apmeklējiet savu pilsētu katru dienu, lai saņemtu bezmaksas atlīdzību.","Kiekvieną dieną aplankykite savo miestą, kad gautumėte nemokamą atlygį.",Посетете го вашиот град секој ден за да добиете бесплатна награда.,Lawati bandar anda setiap hari untuk mendapatkan ganjaran percuma.,സൗജന്യ പ്രതിഫലം ക്ലെയിം ചെയ്യാൻ എല്ലാ ദിവസവും നിങ്ങളുടെ നഗരം സന്ദർശിക്കുക.,मोफत बक्षीस मिळवण्यासाठी दररोज तुमच्या शहराला भेट द्या.,Үнэгүй шагнал авахын тулд өдөр бүр хотоо зочилно уу.,निःशुल्क पुरस्कार दाबी गर्न प्रत्येक दिन आफ्नो सहरको भ्रमण गर्नुहोस्।,Besøk byen din hver dag for å hente en gratis belønning.,هر روز از شهر خود دیدن کنید تا یک پاداش رایگان دریافت کنید.,"Odwiedzaj swoje miasto każdego dnia, aby odebrać darmową nagrodę.",Visite sua cidade todos os dias para reivindicar uma recompensa grátis.,Visite a sua cidade todos os dias para reivindicar uma recompensa grátis.,ਮੁਫ਼ਤ ਇਨਾਮ ਪ੍ਰਾਪਤ ਕਰਨ ਲਈ ਹਰ ਰੋਜ਼ ਆਪਣੇ ਸ਼ਹਿਰ ਦਾ ਦੌਰਾ ਕਰੋ।,Vizitează-ți orașul în fiecare zi pentru a revendica o recompensă gratuită.,Заходи в город каждый день и забирай бесплатную награду.,Посетите свој град сваког дана да бисте добили бесплатну награду.,නොමිලේ ත්‍යාගයක් ලබා ගැනීමට සෑම දිනකම ඔබගේ නගරයට පිවිසෙන්න.,Navštívte svoje mesto každý deň a získajte bezplatnú odmenu.,Vsak dan obiščite svoje mesto in prevzemite brezplačno nagrado.,Visita tu ciudad todos los días para reclamar una recompensa gratuita.,Visita tu ciudad cada día para reclamar una recompensa gratuita.,Tembelea mji wako kila siku ili kupokea zawadi ya bure.,Besök din stad varje dag för att hämta en gratis belöning.,இலவச வெகுமதியைப் பெற ஒவ்வொரு நாளும் உங்கள் நகரத்தைப் பார்வையிடவும்.,ఉచిత బహుమతి పొందడానికి ప్రతిరోజూ మీ నగరాన్ని సందర్శించండి.,"Ҳар рӯз ба шаҳри худ ташриф оред, то мукофоти ройгон гиред.",เยี่ยมชมเมืองของคุณทุกวันเพื่อรับรางวัลฟรี,Her gün mugt sylag almak üçin şäheriňize geliň.,Her gün şehrini ziyaret ederek ücretsiz ödülünü al.,Буш бүләк алу өчен көн саен шәһәрегезгә килегез.,"Відвідуйте своє місто щодня, щоб отримати безкоштовну нагороду.",مفت انعام حاصل کرنے کے لیے ہر روز اپنے شہر کا دورہ کریں۔,Bepul mukofot olish uchun har kuni shahringizga tashrif buyuring.,Ghé thăm thành phố của bạn mỗi ngày để nhận phần thưởng miễn phí.,Vakashela idolobha lakho nsuku zonke ukuze uthole umvuzo wamahhala.
tutorial_pier,The Pier opens the path to the ocean. Send your residents to hunt for drifting resources - it's one of the main sources of wealth.,Die Pier open die pad na die see. Stuur jou inwoners om drywende hulpbronne te jag - dit is een van die hoofbronne van rykdom.,Пирс океанға юл аса. Йөҙөүсе ресурстарҙы ауларға йәшәүселәрегеҙҙе ебәрегеҙ - был байлыҡтың төп сығанаҡтарының береһе.,"Пирса хьо хӀордан тӀе аравоху. Бахархойн тӀехуху хьосташ лоха, уьш гулдар арадаккхара коьрта хьост бу.",Skela hap rrugën drejt oqeanit. Dërgo banorët e tu për të gjuajtur burime që notojnë - është një nga burimet kryesore të pasurisë.,የመርከብ ማረፊያው ወደ ውቅያኖስ መንገድ ይከፍታል. ተንሳፋፊ ሀብቶችን ለማደን ነዋሪዎችህን ላክ - ይህ ከዋና የሀብት ምንጮች አንዱ ነው.,الرصيف يفتح الطريق إلى المحيط. أرسل مقيميك للبحث عن الموارد العائمة - إنه أحد المصادر الرئيسية للثروة.,Նավամատույցը բացում է ճանապարհը դեպի օվկիանոս: Ուղարկեք ձեր բնակիչներին լողացող ռեսուրսներ որսալու. սա հարստության հիմնական աղբյուրներից մեկն է:,"Estakada okeana yol açır. Sakinlərinizi üzən resursları ovlamağa göndərin - bu, sərvətin əsas mənbələrindən biridir.",ঘাট মহাসাগরের পথ খুলে দেয়। ভাসমান সম্পদ শিকারের জন্য আপনার বাসিন্দাদের পাঠান - এটি সম্পদের প্রধান উৎসগুলির মধ্যে একটি।,Пірс адкрывае шлях у акіян. Адпраўляйце жыхароў на паляванне за рэсурсамі - гэта адзін з галоўных крыніц багацця.,Pia i opem rod go long solwota. Salem man blong taon blong faenem resos i flot long solwota - hem i wan bigfala ples blong kasem samting.,ဆိပ်ခံတံတားသည် သမုဒ္ဒရာဆီသို့ လမ်းဖွင့်ပေးသည်။ မျောပါနေသော အရင်းအမြစ်များကို အမဲလိုက်ရန် သင့်နေထိုင်သူများကို စေလွှတ်ပါ - ဤသည် ကြွယ်ဝမှု၏ အဓိကအရင်းအမြစ်များထဲမှတစ်ခုဖြစ်သည်။,碼頭開啟了通往海洋的道路。派遣你的居民去獵取漂流的資源 - 這是財富的主要來源之一。,码头开启了通往海洋的道路。派遣你的居民去猎取漂流的资源 - 这是财富的主要来源之一。,碼頭開啟了通往海洋的道路。派遣你的居民去獵取漂流的資源 - 這是財富的主要來源之一。,Pristanište otvara put prema oceanu. Pošaljite svoje stanovnike u lov na resurse koji plutaju - to je jedan od glavnih izvora bogatstva.,Molo otevírá cestu k oceánu. Pošlete své obyvatele na lov plovoucích zdrojů - to je jeden z hlavních zdrojů bohatství.,Molen åbner vejen til havet. Send dine beboere på jagt efter flydende ressourcer - det er en af de vigtigste kilder til rigdom.,De Pier opent de weg naar de oceaan. Stuur je bewoners om drijvende grondstoffen te jagen - het is een van de belangrijkste bronnen van rijkdom.,Kai avab tee ookeani. Saada oma elanikud hõljuvaid ressursse jahtima - see on üks peamisi rikkuse allikaid.,Ang Pantalan ay nagbubukas ng daan patungo sa karagatan. Ipadala ang iyong mga residente upang mangaso ng mga lumulutang na mapagkukunan - ito ay isa sa mga pangunahing pinagmumulan ng yaman.,Laituri avaa tien valtamerelle. Lähetä asukkaita metsästämään ohikelluvia resursseja - tämä on yksi tärkeimmistä hankintalähteistä.,La jetée ouvre la voie à l'océan. Envoyez les résidents chasser les ressources flottantes - c'est l'une des principales sources d'approvisionnement.,ნავმისადგომი ხსნის გზას ოკეანისკენ. გაგზავნე შენი მკვიდრები მცურავი რესურსების მოსანადირებლად - ეს სიმდიდრის ერთ-ერთი მთავარი წყაროა.,Die Pier öffnet den Weg zum Ozean. Schicke deine Bewohner auf die Jagd nach treibenden Ressourcen - dies ist eine der Hauptquellen des Reichtums.,Η Αποβάθρα ανοίγει το δρόμο προς τον ωκεανό. Στείλτε τους κατοίκους σας για κυνήγι πόρων που επιπλέουν - είναι μία από τις κύριες πηγές πλούτου.,ઘાટ સમુદ્રનો માર્ગ ખોલે છે. તરતા સંસાધનોનો શિકાર કરવા માટે તમારા રહેવાસીઓને મોકલો - આ સંપત્તિનો એક મુખ્ય સ્ત્રોત છે.,הרציף פותח את הדרך לאוקיינוס. שלח את תושביך לציד משאבים צפים - זהו אחד המקורות העיקריים לעושר.,घाट समुद्र का रास्ता खोलता है। अपने निवासियों को तैरते संसाधनों का शिकार करने के लिए भेजें - यह धन के मुख्य स्रोतों में से एक है।,A Móló megnyitja az utat az óceán felé. Küldd a lakosaidat az úszó erőforrások vadászatára - ez a gazdagság egyik fő forrása.,Bryggjan opnar leiðina til sjávar. Sendu íbúa þína til að veiða fljótandi auðlindir - þetta er ein helsta uppspretta auðs.,Dermaga membuka jalan menuju samudra. Kirim penghuni Anda untuk berburu sumber daya yang mengapung - ini adalah salah satu sumber kekayaan utama.,Il Molo apre la strada all'oceano. Invia i tuoi residenti a caccia di risorse alla deriva - è una delle principali fonti di ricchezza.,埠頭は海への道を開きます。住人を漂流資源の狩猟に送り出しましょう - それは富の主要な源の一つです。,ಹಡಗಿನ ದಂಡೆಯು ಸಾಗರಕ್ಕೆ ಮಾರ್ಗವನ್ನು ತೆರೆಯುತ್ತದೆ. ತೇಲುತ್ತಿರುವ ಸಂಪನ್ಮೂಲಗಳನ್ನು ಬೇಟೆಯಾಡಲು ನಿಮ್ಮ ನಿವಾಸಿಗಳನ್ನು ಕಳುಹಿಸಿ - ಇದು ಸಂಪತ್ತಿನ ಪ್ರಮುಖ ಮೂಲಗಳಲ್ಲಿ ಒಂದಾಗಿದೆ.,Айлақ мұхитқа жол ашады. Қалқып жүрген ресурстарды аулауға тұрғындарыңызды жіберіңіз - бұл байлықтың негізгі көздерінің бірі.,ផែបើកផ្លូវទៅកាន់មហាសមុទ្រ។ បញ្ជូនអ្នករស់នៅរបស់អ្នកទៅបរបាញ់ធនធានដែលអណ្តែត - នេះគឺជាប្រភពដ៏សំខាន់មួយនៃទ្រព្យសម្បត្តិ។,부두는 바다로 가는 길을 열어줍니다. 주민들을 떠다니는 자원 사냥에 보내세요 - 이것은 부의 주요 원천 중 하나입니다.,Пристань океанга жол ачат. Калкап жүргөн ресурстарга аң уулоого тургундарыңызды жибериңиз - бул байлыктын негизги булактарынын бири.,ທ່າເຮືອເປີດທາງໄປສູ່ມະຫາສະໝຸດ. ສົ່ງຜູ້ອາໄສຂອງທ່ານໄປລ່າຊັບພະຍາກອນທີ່ລອຍ - ນີ້ແມ່ນແຫຼ່ງຄວາມຮັ່ງມີຕົ້ນຕໍອັນໜຶ່ງ.,Piestātne paver ceļu uz okeānu. Nosūtiet savus iedzīvotājus medīt peldošos resursus - tas ir viens no galvenajiem bagātības avotiem.,Prieplauka atveria kelią į vandenyną. Siųskite savo gyventojus medžioti plaukiojančių išteklių - tai vienas pagrindinių turto šaltinių.,Пристаништето го отвора патот кон океанот. Испратете ги вашите жители во лов на ресурси што пловат - ова е еден од главните извори на богатство.,Jetty membuka laluan ke lautan. Hantar penduduk anda untuk memburu sumber yang terapung - ini adalah salah satu sumber utama kekayaan.,തുറമുഖം സമുദ്രത്തിലേക്കുള്ള പാത തുറക്കുന്നു. ഒഴുകുന്ന വിഭവങ്ങൾ വേട്ടയാടാൻ നിങ്ങളുടെ താമസക്കാരെ അയയ്ക്കുക - ഇത് സമ്പത്തിന്റെ പ്രധാന ഉറവിടങ്ങളിലൊന്നാണ്.,घाट समुद्राचा मार्ग उघडतो. तरंगणाऱ्या संसाधनांची शिकार करण्यासाठी तुमच्या रहिवाशांना पाठवा - ही संपत्तीच्या मुख्य स्रोतांपैकी एक आहे.,Усны зогсоол нь далай руу зам нээж өгдөг. Хөвж буй нөөц агнахын тулд оршин суугчдаа илгээгээрэй - энэ нь баялгийн гол эх үүсвэрүүдийн нэг юм.,घाटले महासागरको बाटो खोल्छ। तैरिरहेका स्रोतहरूको शिकार गर्न आफ्ना बासिन्दाहरूलाई पठाउनुहोस् - यो धनको मुख्य स्रोतहरू मध्ये एक हो।,Bryggen åpner veien til havet. Send beboerne dine på jakt etter flytende ressurser - dette er en av hovedkildene til rikdom.,اسکله راه را به اقیانوس باز می‌کند. ساکنان خود را برای شکار منابع شناور بفرستید - این یکی از منابع اصلی ثروت است.,Pomost otwiera drogę do oceanu. Wyślij swoich mieszkańców na polowanie na dryfujące zasoby - to jedno z głównych źródeł bogactwa.,O Cais abre o caminho para o oceano. Envie seus residentes para caçar recursos à deriva - é uma das principais fontes de riqueza.,O Cais abre o caminho para o oceano. Envie os seus residentes para caçar recursos à deriva - é uma das principais fontes de riqueza.,ਘਾਟ ਸਮੁੰਦਰ ਦਾ ਰਸਤਾ ਖੋਲ੍ਹਦਾ ਹੈ। ਤੈਰਦੇ ਸਰੋਤਾਂ ਦਾ ਸ਼ਿਕਾਰ ਕਰਨ ਲਈ ਆਪਣੇ ਵਸਨੀਕਾਂ ਨੂੰ ਭੇਜੋ - ਇਹ ਦੌਲਤ ਦੇ ਮੁੱਖ ਸਰੋਤਾਂ ਵਿੱਚੋਂ ਇੱਕ ਹੈ।,Cheiul deschide calea către ocean. Trimite-ți rezidenții la vânătoare de resurse plutitoare - aceasta este una dintre principalele surse de bogăție.,Пирс открывает путь в океан. Отправляй жителей на охоту за проплывающими ресурсами - это один из главных источников добычи.,Пристаниште отвара пут ка океану. Пошаљите своје становнике у лов на плутајуће ресурсе - ово је један од главних извора богатства.,තොටුපළ සාගරයට මාර්ගය විවෘත කරයි. පාවෙන සම්පත් සොයා යාමට ඔබගේ පදිංචිකරුවන් යවන්න - මෙය ධනයේ ප්‍රධාන ප්‍රභවයකි.,Mólo otvára cestu k oceánu. Pošlite svojich obyvateľov na lov plávajúcich zdrojov - to je jeden z hlavných zdrojov bohatstva.,Pristanišče odpira pot do oceana. Pošljite svoje prebivalce na lov za plavajočimi viri - to je eden glavnih virov bogastva.,El muelle abre el camino hacia el océano. Envía a tus habitantes a buscar recursos a la deriva: es una de las principales fuentes de riqueza.,El Muelle abre el camino al océano. Envía a tus residentes a cazar recursos a la deriva: es una de las principales fuentes de riqueza.,Gati inafungua njia kuelekea bahari kuu. Tuma wakazi wako kuwinda rasilimali zinazoelea - hii ni moja ya vyanzo kuu vya utajiri.,Bryggan öppnar vägen till havet. Skicka dina invånare på jakt efter flytande resurser - detta är en av huvudkällorna till rikedom.,படகுத்துறை கடலுக்கான பாதையைத் திறக்கிறது. மிதக்கும் வளங்களை வேட்டையாட உங்கள் குடியிருப்பாளர்களை அனுப்புங்கள் - இது செல்வத்தின் முக்கிய ஆதாரங்களில் ஒன்றாகும்.,పియర్ సముద్రానికి మార్గాన్ని తెరుస్తుంది. తేలియాడే వనరులను వేటాడేందుకు మీ నివాసితులను పంపండి - ఇది సంపద యొక్క ప్రధాన వనరులలో ఒకటి.,Бандар роҳро ба уқёнус мекушояд. Сокинони худро ба шикори захираҳои шиновар фиристед - ин яке аз манбаъҳои асосии сарват аст.,ท่าเทียบเรือเปิดเส้นทางสู่มหาสมุทร ส่งผู้อยู่อาศัยของคุณไปล่าทรัพยากรที่ลอยมา - นี่คือหนึ่งในแหล่งความมั่งคั่งหลัก,Gämi duralgasy okeana ýol açýar. Ýüzýän çeşmeleri awlamak üçin ýaşaýjylaryňyzy iberiň - bu baýlygyň esasy çeşmelerinden biridir.,Rıhtım okyanusa giden yolu açar. Sakinlerini yüzen kaynakları avlamaya gönder - bu zenginliğin ana kaynaklarından biridir.,Пирс океанга юл ача. Йөзүче ресурсларны ауларга яшәүчеләрегезне җибәрегез - бу байлыкның төп чыганакларыннан берсе.,Причал відкриває шлях до океану. Відправляйте мешканців на полювання за ресурсами — це одне з головних джерел багатства.,گھاٹ سمندر کا راستہ کھولتا ہے۔ تیرتے وسائل کا شکار کرنے کے لیے اپنے رہائشیوں کو بھیجیں - یہ دولت کے اہم ذرائع میں سے ایک ہے۔,Pirs okeanga yo‘l ochadi. Suvda suzuvchi resurslarni ovlash uchun aholingizni yuboring - bu boylikning asosiy manbalaridan biridir.,Cầu tàu mở đường ra đại dương. Gửi cư dân của bạn đi săn tài nguyên trôi nổi - đây là một trong những nguồn giàu có chính.,Isikhumulo semikhumbi sivula indlela eya olwandle. Thumela izakhamuzi zakho ukuthi ziyingele izinsiza ezintantayo - lokhu kungomunye wemithombo emikhulu yengcebo.
notification_body_construction_finished,{name} construction finished,{name}: konstruksie voltooi,{name}: төҙөлөш тамамланды,{name}: йоттар чекхбаьлла,{name}: ndërtimi përfundoi,{name}: ግንባታ ተጠናቀቀ,{name}: اكتمل البناء,{name}: շինարարությունն ավարտվեց,{name}: tikinti tamamlandı,{name}: নির্মাণ সম্পূর্ণ হয়েছে,{name}: будаўніцтва завершана,{name}: konstrksen i finis,{name}: ဆောက်လုပ်ရေးပြီးစီးပါပြီ,{name}: 建造完成,{name}: 建造完成,{name}: 建造完成,{name}: gradnja završena,{name}: výstavba dokončena,{name}: byggeri færdigt,{name}: bouw voltooid,{name}: ehitus lõpetatud,{name}: tapos na ang konstruksyon,{name}: rakennus valmis,{name}: construction terminée,{name}: მშენებლობა დასრულდა,{name}: Bau abgeschlossen,{name}: η κατασκευή ολοκληρώθηκε,{name}: બાંધકામ પૂર્ણ થયું,{name}: הבנייה הושלמה,{name}: निर्माण पूरा हुआ,{name}: az építkezés befejeződött,{name}: byggingu lokið,{name}: konstruksi selesai,{name}: costruzione completata,{name}: 建設が完了しました,{name}: ನಿರ್ಮಾಣ ಪೂರ್ಣಗೊಂಡಿದೆ,{name}: құрылыс аяқталды,{name}: ការសាងសង់បានបញ្ចប់,{name}: 건설 완료,{name}: курулуш аяктады,{name}: ການກໍ່ສ້າງສຳເລັດແລ້ວ,{name}: būvniecība pabeigta,{name}: statyba baigta,{name}: градбата е завршена,{name}: pembinaan selesai,{name}: നിർമ്മാണം പൂർത്തിയായി,{name}: बांधकाम पूर्ण झाले,{name}: барилга дууслаа,{name}: निर्माण पूरा भयो,{name}: konstruksjon fullført,{name}: ساخت‌وساز به پایان رسید,{name}: budowa zakończona,{name}: construção concluída,{name}: construção concluída,{name}: ਉਸਾਰੀ ਮੁਕੰਮਲ ਹੋ ਗਈ,{name}: construcția finalizată,{name}: строительство завершено,{name}: градња завршена,{name}: ඉදිකිරීම් සම්පූර්ණයි,{name}: výstavba dokončená,{name}: gradnja končana,Construcción de {name} finalizada,{name}: construcción finalizada,{name}: ujenzi umekamilika,{name}: konstruktion slutförd,{name}: கட்டுமானம் முடிந்தது,{name}: నిర్మాణం పూర్తయింది,{name}: сохтмон ба анҷом расид,{name}: การก่อสร้างเสร็จสมบูรณ์,{name}: gurluşyk tamamlandy,{name}: inşaat tamamlandı,{name}: төзелеш тәмамланды,{name}: будівництво завершено,{name}: تعمیر مکمل ہوگئی,{name}: qurilish tugallandi,{name}: xây dựng hoàn tất,{name}: ukwakha sekuqediwe
notification_body_construction_finished_all,All buildings construction completed,Konstruksie van alle geboue voltooi,Бөтә биналарҙың төҙөлөшө тамамланды,Дерриг йоттараш чекхбаьлла,Ndërtimi i të gjitha ndërtesave përfundoi,የሁሉም ህንፃዎች ግንባታ ተጠናቀቀ,اكتمل بناء جميع المباني,Բոլոր շենքերի շինարարությունն ավարտվեց,Bütün binaların tikintisi tamamlandı,সমস্ত ভবনের নির্মাণ সম্পূর্ণ হয়েছে,Будаўніцтва ўсіх будынкаў завершана,Evri bilding konstrksen i finis,အဆောက်အအုံအားလုံး၏ ဆောက်လုပ်ရေးပြီးစီးပါပြီ,所有建築建造完成,所有建筑建造完成,所有建築建造完成,Gradnja svih zgrada završena,Výstavba všech budov dokončena,Byggeri af alle bygninger færdigt,Bouw van alle gebouwen voltooid,Kõigi hoonete ehitus lõpetatud,Tapos na ang konstruksyon ng lahat ng gusali,Kaikki rakennukset valmiit,Toutes les constructions sont terminées,ყველა შენობის მშენებლობა დასრულდა,Bau aller Gebäude abgeschlossen,Η κατασκευή όλων των κτιρίων ολοκληρώθηκε,તમામ ઇમારતોનું બાંધકામ પૂર્ણ થયું,בניית כל הבניינים הושלמה,सभी इमारतों का निर्माण पूरा हुआ,Az összes épület építése befejeződött,Bygging allra bygginga lokið,Konstruksi semua bangunan selesai,Costruzione di tutti gli edifici completata,全ての建物の建設が完了しました,ಎಲ್ಲಾ ಕಟ್ಟಡಗಳ ನಿರ್ಮಾಣ ಪೂರ್ಣಗೊಂಡಿದೆ,Барлық ғимараттардың құрылысы аяқталды,ការសាងសង់អគារទាំងអស់បានបញ្ចប់,모든 건물 건설 완료,Бардык имараттардын курулушу аяктады,ການກໍ່ສ້າງອາຄານທັງໝົດສຳເລັດແລ້ວ,Visu ēku būvniecība pabeigta,Visų pastatų statyba baigta,Градбата на сите згради е завршена,Pembinaan semua bangunan selesai,എല്ലാ കെട്ടിടങ്ങളുടെയും നിർമ്മാണം പൂർത്തിയായി,सर्व इमारतींचे बांधकाम पूर्ण झाले,Бүх барилгын барилга дууслаа,सबै भवनहरूको निर्माण पूरा भयो,Konstruksjon av alle bygninger fullført,ساخت تمام ساختمان‌ها به پایان رسید,Budowa wszystkich budynków zakończona,Construção de todos os edifícios concluída,Construção de todos os edifícios concluída,ਸਾਰੀਆਂ ਇਮਾਰਤਾਂ ਦੀ ਉਸਾਰੀ ਮੁਕੰਮਲ ਹੋ ਗਈ,Construcția tuturor clădirilor finalizată,Строительство всех зданий завершено,Градња свих зграда завршена,සියලු ගොඩනැගිලි ඉදිකිරීම් සම්පූර්ණයි,Výstavba všetkých budov dokončená,Gradnja vseh stavb je končana,Se completó la construcción de todos los edificios,Construcción de todos los edificios completada,Ujenzi wa majengo yote umekamilika,Konstruktion av alla byggnader slutförd,அனைத்து கட்டிடங்களின் கட்டுமானமும் முடிந்தது,అన్ని భవనాల నిర్మాణం పూర్తయింది,Сохтмони ҳамаи биноҳо ба анҷом расид,การก่อสร้างอาคารทั้งหมดเสร็จสมบูรณ์,Ähli binalaryň gurluşygy tamamlandy,Tüm binaların inşaatı tamamlandı,Барлык биналарның төзелеше тәмамланды,Будівництво всіх будівель завершено,تمام عمارتوں کی تعمیر مکمل ہوگئی,Barcha binolarning qurilishi tugallandi,Xây dựng tất cả các tòa nhà hoàn tất,Ukwakha kwazo zonke izakhiwo sekuqediwe
notification_body_upgrade_finished,{name} has been upgraded to level {nextLevel},{name}: opgegradeer na vlak {nextLevel},{name}: {nextLevel} кимәленә яҡшыртылды,{name}: {nextLevel} тайпе нисъяр чекхбаьлла,{name}: përmirësuar në nivelin {nextLevel},{name}: ወደ ደረጃ {nextLevel} ተሻሽሏል,{name}: تمت الترقية إلى المستوى {nextLevel},{name}: բարելավվել է մինչև {nextLevel} մակարդակ,{name}: {nextLevel} səviyyəsinə təkmilləşdirildi,{name}: {nextLevel} স্তরে উন্নত হয়েছে,{name}: палепшана да ўзроўню {nextLevel},{name}: i go long level {nextLevel},{name}: အဆင့် {nextLevel} သို့ အဆင့်မြှင့်ပြီးပါပြီ,{name}: 已升級至等級 {nextLevel},{name}: 已升级至等级 {nextLevel},{name}: 已升級至等級 {nextLevel},{name}: nadograđen na razinu {nextLevel},{name}: vylepšeno na úroveň {nextLevel},{name}: opgraderet til niveau {nextLevel},{name}: geüpgraded naar niveau {nextLevel},{name}: täiendatud tasemele {nextLevel},{name}: na-upgrade sa antas {nextLevel},{name}: parannus tasolle {nextLevel} valmis,{name}: amélioration au niveau {nextLevel} terminée,{name}: გაუმჯობესდა {nextLevel} დონემდე,{name}: auf Stufe {nextLevel} verbessert,{name}: αναβαθμίστηκε στο επίπεδο {nextLevel},{name}: સ્તર {nextLevel} પર અપગ્રેડ થયું,{name}: שודרג לרמה {nextLevel},{name}: स्तर {nextLevel} पर उन्नत किया गया,{name}: fejlesztve {nextLevel} szintre,{name}: uppfært á stig {nextLevel},{name}: ditingkatkan ke level {nextLevel},{name}: potenziato al livello {nextLevel},{name}: レベル {nextLevel} にアップグレードしました,{name}: ಮಟ್ಟ {nextLevel} ಗೆ ಉನ್ನತೀಕರಿಸಲಾಗಿದೆ,{name}: {nextLevel} деңгейіне жақсартылды,{name}: ត្រូវបានធ្វើឱ្យប្រសើរឡើងដល់កម្រិត {nextLevel},{name}: 레벨 {nextLevel}로 업그레이드됨,{name}: {nextLevel} денгээлине жакшыртылды,{name}: ຍົກລະດັບເປັນລະດັບ {nextLevel},{name}: uzlabots līdz {nextLevel} līmenim,{name}: patobulintas iki {nextLevel} lygio,{name}: надграден на ниво {nextLevel},{name}: ditingkatkan ke tahap {nextLevel},{name}: ലെവൽ {nextLevel} ലേക്ക് നവീകരിച്ചു,{name}: स्तर {nextLevel} वर उन्नत केले,{name}: {nextLevel} түвшинд сайжруулагдлаа,{name}: स्तर {nextLevel} मा उन्नत गरियो,{name}: oppgradert til nivå {nextLevel},{name}: به سطح {nextLevel} ارتقاء یافت,{name}: ulepszony do poziomu {nextLevel},{name}: melhorado para o nível {nextLevel},{name}: melhorado para o nível {nextLevel},{name}: ਪੱਧਰ {nextLevel} ਤੱਕ ਅੱਪਗ੍ਰੇਡ ਕੀਤਾ ਗਿਆ,{name}: modernizat la nivelul {nextLevel},{name}: улучшение до уровня {nextLevel} завершено,{name}: надограђен на ниво {nextLevel},{name}: මට්ටම {nextLevel} දක්වා වැඩි දියුණු කරන ලදි,{name}: vylepšené na úroveň {nextLevel},{name}: nadgrajeno na stopnjo {nextLevel},{name} ha sido mejorado al nivel {nextLevel},{name}: mejorado al nivel {nextLevel},{name}: imeboreshwa hadi kiwango {nextLevel},{name}: uppgraderad till nivå {nextLevel},{name}: நிலை {nextLevel} க்கு மேம்படுத்தப்பட்டது,{name}: స్థాయి {nextLevel} కు అప్గ్రేడ్ చేయబడింది,{name}: ба сатҳи {nextLevel} беҳбуд дода шуд,{name}: อัปเกรดเป็นเลเวล {nextLevel} แล้ว,{name}: {nextLevel} derejä kämilleşdirildi,{name}: {nextLevel} seviyesine yükseltildi,{name}: {nextLevel} дәрәҗәсенә яхшыртылды,{name}: покращено до рівня {nextLevel},{name}: لیول {nextLevel} پر اپ گریڈ ہوگیا,{name}: {nextLevel} darajaga yaxshilandi,{name}: đã nâng cấp lên cấp độ {nextLevel},{name}: ithuthukiswe yaya ezingeni {nextLevel}
notification_body_crafts_finished,Production has finished in all buildings,Produksie in alle geboue voltooi,Бөтә биналарҙа етештереү тамамланды,Дерриг йоттарашкахь кхоллар чекхбаьлла,Prodhimi përfundoi në të gjitha ndërtesat,በሁሉም ህንፃዎች ውስጥ ምርት ተጠናቀቀ,اكتمل الإنتاج في جميع المباني,Բոլոր շենքերում արտադրությունն ավարտվեց,Bütün binalarda istehsal tamamlandı,সমস্ত ভবনে উৎপাদন সম্পূর্ণ হয়েছে,Вытворчасць завершана ва ўсіх будынках,Wok blong mekem samting i finis long evri bilding,အဆောက်အအုံအားလုံးတွင် ထုတ်လုပ်မှုပြီးစီးပါပြီ,所有建築的生產已完成,所有建筑的生产已完成,所有建築的生產已完成,Proizvodnja završena u svim zgradama,Výroba dokončena ve všech budovách,Produktion færdig i alle bygninger,Productie voltooid in alle gebouwen,Tootmine lõpetatud kõigis hoonetes,Tapos na ang produksyon sa lahat ng gusali,Kaikkien rakennusten valmistus valmis,Toutes les productions sont terminées,ყველა შენობაში წარმოება დასრულდა,Produktion in allen Gebäuden abgeschlossen,Η παραγωγή ολοκληρώθηκε σε όλα τα κτίρια,તમામ ઇમારતોમાં ઉત્પાદન પૂર્ણ થયું,הייצור הושלם בכל הבניינים,सभी इमारतों में उत्पादन पूरा हुआ,A termelés befejeződött minden épületben,Framleiðslu lokið í öllum byggingum,Produksi selesai di semua bangunan,Produzione completata in tutti gli edifici,全ての建物での生産が完了しました,ಎಲ್ಲಾ ಕಟ್ಟಡಗಳಲ್ಲಿ ಉತ್ಪಾದನೆ ಪೂರ್ಣಗೊಂಡಿದೆ,Барлық ғимараттарда өндіріс аяқталды,ផលិតកម្មបានបញ្ចប់នៅក្នុងអគារទាំងអស់,모든 건물에서 생산 완료,Бардык имараттарда өндүрүш аяктады,ການຜະລິດສຳເລັດໃນອາຄານທັງໝົດ,Ražošana pabeigta visās ēkās,Gamyba baigta visuose pastatuose,Производството е завршено во сите згради,Pengeluaran selesai di semua bangunan,എല്ലാ കെട്ടിടങ്ങളിലും ഉൽപ്പാദനം പൂർത്തിയായി,सर्व इमारतींमध्ये उत्पादन पूर्ण झाले,Бүх барилгад үйлдвэрлэл дууслаа,सबै भवनहरूमा उत्पादन पूरा भयो,Produksjon fullført i alle bygninger,تولید در تمام ساختمان‌ها به پایان رسید,Produkcja zakończona we wszystkich budynkach,Produção concluída em todos os edifícios,Produção concluída em todos os edifícios,ਸਾਰੀਆਂ ਇਮਾਰਤਾਂ ਵਿੱਚ ਉਤਪਾਦਨ ਮੁਕੰਮਲ ਹੋ ਗਿਆ,Producția finalizată în toate clădirile,Производство завершено во всех зданиях,Производња завршена у свим зградама,සියලු ගොඩනැගිලිවල නිෂ්පාදනය සම්පූර්ණයි,Výroba dokončená vo všetkých budovách,Proizvodnja končana v vseh stavbah,La producción ha terminado en todos los edificios,Producción finalizada en todos los edificios,Uzalishaji umekamilika katika majengo yote,Produktion slutförd i alla byggnader,அனைத்து கட்டிடங்களிலும் உற்பத்தி முடிந்தது,అన్ని భవనాలలో ఉత్పత్తి పూర్తయింది,Истеҳсолот дар ҳамаи биноҳо ба анҷом расид,การผลิตเสร็จสมบูรณ์ในทุกอาคาร,Ähli binalarda önümçilik tamamlandy,Tüm binalarda üretim tamamlandı,Барлык биналарда җитештерү тәмамланды,Виробництво завершено в усіх будівлях,تمام عمارتوں میں پیداوار مکمل ہوگئی,Barcha binolarda ishlab chiqarish tugallandi,Sản xuất hoàn tất trong tất cả các tòa nhà,Ukukhiqiza sekuqediwe kuzo zonke izakhiwo
notification_body_daily_reward_reset,Your daily reward is ready,Jou daaglikse beloning is gereed,Һеҙҙең көндәлек бүләгегеҙ әҙер,Ден-буьйсан бехк карлаяккхина,Shpërblimi yt ditor është gati,የቀን ሽልማትህ ዝግጁ ነው,مكافأتك اليومية جاهزة,Ձեր ամենօրյա պարգևը պատրաստ է,Gündəlik mükafatınız hazırdır,আপনার দৈনিক পুরস্কার প্রস্তুত,Ваша штодзённая ўзнагарода гатовая,Dei dei rewad blong yu i redi,သင့်နေ့စဉ်ဆုလာဘ် အဆင်သင့်ဖြစ်နေပါပြီ,你的每日獎勵已準備好,你的每日奖励已准备好,你的每日獎勵已準備好,Vaša dnevna nagrada je spremna,Vaše denní odměna je připravena,Din daglige belønning er klar,Je dagelijkse beloning is klaar,Sinu päevane preemia on valmis,Ang iyong araw-araw na gantimpala ay handa na,Päivittäinen palkinto päivitetty,Récompense quotidienne réinitialisée,შენი ყოველდღიური ჯილდო მზად არის,Deine tägliche Belohnung ist bereit,Η καθημερινή σας ανταμοιβή είναι έτοιμη,તમારું દૈનિક ઇનામ તૈયાર છે,הפרס היומי שלך מוכן,आपका दैनिक पुरस्कार तैयार है,A napi jutalmad készen áll,Dagleg verðlaun þín eru tilbúin,Hadiah harian Anda sudah siap,La tua ricompensa giornaliera è pronta,デイリー報酬の準備ができました,ನಿಮ್ಮ ದೈನಂದಿನ ಬಹುಮಾನ ಸಿದ್ಧವಾಗಿದೆ,Күнделікті сыйақыңыз дайын,រង្វាន់ប្រចាំថ្ងៃរបស់អ្នករួចរាល់ហើយ,일일 보상이 준비되었습니다,Күнүмдүк сыйлыгыңыз даяр,ລາງວັນປະຈຳວັນຂອງທ່ານພ້ອມແລ້ວ,Jūsu dienas atlīdzība ir gatava,Jūsų dienos atlygis yra paruoštas,Вашата дневна награда е подготвена,Ganjaran harian anda sudah siap,നിങ്ങളുടെ ദൈനംദിന പ്രതിഫലം തയ്യാറാണ്,तुमचे दैनंदिन बक्षीस तयार आहे,Таны өдөр тутмын шагнал бэлэн байна,तपाईंको दैनिक पुरस्कार तयार छ,Din daglige belønning er klar,پاداش روزانه شما آماده است,Twoja codzienna nagroda jest gotowa,Sua recompensa diária está pronta,A sua recompensa diária está pronta,ਤੁਹਾਡਾ ਦੈਨਿਕ ਇਨਾਮ ਤਿਆਰ ਹੈ,Recompensa ta zilnică este gata,Ежедневная награда обновлена,Ваша дневна награда је спремна,ඔබගේ දෛනික ත්‍යාගය සූදානම්,Vaša denná odmena je pripravená,Vaša dnevna nagrada je pripravljena,Tu recompensa diaria está lista,Tu recompensa diaria está lista,Zawadi yako ya kila siku iko tayari,Din dagliga belöning är redo,உங்கள் தினசரி வெகுமதி தயார்,మీ రోజువారీ బహుమతి సిద్ధంగా ఉంది,Мукофоти ҳаррӯзаи шумо омода аст,รางวัลประจำวันของคุณพร้อมแล้ว,Gündelik sylagyňyz taýýar,Günlük ödülün hazır,Сезнең көндәлек бүләгегез әзер,Ваша щоденна нагорода готова,آپ کا روزانہ انعام تیار ہے,Kundalik mukofotingiz tayyor,Phần thưởng hàng ngày của bạn đã sẵn sàng,Umvuzo wakho wansuku zonke usulungile
first_name_male_adam,Adam,Adam,Адам,Адам,Adam,አዳም,آدم,Ադամ,Adam,আদম,Адам,Adam,အာဒမ်,亞當,亚当,亞當,Adam,Adam,Adam,Adam,Aadam,Adan,Aadam,Adam,ადამ,Adam,Αδάμ,એડમ,אדם,आदम,Ádám,Adam,Adam,Adamo,アダム,ಆಡಮ್,Адам,អ័ដាម,아담,Адам,ອາດາມ,Ādams,Adomas,Адам,Adam,ആദം,आदाम,Адам,आदम,Adam,آدام,Adam,Adão,Adão,ਆਦਮ,Adam,Адам,Адам,ආදම්,Adam,Adam,Adam,Adán,Adamu,Adam,ஆதாம்,ఆడమ్,Одам,อาดัม,Adam,Adem,Әдәм,Адам,آدم,Odam,Adam,Adamu
first_name_male_daniel,Daniel,Daniël,Даниел,Даниэль,Daniel,ዳንኤል,دانيال,Դանիել,Daniel,ড্যানিয়েল,Даніэль,Daniel,ဒန်နီရယ်,丹尼爾,丹尼尔,丹尼爾,Daniel,Daniel,Daniel,Daniël,Taavet,Daniel,Daniel,Daniel,დანიელი,Daniel,Δανιήλ,ડેનિયલ,דניאל,डैनियल,Dániel,Daníel,Daniel,Daniele,ダニエル,ಡೇನಿಯಲ್,Дэниел,ដានីយ៉ែល,다니엘,Даниел,ດານຽນ,Daniels,Danielius,Даниел,Daniel,ഡാനിയേൽ,डॅनियल,Даниел,डेनियल,Daniel,دانیال,Daniel,Daniel,Daniel,ਡੈਨੀਅਲ,Daniel,Даниэль,Данијел,ඩැනියෙල්,Daniel,Daniel,Daniel,Daniel,Danieli,Daniel,டேனியல்,డేనియల్,Дониёл,แดเนียล,Daniel,Daniel,Даниэль,Даніель,ڈینیل,Doniyor,Daniel,Daniel
first_name_male_david,David,Dawid,Давид,Давид,David,ዳዊት,داود,Դավիթ,David,ডেভিড,Дэвід,David,ဒေးဗစ်,大衛,大卫,大衛,David,David,David,David,Ethan,David,Daavid,David,დავით,David,Δαβίδ,ડેવિડ,דוד,डेविड,Dávid,Davíð,David,Davide,デビッド,ಡೇವಿಡ್,Дэвид,ដាវីឌ,데이비드,Дэвид,ດາວິດ,Dāvids,Dovydas,Дејвид,David,ഡേവിഡ്,डेव्हिड,Дэвид,डेभिड,David,دیوید,Dawid,Davi,Davi,ਡੇਵਿਡ,David,Давид,Давид,ඩේවිඩ්,Dávid,David,David,David,Daudi,David,டேவிட்,డేవిడ్,Довуд,เดวิด,Dawut,Davut,Давыт,Девід,ڈیوڈ,Dovud,David,David
first_name_male_ethan,Ethan,Ethan,Итан,Итан,Ethan,ኢታን,إيثان,Իթան,Ethan,ইথান,Ітан,Ethan,အီသန်,伊森,伊桑,伊森,Ethan,Ethan,Ethan,Ethan,Lucas,Ethan,Ethan,Éthan,ეთანი,Ethan,Ίθαν,ઇથન,אית'ן,ईथन,Ethan,Ethan,Ethan,Ethan,イーサン,ಈಥನ್,Итан,អ៊ីថាន,이선,Итан,ອີທານ,Ītans,Etanas,Итан,Ethan,ഇഥാൻ,इथान,Итан,इथान,Ethan,ایتن,Ethan,Ethan,Ethan,ਈਥਨ,Ethan,Итан,Итан,ඊතන්,Ethan,Ethan,Ethan,Ethan,Ethan,Ethan,ஈதன்,ఈథన్,Исон,อีธาน,Ethan,Ethan,Итан,Ітан,ایتھن,Ison,Ethan,Ethan
first_name_male_lucas,Lucas,Lucas,Лукас,Лукас,Lucas,ሉካስ,لوكاس,Լուկաս,Lucas,লুকাস,Лукас,Lucas,လူးကတ်စ်,盧卡斯,卢卡斯,盧卡斯,Lucas,Lucas,Lucas,Lucas,Michael,Lucas,Lucas,Lucas,ლუკასი,Lucas,Λούκας,લુકાસ,לוקאס,लुकास,Lucas,Lucas,Lucas,Luca,ルーカス,ಲ್ಯೂಕಾಸ್,Лукас,លូកាស,루카스,Лукас,ລູກາສ,Lūkass,Lukas,Лукас,Lucas,ലൂക്കാസ്,लुकास,Лукас,लुकास,Lucas,لوکاس,Lucas,Lucas,Lucas,ਲੂਕਾਸ,Lucas,Лукас,Лукас,ලූකස්,Lukáš,Lucas,Lucas,Lucas,Luka,Lucas,லூகாஸ்,లూకాస్,Луқо,ลูคัส,Lukas,Lucas,Лукас,Лукас,لوکاس,Luqo,Lucas,Lucas
first_name_male_michael,Michael,Michael,Майкл,Майкл,Michael,ማይክል,مايكل,Մայքլ,Michael,মাইকেল,Майкл,Michael,မိုက်ကယ်,麥可,迈克尔,麥可,Michael,Michael,Michael,Michael,Noah,Michael,Michael,Michael,მაიკლი,Michael,Μάικλ,માઇકલ,מייקל,माइकल,Michael,Michael,Michael,Michele,マイケル,ಮೈಕೇಲ್,Майкл,ម៉ៃឃល,마이클,Майкл,ໄມເຄິນ,Maikls,Maiklas,Мајкл,Michael,മൈക്കിൾ,मायकेल,Майкл,माइकल,Michael,مایکل,Michael,Michael,Michael,ਮਾਈਕਲ,Michael,Майкл,Мајкл,මයිකල්,Michael,Michael,Michael,Miguel,Mikaeli,Michael,மைக்கேல்,మైకేల్,Микоил,ไมเคิล,Maýkl,Michael,Майкл,Майкл,مائیکل,Mikoil,Michael,Michael
first_name_male_noah,Noah,Noah,Нух,Ной,Noah,ኖህ,نوح,Նոյ,Noah,নোহ,Ной,Noah,နိုအာ,諾亞,诺亚,諾亞,Noah,Noah,Noah,Noach,Sam,Noah,Noah,Noé,ნოე,Noah,Νώε,નોહ,נוח,नोह,Noé,Nói,Nuh,Noè,ノア,ನೋವಾ,Ноа,ណូអេ,노아,Ноа,ໂນອາ,Noa,Nojus,Ноа,Nuh,നോഹ,नोहा,Ноа,नोआ,Noah,نوح,Noah,Noé,Noé,ਨੋਹ,Noe,Ной,Ноа,නෝවා,Noe,Noe,Noah,Noé,Noa,Noah,நோவா,నోహ్,Нӯҳ,โนอาห์,Nuh,Nuh,Нух,Ной,نوح,Nuh,Noah,Nowa
first_name_male_sam,Sam,Sam,Сэм,Сэм,Sam,ሳም,سام,Սեմ,Sam,স্যাম,Сэм,Sam,ဆမ်,山姆,山姆,山姆,Sam,Sam,Sam,Sam,Isaac,Sam,Samuel,Samuel,სემი,Sam,Σαμ,સેમ,סם,सैम,Sam,Sam,Sam,Sam,サム,ಸ್ಯಾಮ್,Сэм,សាំ,샘,Сэм,ແຊມ,Sems,Samas,Сем,Sam,സാം,सॅम,Сэм,स्याम,Sam,سام,Sam,Sam,Sam,ਸੈਮ,Sam,Сэм,Сем,සෑම්,Sam,Sam,Sam,Samuel,Sam,Sam,சாம்,సామ్,Сом,แซม,Sam,Sam,Сэм,Сем,سیم,Som,Sam,Sam
first_name_male_isaac,Isaac,Isaac,Исаак,Исаак,Isaac,አይዛክ,إسحاق,Իսահակ,Isaac,আইজ্যাক,Ісак,Isaac,အိုင်ဇက်,以撒,以撒,以撒,Isaac,Isaac,Isaac,Isaac,Miles,Isaac,Iisak,Isaac,ისააკი,Isaac,Ισαάκ,આઇઝેક,יצחק,आइज़ैक,Izsák,Ísak,Ishak,Isacco,アイザック,ಐಸಾಕ್,Исаак,អ៊ីសាក,아이작,Исаак,ໄອແຊັກ,Īzaks,Izaokas,Исак,Isaac,ഐസക്,आयझॅक,Исаак,आइज्याक,Isaac,اسحاق,Izaak,Isaac,Isaac,ਆਈਜ਼ੈਕ,Isaac,Исаак,Исак,අයිසැක්,Izák,Isaac,Isaac,Isaac,Isaka,Isaac,ஐசக்,ఐజాక్,Исҳоқ,ไอแซค,Ysak,İshak,Исхак,Ісаак,آئزک,Ishoq,Isaac,Isaac
first_name_male_miles,Miles,Miles,Майлс,Майлз,Miles,ማይልስ,مايلز,Մայլզ,Miles,মাইলস,Майлз,Miles,မိုင်းလ်စ်,邁爾斯,迈尔斯,邁爾斯,Miles,Miles,Miles,Miles,Christopher,Miles,Miles,Miles,მაილზი,Miles,Μάιλς,માઇલ્સ,מיילס,माइल्स,Miles,Miles,Miles,Miles,マイルズ,ಮೈಲ್ಸ್,Майлз,ម៉ាយល៍,마일스,Майлз,ໄມລ໌,Mailzs,Mailsas,Мајлс,Miles,മൈൽസ്,माइल्स,Майлс,माइल्स,Miles,مایلز,Miles,Miles,Miles,ਮਾਈਲਜ਼,Miles,Майлз,Мајлс,මයිල්ස්,Miles,Miles,Miles,Miles,Miles,Miles,மைல்ஸ்,మైల్స్,Майлз,ไมล์ส,Maýls,Miles,Майлз,Майлз,مائلز,Maylz,Miles,Miles
first_name_male_christopher,Christopher,Christopher,Кристофер,Кристофер,Christopher,ክሪስቶፈር,كريستوفر,Քրիստոֆեր,Christopher,ক্রিস্টোফার,Крыстафер,Christopher,ခရစ်စတိုဖာ,克里斯多福,克里斯托弗,克里斯多福,Christopher,Christopher,Christopher,Christopher,Marco,Christopher,Kristoffer,Christopher,კრისტოფერი,Christopher,Χριστόφορος,ક્રિસ્ટોફર,כריסטופר,क्रिस्टोफर,Kristóf,Kristófer,Christopher,Cristoforo,クリストファー,ಕ್ರಿಸ್ಟೋಫರ್,Кристофер,គ្រីស្តូហ្វឺ,크리스토퍼,Кристофер,ຄຣິສໂທເຟີ,Kristofers,Kristoferis,Кристофер,Christopher,ക്രിസ്റ്റഫർ,क्रिस्टोफर,Кристофер,क्रिस्टोफर,Christopher,کریستوفر,Krzysztof,Christopher,Christopher,ਕ੍ਰਿਸਟੋਫਰ,Christopher,Кристофер,Кристофер,ක්රිස්ටෝපර්,Kristopher,Christopher,Christopher,Cristóbal,Kristofa,Christopher,கிறிஸ்டோபர்,క్రిస్టోఫర్,Кристофер,คริสโตเฟอร์,Kristofer,Christopher,Кристофер,Крістофер,کرسٹوفر,Kristofer,Christopher,Christopher
first_name_male_marco,Marco,Marco,Марко,Марко,Marco,ማርኮ,ماركو,Մարկո,Marco,মার্কো,Марка,Marco,မာကို,馬可,马可,馬可,Marco,Marco,Marco,Marco,James,Marco,Markus,Marco,მარკო,Marco,Μάρκο,માર્કો,מרקו,मार्को,Marco,Markó,Marco,Marco,マルコ,ಮಾರ್ಕೊ,Марко,ម៉ាកូ,마르코,Марко,ມາກໂກ,Marko,Markas,Марко,Marco,മാർക്കോ,मार्को,Марко,मार्को,Marco,مارکو,Marco,Marco,Marco,ਮਾਰਕੋ,Marco,Марко,Марко,මාර්කෝ,Marco,Marco,Marco,Marco,Marko,Marco,மார்கோ,మార్కో,Марко,มาร์โก,Marko,Marco,Марко,Марко,مارکو,Marko,Marco,Marco
first_name_male_james,James,James,Джеймс,Джеймс,James,ጄምስ,جيمس,Ջեյմս,James,জেমস,Джэймс,James,ဂျိမ်းစ်,詹姆斯,詹姆斯,詹姆斯,James,James,James,James,Robert,James,Jaakob,James,ჯეიმზი,James,Τζέιμς,જેમ્સ,ג'יימס,जेम्स,James,James,James,Giacomo,ジェームズ,ಜೇಮ್ಸ್,Джеймс,ជេមស៍,제임스,Жеймс,ເຈມ,Džeimss,Džeimsas,Џејмс,James,ജെയിംസ്,जेम्स,Жеймс,जेम्स,James,جیمز,Jakub,James,James,ਜੇਮਜ਼,James,Джеймс,Џејмс,ජේම්ස්,Jakub,James,James,Jaime,Jakobo,James,ஜேம்ஸ்,జేమ్స్,Ҷеймс,เจมส์,Jeýms,James,Джеймс,Джеймс,جیمز,Jeyms,James,James
first_name_male_robert,Robert,Robert,Роберт,Роберт,Robert,ሮበርት,روبرت,Ռոբերտ,Robert,রবার্ট,Роберт,Robert,ရောဘတ်,羅伯特,罗伯特,羅伯特,Robert,Robert,Robert,Robert,Charles,Robert,Robert,Robert,რობერტი,Robert,Ρόμπερτ,રોબર્ટ,רוברט,रॉबर्ट,Róbert,Robert,Robert,Roberto,ロバート,ರಾಬರ್ಟ್,Роберт,រ៉ូបឺត,로버트,Роберт,ໂຣເບີດ,Roberts,Robertas,Роберт,Robert,റോബർട്ട്,रॉबर्ट,Роберт,रोबर्ट,Robert,رابرت,Robert,Robert,Robert,ਰੌਬਰਟ,Robert,Роберт,Роберт,රොබට්,Robert,Robert,Robert,Roberto,Robert,Robert,ராபர்ட்,రాబర్ట్,Роберт,โรเบิร์ต,Robert,Robert,Роберт,Роберт,رابرٹ,Robert,Robert,Robert
first_name_male_charles,Charles,Charles,Чарльз,Чарльз,Charles,ቻርልስ,تشارلز,Չարլզ,Charles,চার্লস,Чарльз,Charles,ချားလ်စ်,查爾斯,查尔斯,查爾斯,Charles,Charles,Charles,Charles,Samuel,Charles,Kaarle,Charles,ჩარლზი,Charles,Κάρολος,ચાર્લ્સ,צ'ארלס,चार्ल्स,Károly,Karl,Charles,Carlo,チャールズ,ಚಾರ್ಲ್ಸ್,Чарльз,ឆាលស៍,찰스,Чарльз,ຊາລ໌,Čārlzs,Čarlis,Чарлс,Charles,ചാൾസ്,चार्ल्स,Чарльз,चार्ल्स,Charles,چارلز,Karol,Charles,Charles,ਚਾਰਲਸ,Charles,Чарльз,Чарлс,චාල්ස්,Karol,Charles,Charles,Carlos,Charles,Charles,சார்லஸ்,చార్లెస్,Чарлз,ชาร์ลส์,Çarlz,Charles,Чарльз,Чарльз,چارلس,Charlz,Charles,Charles
first_name_male_samuel,Samuel,Samuel,Самуэль,Сэмюэл,Samuel,ሳሙኤል,صموئيل,Սամուել,Samuel,স্যামুয়েল,Сэмюэл,Samuel,ဆယ်မျူရယ်,塞繆爾,塞缪尔,塞繆爾,Samuel,Samuel,Samuel,Samuel,George,Samuel,Samuel,Samuel,სამუელი,Samuel,Σαμουήλ,સેમ્યુઅલ,שמואל,सैमुअल,Sámuel,Samúel,Samuel,Samuele,サミュエル,ಸ್ಯಾಮ್ಯುಯೆಲ್,Сэмюэл,សាំយូអែល,사무엘,Сэмюэл,ແຊມມູເອນ,Semjuels,Samuelis,Самуел,Samuel,സാമുവൽ,सॅम्युएल,Сэмюэл,स्यामुएल,Samuel,ساموئل,Samuel,Samuel,Samuel,ਸੈਮੂਅਲ,Samuel,Сэмюэл,Самуел,සැමුවෙල්,Samuel,Samuel,Samuel,Samuel,Samweli,Samuel,சாமுவேல்,సామ్యూల్,Самюил,ซามูเอล,Samuil,Samuel,Самуэль,Семюель,سیموئل,Samuil,Samuel,Samuel
first_name_male_george,George,George,Джордж,Джордж,George,ጆርጅ,جورج,Ջորջ,George,জর্জ,Джордж,George,ဂျော့ချ်,喬治,乔治,喬治,George,George,George,George,Henry,George,Yrjö,George,ჯორჯი,George,Γεώργιος,જ્યોર્જ,ג'ורג',जॉर्ज,György,Georg,George,Giorgio,ジョージ,ಜಾರ್ಜ್,Джордж,ចច,조지,Жорж,ຈໍຈ໌,Džordžs,Džordžas,Џорџ,George,ജോർജ്,जॉर्ज,Жорж,जर्ज,George,جرج,Jerzy,George,George,ਜਾਰਜ,George,Джордж,Џорџ,ජෝර්ජ්,Juraj,George,George,Jorge,Jorji,George,ஜார்ஜ்,జార్జ్,Ҷорҷ,จอร์จ,Jorj,George,Джордж,Джордж,جارج,Jorj,George,George
first_name_male_henry,Henry,Henry,Генри,Генри,Henry,ሄንሪ,هنري,Հենրի,Henry,হেনরি,Генры,Henry,ဟင်နရီ,亨利,亨利,亨利,Henry,Henry,Henry,Henry,Richard,Henry,Henrik,Henry,ჰენრი,Henry,Ερρίκος,હેનરી,הנרי,हेनरी,Henrik,Henry,Henry,Enrico,ヘンリー,ಹೆನ್ರಿ,Генри,ហេនរី,헨리,Генри,ເຮັນຣີ,Henrijs,Henris,Хенри,Henry,ഹെൻറി,हेन्री,Хенри,हेनरी,Henry,هنری,Henryk,Henry,Henry,ਹੈਨਰੀ,Henry,Генри,Хенри,හෙන්රි,Henrich,Henry,Henry,Enrique,Henri,Henry,ஹென்றி,హెన్రీ,Ҳенрӣ,เฮนรี่,Henri,Henry,Генри,Генрі,ہنری,Genri,Henry,Henry
first_name_male_richard,Richard,Richard,Ричард,Ричард,Richard,ሪቻርድ,ريتشارد,Ռիչարդ,Richard,রিচার্ড,Рычард,Richard,ရစ်ချတ်,理查,理查德,理查,Richard,Richard,Richard,Richard,William,Richard,Rikhard,Richard,რიჩარდი,Richard,Ριχάρδος,રિચાર્ડ,ריצ'רד,रिचर्ड,Richárd,Richard,Richard,Riccardo,リチャード,ರಿಚರ್ಡ್,Ричард,រីឆាត,리처드,Ричард,ຣິຊາດ,Ričards,Ričardas,Ричард,Richard,റിച്ചാർഡ്,रिचर्ड,Ричард,रिचर्ड,Richard,ریچارد,Ryszard,Richard,Richard,ਰਿਚਰਡ,Richard,Ричард,Ричард,රිචඩ්,Richard,Richard,Richard,Ricardo,Richard,Richard,ரிச்சர்ட்,రిచర్డ్,Ричард,ริชาร์ด,Riçard,Richard,Ричард,Річард,رچرڈ,Richard,Richard,Richard
first_name_male_william,William,William,Уильям,Уильям,William,ዊልያም,ويليام,Ուիլյամ,William,উইলিয়াম,Уільям,William,ဝီလီယမ်,威廉,威廉,威廉,William,William,William,William,John,William,Vilhelm,William,უილიამი,William,Γουλιέλμος,વિલિયમ,ויליאם,विलियम,Vilmos,Vilhjálmur,William,Guglielmo,ウィリアム,ವಿಲಿಯಂ,Уильям,វីលៀម,윌리엄,Уильям,ວິນລຽມ,Viljams,Viljamas,Вилијам,William,വില്യം,विलियम,Уильям,विलियम,William,ویلیام,William,William,William,ਵਿਲੀਅਮ,William,Уильям,Вилијам,විලියම්,William,William,William,Guillermo,William,William,வில்லியம்,విలియం,Уилям,วิลเลียม,William,William,Уильям,Вільям,ولیم,Uilyam,William,William
first_name_male_john,John,John,Джон,Джон,John,ጆን,جون,Ջոն,John,জন,Джон,John,ဂျွန်,約翰,约翰,約翰,John,John,John,John,Thomas,John,Juhana,John,ჯონი,John,Ιωάννης,જ્હોન,ג'ון,जॉन,János,Jón,John,Giovanni,ジョン,ಜಾನ್,Джон,ចន,존,Жон,ຈອນ,Džons,Džonas,Џон,John,ജോൺ,जॉन,Жон,जोन,John,جان,Jan,John,John,ਜੌਨ,John,Джон,Џон,ජෝන්,Ján,John,John,Juan,Yohane,John,ஜான்,జాన్,Ҷон,จอห์น,Jon,John,Джон,Джон,جان,Jon,John,John
first_name_male_thomas,Thomas,Thomas,Томас,Томас,Thomas,ቶማስ,توماس,Թոմաս,Thomas,থমাস,Томас,Thomas,သောမတ်စ်,湯瑪斯,托马斯,湯瑪斯,Thomas,Thomas,Thomas,Thomas,Martin,Thomas,Tuomas,Thomas,თომასი,Thomas,Θωμάς,થોમસ,תומאס,थॉमस,Tamás,Thomas,Thomas,Tommaso,トーマス,ಥಾಮಸ್,Томас,ថូម៉ាស,토마스,Томас,ໂທມັສ,Tomass,Tomas,Томас,Thomas,തോമസ്,थॉमस,Томас,थोमस,Thomas,توماس,Tomasz,Thomas,Thomas,ਥਾਮਸ,Thomas,Томас,Томас,තෝමස්,Tomáš,Thomas,Thomas,Tomás,Thomas,Thomas,தாமஸ்,థామస్,Томас,โทมัส,Tomas,Thomas,Томас,Томас,تھامس,Tomas,Thomas,Thomas
first_name_male_martin,Martin,Martin,Мартин,Мартин,Martin,ማርቲን,مارتن,Մարտին,Martin,মার্টিন,Марцін,Martin,မာတင်,馬丁,马丁,馬丁,Martin,Martin,Martin,Martin,Peter,Martin,Martti,Martin,მარტინი,Martin,Μάρτιν,માર્ટિન,מרטין,मार्टिन,Márton,Martin,Martin,Martino,マーティン,ಮಾರ್ಟಿನ್,Мартин,ម៉ាទីន,마틴,Мартин,ມາຕິນ,Mārtins,Martinas,Мартин,Martin,മാർട്ടിൻ,मार्टिन,Мартин,मार्टिन,Martin,مارتین,Marcin,Martin,Martin,ਮਾਰਟਿਨ,Martin,Мартин,Мартин,මාටින්,Martin,Martin,Martin,Martín,Martino,Martin,மார்ட்டின்,మార్టిన్,Мартин,มาร์ติน,Martin,Martin,Мартин,Мартін,مارٹن,Martin,Martin,Martin
first_name_male_peter,Peter,Peter,Питер,Питер,Peter,ፒተር,بيتر,Փիթեր,Peter,পিটার,Пітэр,Peter,ပီတာ,彼得,彼得,彼得,Peter,Peter,Peter,Peter,Nicholas,Peter,Pietari,Pierre,პიტერი,Peter,Πέτρος,પીટર,פיטר,पीटर,Péter,Pétur,Peter,Pietro,ピーター,ಪೀಟರ್,Питер,ភីតឺ,피터,Питер,ປີເຕີ,Pīters,Piteris,Питер,Peter,പീറ്റർ,पीटर,Питер,पिटर,Peter,پیتر,Piotr,Peter,Peter,ਪੀਟਰ,Peter,Питер,Питер,පීටර්,Peter,Peter,Peter,Pedro,Petero,Peter,பீட்டர்,పీటర్,Питер,ปีเตอร์,Piter,Peter,Питер,Пітер,پیٹر,Piter,Peter,Peter
first_name_male_nicholas,Nicholas,Nicholas,Николас,Николас,Nicholas,ኒኮላስ,نيكولاس,Նիկոլաս,Nicholas,নিকোলাস,Нікалас,Nicholas,နီကိုးလပ်စ်,尼可拉斯,尼古拉斯,尼可拉斯,Nicholas,Nicholas,Nicholas,Nicholas,Arthur,Nicholas,Nikolaus,Nicolas,ნიკოლასი,Nicholas,Νικόλαος,નિકોલસ,ניקולס,निकोलस,Miklós,Nikulás,Nicholas,Nicola,ニコラス,ನಿಕೋಲಸ್,Николас,នីកូឡាស,니콜라스,Николас,ນິໂກລາສ,Nikolass,Nikolajus,Николас,Nicholas,നിക്കോളാസ്,निकोलस,Николас,निकोलस,Nicholas,نیکلاس,Mikołaj,Nicholas,Nicholas,ਨਿਕੋਲਸ,Nicholas,Николас,Николас,නිකොලස්,Mikuláš,Nicholas,Nicholas,Nicolás,Nikolasi,Nicholas,நிக்கோலஸ்,నికోలస్,Николас,นิโคลัส,Nikolas,Nicholas,Николас,Ніколас,نکولس,Nikolas,Nicholas,Nicholas
first_name_male_arthur,Arthur,Arthur,Артур,Артур,Arthur,አርተር,آرثر,Արթուր,Arthur,আর্থার,Артур,Arthur,အာသာ,亞瑟,亚瑟,亞瑟,Arthur,Arthur,Arthur,Arthur,Victor,Arthur,Arthur,Arthur,არტური,Arthur,Αρθούρος,આર્થર,ארתור,आर्थर,Artúr,Arthur,Arthur,Arturo,アーサー,ಆರ್ಥರ್,Артур,អាធួរ,아서,Артур,ອາທເທີ,Artūrs,Artūras,Артур,Arthur,ആർതർ,आर्थर,Артур,आर्थर,Arthur,آرتور,Artur,Arthur,Arthur,ਆਰਥਰ,Arthur,Артур,Артур,ආතර්,Artúr,Arthur,Arthur,Arturo,Arthur,Arthur,ஆர்தர்,ఆర్థర్,Артур,อาร์เธอร์,Artur,Arthur,Артур,Артур,آرتھر,Artur,Arthur,Arthur
first_name_male_victor,Victor,Victor,Виктор,Виктор,Victor,ቪክቶር,فيكتور,Վիկտոր,Victor,ভিক্টর,Віктар,Victor,ဗစ်တာ,維克多,维克多,維克多,Victor,Victor,Victor,Victor,Leo,Victor,Voitto,Victor,ვიქტორი,Victor,Βίκτωρ,વિક્ટર,ויקטור,विक्टर,Viktor,Viktor,Victor,Vittorio,ビクター,ವಿಕ್ಟರ್,Виктор,វិចទ័រ,빅터,Виктор,ວິກເຕີ,Viktors,Viktoras,Виктор,Victor,വിക്ടർ,व्हिक्टर,Виктор,भिक्टर,Victor,ویکتور,Wiktor,Victor,Victor,ਵਿਕਟਰ,Victor,Виктор,Виктор,වික්ටර්,Viktor,Victor,Victor,Víctor,Viktor,Victor,விக்டர்,విక్టర్,Виктор,วิกเตอร์,Wiktor,Victor,Виктор,Віктор,وکٹر,Viktor,Victor,Victor
first_name_male_leo,Leo,Leo,Лео,Лео,Leo,ሊዮ,ليو,Լեո,Leo,লিও,Леа,Leo,လီယို,利奧,利奥,利奧,Leo,Leo,Leo,Leo,Gabriel,Leo,Leo,Léo,ლეო,Leo,Λέων,લિયો,ליאו,लियो,Leó,Leo,Leo,Leo,レオ,ಲಿಯೋ,Лео,លេអូ,레오,Лео,ລີໂອ,Leo,Leo,Лео,Leo,ലിയോ,लिओ,Лео,लियो,Leo,لئو,Leon,Leo,Leo,ਲੀਓ,Leo,Лео,Лео,ලියෝ,Leo,Leo,Leo,Leo,Leo,Leo,லியோ,లియో,Лео,ลีโอ,Leo,Leo,Лео,Лео,لیو,Leo,Leo,Leo
first_name_male_gabriel,Gabriel,Gabriel,Габриэль,Габриэль,Gabriel,ገብርኤል,غابرييل,Գաբրիել,Gabriel,গ্যাব্রিয়েল,Габрыэль,Gabriel,ဂေဘရီရယ်,加百列,加布里埃尔,加百列,Gabriel,Gabriel,Gabriel,Gabriel,Adrian,Gabriel,Gabriel,Gabriel,გაბრიელი,Gabriel,Γαβριήλ,ગેબ્રિયલ,גבריאל,गैब्रियल,Gábriel,Gabríel,Gabriel,Gabriele,ガブリエル,ಗೇಬ್ರಿಯಲ್,Габриэль,ហ្គេប្រីយែល,가브리엘,Габриэль,ກາເບຣຍນ,Gabriels,Gabrielius,Габриел,Gabriel,ഗബ്രിയേൽ,गॅब्रियल,Габриэль,गेब्रियल,Gabriel,گابریل,Gabriel,Gabriel,Gabriel,ਗੈਬਰੀਏਲ,Gabriel,Габриэль,Габријел,ගේබ්රියෙල්,Gabriel,Gabriel,Gabriel,Gabriel,Gabrieli,Gabriel,கேப்ரியல்,గాబ్రియేల్,Габриэл,กาเบรียล,Gabriel,Gabriel,Габриэль,Габріель,گیبریل,Jabroil,Gabriel,Gabriel
first_name_male_adrian,Adrian,Adrian,Адриан,Адриан,Adrian,አድሪያን,أدريان,Ադրիան,Adrian,আদ্রিয়ান,Адрыян,Adrian,အေဒရီယန်,阿德里安,阿德里安,阿德里安,Adrian,Adrian,Adrian,Adrian,Christian,Adrian,Adrian,Adrien,ადრიანი,Adrian,Αδριανός,એડ્રિયન,אדריאן,एड्रियन,Adrián,Adrian,Adrian,Adriano,エイドリアン,ಏಡ್ರಿಯನ್,Адриан,អែតឌ្រីអាន,에이드리언,Адриан,ເອດຣຽນ,Adriāns,Adrianas,Адријан,Adrian,അഡ്രിയൻ,एड्रियन,Адриан,एड्रियन,Adrian,آدریان,Adrian,Adrian,Adrian,ਏਡ੍ਰੀਅਨ,Adrian,Адриан,Адријан,ඇඩ්‍රියන්,Adrián,Adrian,Adrian,Adrián,Adriano,Adrian,அட்ரியன்,అడ్రియన్,Адриан,เอเดรียน,Adrian,Adrian,Адриан,Адріан,ایڈرین,Adrian,Adrian,Adrian
first_name_male_christian,Christian,Christian,Кристиан,Кристиан,Christian,ክርስቲያን,كريستيان,Քրիստիան,Christian,ক্রিস্টিয়ান,Крысціян,Christian,ခရစ်စတီယန်,克里斯蒂安,克里斯蒂安,克里斯蒂安,Christian,Christian,Christian,Christian,Eric,Christian,Kristian,Christian,კრისტიანი,Christian,Χριστιανός,ક્રિશ્ચિયન,כריסטיאן,क्रिश्चियन,Krisztián,Christian,Christian,Cristiano,クリスチャン,ಕ್ರಿಶ್ಚಿಯನ್,Кристиан,គ្រីស្ទាន,크리스천,Кристиан,ຄຣິດສຽນ,Kristiāns,Kriščionis,Кристијан,Christian,ക്രിസ്റ്റ്യൻ,क्रिश्चियन,Кристиан,क्रिस्चियन,Christian,کریستین,Krystian,Christian,Christian,ਕ੍ਰਿਸਚੀਅਨ,Christian,Кристиан,Кристијан,ක්රිස්තියන්,Kresťan,Christian,Christian,Cristian,Kristiano,Christian,கிறிஸ்டியன்,క్రిస్టియన్,Кристиан,คริสเตียน,Kristian,Christian,Кристиан,Крістіан,کرسچن,Kristian,Christian,Christian
first_name_male_eric,Eric,Eric,Эрик,Эрик,Eric,ኤሪክ,إريك,Էրիկ,Eric,এরিক,Эрык,Eric,အဲရစ်,艾瑞克,埃里克,艾瑞克,Eric,Eric,Eric,Eric,Simon,Eric,Erik,Éric,ერიკი,Eric,Έρικ,એરિક,אריק,एरिक,Erik,Erik,Eric,Erik,エリック,ಎರಿಕ್,Эрик,អេរិក,에릭,Эрик,ເອຣິກ,Ēriks,Erikas,Ерик,Eric,എറിക്,एरिक,Эрик,एरिक,Eric,اریک,Eryk,Eric,Eric,ਐਰਿਕ,Eric,Эрик,Ерик,එරික්,Erik,Eric,Eric,Eric,Erik,Eric,எரிக்,ఎరిక్,Эрик,เอริค,Erik,Eric,Эрик,Ерік,ایرک,Erik,Eric,Eric
first_name_male_simon,Simon,Simon,Саймон,Саймон,Simon,ሳይሞን,سيمون,Սայմոն,Simon,সাইমন,Сайман,Simon,ဆိုင်မွန်,賽門,西蒙,賽門,Simon,Simon,Simon,Simon,Albert,Simon,Simon,Simon,საიმონი,Simon,Σίμων,સાઇમન,סיימון,साइमन,Simon,Símon,Simon,Simone,サイモン,ಸೈಮನ್,Саймон,ស៊ីម៉ន,사이먼,Саймон,ໄຊມອນ,Saimons,Simonas,Сајмон,Simon,സൈമൺ,सायमन,Саймон,साइमन,Simon,سایمون,Szymon,Simon,Simon,ਸਾਈਮਨ,Simon,Саймон,Сајмон,සයිමන්,Simon,Simon,Simon,Simón,Simoni,Simon,சைமன்,సైమన్,Саймон,ไซม่อน,Simon,Simon,Саймон,Саймон,سائمن,Saymon,Simon,Simon
first_name_male_albert,Albert,Albert,Альберт,Альберт,Albert,አልበርት,ألبرت,Ալբերտ,Albert,আলবার্ট,Альберт,Albert,အဲလ်ဘတ်,阿爾伯特,阿尔伯特,阿爾伯特,Albert,Albert,Albert,Albert,Walter,Albert,Albert,Albert,ალბერტი,Albert,Αλβέρτος,આલ્બર્ટ,אלברט,अल्बर्ट,Albert,Albert,Albert,Alberto,アルバート,ಆಲ್ಬರ್ಟ್,Альберт,អាល់បឺត,앨버트,Альберт,ອານເບີດ,Alberts,Albertas,Алберт,Albert,ആൽബർട്ട്,अल्बर्ट,Альберт,अल्बर्ट,Albert,آلبرت,Albert,Albert,Albert,ਅਲਬਰਟ,Albert,Альберт,Алберт,ඇල්බට්,Albert,Albert,Albert,Alberto,Albert,Albert,ஆல்பர்ட்,ఆల్బర్ట్,Алберт,อัลเบิร์ต,Albert,Albert,Альберт,Альберт,البرٹ,Albert,Albert,Albert
first_name_male_walter,Walter,Walter,Уолтер,Уолтер,Walter,ዋልተር,والتر,Ուոլթեր,Walter,ওয়াল্টার,Уолтэр,Walter,ဝေါ်လ်တာ,華特,沃尔特,華特,Walter,Walter,Walter,Walter,Philip,Walter,Valtteri,Walter,უოლტერი,Walter,Ουώλτερ,વોલ્ટર,וולטר,वाल्टर,Valter,Walter,Walter,Gualtiero,ウォルター,ವಾಲ್ಟರ್,Уолтер,វ៉លទ័រ,월터,Уолтер,ວໍເຕີ,Volters,Valteris,Волтер,Walter,വാൾട്ടർ,वॉल्टर,Уолтер,वाल्टर,Walter,والتر,Walter,Walter,Walter,ਵਾਲਟਰ,Walter,Уолтер,Волтер,වෝල්ටර්,Walter,Walter,Walter,Walter,Walter,Walter,வால்டர்,వాల్టర్,Валтер,วอลเตอร์,Walter,Walter,Уолтер,Волтер,والٹر,Valter,Walter,Walter
first_name_male_philip,Philip,Philip,Филип,Филипп,Philip,ፊሊፕ,فيليب,Ֆիլիպ,Philip,ফিলিপ,Філіп,Philip,ဖိလစ်,菲利普,菲利普,菲利普,Philip,Philip,Philip,Philip,Benjamin,Philip,Filip,Philippe,ფილიპი,Philip,Φίλιππος,ફિલિપ,פיליפ,फिलिप,Fülöp,Philip,Philip,Filippo,フィリップ,ಫಿಲಿಪ್,Филип,ហ្វីលីព,필립,Филип,ຟິລິບ,Filips,Filipas,Филип,Philip,ഫിലിപ്പ്,फिलिप,Филип,फिलिप,Philip,فیلیپ,Filip,Philip,Philip,ਫਿਲਿਪ,Philip,Филипп,Филип,ෆිලිප්,Filip,Philip,Philip,Felipe,Filipo,Philip,பிலிப்,ఫిలిప్,Филип,ฟิลิป,Filip,Philip,Филип,Філіп,فلپ,Filip,Philip,Philip
first_name_male_benjamin,Benjamin,Benjamin,Бенджамин,Бенджамин,Benjamin,ቤንጃሚን,بنجامين,Բենջամին,Benjamin,বেঞ্জামিন,Бенджамін,Benjamin,ဘင်ဂျမင်,班傑明,本杰明,班傑明,Benjamin,Benjamin,Benjamin,Benjamin,Felix,Benjamin,Benjamin,Benjamin,ბენჯამინი,Benjamin,Βενιαμίν,બેન્જામિન,בנימין,बेंजामिन,Benjámin,Benjamin,Benjamin,Beniamino,ベンジャミン,ಬೆಂಜಮಿನ್,Бенджамин,បេនចាមីន,벤자민,Бенжамин,ເບນຈາມິນ,Benjamiņš,Benjaminas,Бенџамин,Benjamin,ബെഞ്ചമിൻ,बेंजामिन,Бенжамин,बेन्जामिन,Benjamin,بنیامین,Benjamin,Benjamin,Benjamin,ਬੈਂਜਾਮਿਨ,Benjamin,Бенджамин,Бенџамин,බෙන්ජමින්,Benjamin,Benjamin,Benjamin,Benjamín,Benjamini,Benjamin,பெஞ்சமின்,బెంజమిన్,Бенҷамин,เบนจามิน,Benýamin,Benjamin,Бенджамин,Бенджамін,بینجمن,Benjamin,Benjamin,Benjamin
first_name_male_felix,Felix,Felix,Феликс,Феликс,Felix,ፌሊክስ,فيليكس,Ֆելիքս,Felix,ফেলিক্স,Фелікс,Felix,ဖီလစ်ခ်စ်,費利克斯,费利克斯,費利克斯,Felix,Felix,Felix,Felix,Oscar,Felix,Felix,Félix,ფელიქსი,Felix,Φήλιξ,ફેલિક્સ,פליקס,फेलिक्स,Félix,Felix,Felix,Felice,フェリックス,ಫೆಲಿಕ್ಸ್,Феликс,ហ្វេលីក,펠릭스,Феликс,ເຟລິກ,Fēlikss,Feliksas,Феликс,Felix,ഫെലിക്സ്,फेलिक्स,Феликс,फेलिक्स,Felix,فلیکس,Feliks,Felix,Felix,ਫੈਲਿਕਸ,Felix,Феликс,Феликс,ෆීලික්ස්,Felix,Felix,Felix,Félix,Felix,Felix,ஃபெலிக்ஸ்,ఫెలిక్స్,Феликс,เฟลิกซ์,Feliks,Felix,Феликс,Фелікс,فیلکس,Feliks,Felix,Felix
first_name_male_oscar,Oscar,Oscar,Оскар,Оскар,Oscar,ኦስካር,أوسكار,Օսկար,Oscar,অস্কার,Оскар,Oscar,အော်စကာ,奧斯卡,奥斯卡,奧斯卡,Oscar,Oscar,Oscar,Oscar,Sebastian,Oscar,Oscar,Oscar,ოსკარი,Oscar,Όσκαρ,ઓસ્કાર,אוסקר,ऑस्कर,Oszkár,Oskar,Oscar,Oscar,オスカー,ಆಸ್ಕರ್,Оскар,អូស្ការ,오스카,Оскар,ອອສກາ,Oskars,Oskaras,Оскар,Oscar,ഓസ്കാർ,ऑस्कर,Оскар,अस्कर,Oscar,اسکار,Oskar,Oscar,Oscar,ਆਸਕਰ,Oscar,Оскар,Оскар,ඔස්කාර්,Oskar,Oscar,Oscar,Óscar,Oskari,Oscar,ஆஸ்கார்,ఆస్కార్,Оскар,ออสการ์,Oskar,Oscar,Оскар,Оскар,آسکر,Oskar,Oscar,Oscar
first_name_male_sebastian,Sebastian,Sebastian,Себастьян,Себастьян,Sebastian,ሴባስቲያን,سيباستيان,Սեբաստիան,Sebastian,সেবাস্টিয়ান,Себасціян,Sebastian,ဆီဘတ်စတီယန်,塞巴斯蒂安,塞巴斯蒂安,塞巴斯蒂安,Sebastian,Sebastian,Sebastian,Sebastian,Anthony,Sebastian,Sebastian,Sébastien,სებასტიანი,Sebastian,Σεβαστιανός,સેબાસ્ટિયન,סבסטיאן,सेबेस्टियन,Sebastian,Sebastian,Sebastian,Sebastiano,セバスチャン,ಸೆಬಾಸ್ಟಿಯನ್,Себастьян,សេបាស្ទីន,세바스찬,Себастьян,ເຊບາສຕຽນ,Sebastiāns,Sebastianas,Себастијан,Sebastian,സെബാസ്റ്റ്യൻ,सेबॅस्टियन,Себастьян,सेबास्टियन,Sebastian,سباستین,Sebastian,Sebastian,Sebastian,ਸੇਬਾਸਟੀਅਨ,Sebastian,Себастьян,Себастијан,සෙබස්තියන්,Sebastián,Sebastian,Sebastian,Sebastián,Sebastiani,Sebastian,செபாஸ்டியன்,సెబాస్టియన్,Себастиан,เซบาสเตียน,Sebastian,Sebastian,Себастьян,Себастьян,سیبسٹین,Sebastian,Sebastian,Sebastian
first_name_male_anthony,Anthony,Anthony,Энтони,Энтони,Anthony,አንቶኒ,أنتوني,Էնթոնի,Anthony,অ্যান্থনি,Энтані,Anthony,အန်သိုနီ,安東尼,安东尼,安東尼,Anthony,Anthony,Anthony,Anthony,Oliver,Anthony,Antony,Anthony,ენტონი,Anthony,Αντώνιος,એન્થોની,אנתוני,एंथनी,Antal,Anthony,Anthony,Antonio,アンソニー,ಆಂಥೋನಿ,Энтони,អានតូនី,앤서니,Энтони,ແອນໂທນີ,Entonijs,Antonis,Ентони,Anthony,ആന്റണി,अँथनी,Энтони,एन्थोनी,Anthony,آنتونی,Antoni,Anthony,Anthony,ਐਂਥਨੀ,Anthony,Энтони,Ентони,ඇන්තනි,Anthony,Anthony,Anthony,Antonio,Antoni,Anthony,அந்தோனி,ఆంథోనీ,Антоний,แอนโธนี่,Entoni,Anthony,Энтони,Ентоні,انتھونی,Entoni,Anthony,Anthony
first_name_male_oliver,Oliver,Oliver,Оливер,Оливер,Oliver,ኦሊቨር,أوليفر,Օլիվեր,Oliver,অলিভার,Олівер,Oliver,အိုလီဗာ,奧利弗,奥利弗,奧利弗,Oliver,Oliver,Oliver,Oliver,Matthew,Oliver,Oliver,Olivier,ოლივერი,Oliver,Όλιβερ,ઓલિવર,אוליבר,ओलिवर,Olivér,Oliver,Oliver,Oliviero,オリバー,ಆಲಿವರ್,Оливер,អូលីវឺ,올리버,Оливер,ໂອລິເວີ,Olivers,Oliveris,Оливер,Oliver,ഒലിവർ,ऑलिव्हर,Оливер,ओलिभर,Oliver,الیور,Oliwier,Oliver,Oliver,ਆਲੀਵਰ,Oliver,Оливер,Оливер,ඔලිවර්,Oliver,Oliver,Oliver,Oliver,Oliveri,Oliver,ஆலிவர்,ఆలివర్,Оливер,โอลิเวอร์,Oliver,Oliver,Оливер,Олівер,اولیور,Oliver,Oliver,Oliver
first_name_male_matthew,Matthew,Matthew,Мэттью,Мэттью,Matthew,ማቲው,ماثيو,Մեթյու,Matthew,ম্যাথু,Мэцью,Matthew,မက်သျူး,馬修,马修,馬修,Matthew,Matthew,Matthew,Matthew,Alan,Matthew,Matteus,Matthieu,მეთიუ,Matthew,Ματθαίος,મેથ્યુ,מתיו,मैथ्यू,Máté,Matthew,Matthew,Matteo,マシュー,ಮ್ಯಾಥ್ಯೂ,Мэттью,ម៉ាថេវ,매튜,Мэттью,ແມັດທິວ,Metjū,Matas,Метју,Matthew,മാത്യു,मॅथ्यू,Мэтью,म्याथ्यु,Matthew,متیو,Mateusz,Matthew,Matthew,ਮੈਥਿਊ,Matthew,Мэттью,Метју,මැතිව්,Matúš,Matthew,Matthew,Mateo,Mathayo,Matthew,மேத்தியூ,మాథ్యూ,Матю,แมทธิว,Metýu,Matthew,Мэттью,Метью,میتھیو,Mattyu,Matthew,Matthew
first_name_male_alan,Alan,Alan,Алан,Алан,Alan,አላን,آلان,Ալան,Alan,অ্যালান,Алан,Alan,အလန်,艾倫,艾伦,艾倫,Alan,Alan,Alan,Alan,Roy,Alan,Allan,Alan,ალანი,Alan,Άλαν,એલન,אלן,एलन,Alan,Alan,Alan,Alan,アラン,ಅಲನ್,Алан,អាឡាន,앨런,Алан,ອາລານ,Alans,Alanas,Алан,Alan,അലൻ,अॅलन,Алан,एलन,Alan,آلن,Alan,Alan,Alan,ਐਲਨ,Alan,Алан,Алан,ඇලන්,Alan,Alan,Alan,Alan,Alan,Alan,அலன்,అలన్,Алан,อลัน,Alan,Alan,Алан,Алан,ایلن,Alan,Alan,Alan
first_name_male_roy,Roy,Roy,Рой,Рой,Roy,ሮይ,روي,Ռոյ,Roy,রয়,Рой,Roy,ရောယ်,羅伊,罗伊,羅伊,Roy,Roy,Roy,Roy,Marcus,Roy,Roi,Roy,როი,Roy,Ρόι,રોય,רוי,रॉय,Roy,Roy,Roy,Roy,ロイ,ರಾಯ್,Рой,រ៉ូយ,로이,Рой,ຣອຍ,Rojs,Rojus,Рој,Roy,റോയ്,रॉय,Рой,रोय,Roy,روی,Roy,Roy,Roy,ਰਾਏ,Roy,Рой,Рој,රෝයි,Roy,Roy,Roy,Roy,Roy,Roy,ராய்,రాయ్,Рой,รอย,Roý,Roy,Рой,Рой,رائے,Roy,Roy,Roy
first_name_male_marcus,Marcus,Marcus,Маркус,Маркус,Marcus,ማርከስ,ماركوس,Մարկուս,Marcus,মার্কাস,Маркус,Marcus,မားကတ်စ်,馬庫斯,马库斯,馬庫斯,Marcus,Marcus,Marcus,Marcus,Frank,Marcus,Markus,Marcus,მარკუსი,Marcus,Μάρκος,માર્કસ,מרקוס,मार्कस,Márkus,Marcus,Marcus,Marco,マーカス,ಮಾರ್ಕಸ್,Маркус,ម៉ាកុស,마커스,Маркус,ມາກັສ,Marks,Markusas,Маркус,Marcus,മാർക്കസ്,मार्कस,Маркус,मार्कस,Marcus,مارکوس,Marek,Marcus,Marcus,ਮਾਰਕਸ,Marcus,Маркус,Маркус,මාර්කස්,Marcus,Marcus,Marcus,Marco,Marko,Marcus,மார்கஸ்,మార్కస్,Маркус,มาร์คัส,Markus,Marcus,Маркус,Маркус,مارکس,Markus,Marcus,Marcus
first_name_male_frank,Frank,Frank,Фрэнк,Фрэнк,Frank,ፍራንክ,فرانك,Ֆրենկ,Frank,ফ্র্যাঙ্ক,Фрэнк,Frank,ဖရန့်ခ်,法蘭克,弗兰克,法蘭克,Frank,Frank,Frank,Frank,Ernest,Frank,Frank,Frank,ფრენკი,Frank,Φρανκ,ફ્રેન્ક,פרנק,फ्रैंक,Frank,Frank,Frank,Franco,フランク,ಫ್ರಾಂಕ್,Фрэнк,ហ្វ្រែងខេ,프랭크,Фрэнк,ຟແຣງ,Frenks,Frankas,Френк,Frank,ഫ്രാങ്ക്,फ्रँक,Фрэнк,फ्र्याङ्क,Frank,فرانک,Frank,Frank,Frank,ਫਰੈਂਕ,Frank,Фрэнк,Френк,ෆ්‍රෑන්ක්,Frank,Frank,Frank,Frank,Frank,Frank,பிராங்க்,ఫ్రాంక్,Френк,แฟรงค์,Frank,Frank,Фрэнк,Френк,فرینک,Frank,Frank,Frank
first_name_male_ernest,Ernest,Ernest,Эрнест,Эрнест,Ernest,ኧርነስት,إرنست,Էռնեստ,Ernest,আর্নেস্ট,Эрнэст,Ernest,အားနစ်စ်,歐內斯特,欧内斯特,歐內斯特,Ernest,Ernest,Ernest,Ernest,Raymond,Ernest,Ernesti,Ernest,ერნესტი,Ernest,Ερνέστος,અર્નેસ્ટ,ארנסט,अर्नेस्ट,Ernő,Ernest,Ernest,Ernesto,アーネスト,ಅರ್ನೆಸ್ಟ್,Эрнест,អឺនណេស,어니스트,Эрнест,ເອີເນສ,Ernests,Ernestas,Ернест,Ernest,ഏണസ്റ്റ്,अर्नेस्ट,Эрнест,अर्नेस्ट,Ernest,ارنست,Ernest,Ernest,Ernest,ਅਰਨੈਸਟ,Ernest,Эрнест,Ернест,අර්නස්ට්,Ernest,Ernest,Ernest,Ernesto,Ernesti,Ernest,அர்னெஸ்ட்,అర్నెస్ట్,Эрнест,เออร์เนสต์,Ernest,Ernest,Эрнест,Ернест,ارنسٹ,Ernest,Ernest,Ernest
first_name_male_raymond,Raymond,Raymond,Рэймонд,Рэймонд,Raymond,ሬይመንድ,رايموند,Ռեյմոնդ,Raymond,রেমন্ড,Рэйманд,Raymond,ရေမွန်း,雷蒙,雷蒙德,雷蒙,Raymond,Raymond,Raymond,Raymond,Edward,Raymond,Raimo,Raymond,რეიმონდი,Raymond,Ραϋμόνδος,રેમંડ,ריימונד,रेमंड,Raymond,Raymond,Raymond,Raimondo,レイモンド,ರೇಮಂಡ್,Рэймонд,រ៉េមយ៉ុង,레이몬드,Рэймонд,ເຣມອນ,Reimonds,Raimundas,Рејмонд,Raymond,റേമണ്ട്,रेमंड,Рэймонд,रेमण्ड,Raymond,ریموند,Rajmund,Raymond,Raymond,ਰੇਮੰਡ,Raymond,Рэймонд,Рејмонд,රේමන්ඩ්,Raymond,Raymond,Raymond,Ramón,Raymond,Raymond,ரேமண்ட்,రేమండ్,Реймонд,เรย์มอนด์,Reýmond,Raymond,Рэймонд,Реймонд,ریمنڈ,Raymond,Raymond,Raymond
first_name_male_edward,Edward,Edward,Эдвард,Эдвард,Edward,ኤድዋርድ,إدوارد,Էդվարդ,Edward,এডওয়ার্ড,Эдвард,Edward,အဒွါ့်,愛德華,爱德华,愛德華,Edward,Edward,Edward,Edward,Joseph,Edward,Edvard,Edward,ედუარდი,Edward,Εδουάρδος,એડવર્ડ,אדוארד,एडवर्ड,Eduárd,Edward,Edward,Edoardo,エドワード,ಎಡ್ವರ್ಡ್,Эдвард,អេដវឺត,에드워드,Эдвард,ເອດວາດ,Edvards,Edvardas,Едвард,Edward,എഡ്വേർഡ്,एडवर्ड,Эдвард,एडवर्ड,Edward,ادوارد,Edward,Edward,Edward,ਐਡਵਰਡ,Edward,Эдвард,Едвард,එඩ්වඩ්,Eduard,Edward,Edward,Eduardo,Edward,Edward,எட்வர்ட்,ఎడ్వర్డ్,Эдвард,เอ็ดเวิร์ด,Edward,Edward,Эдвард,Едвард,ایڈورڈ,Eduard,Edward,Edward
first_name_male_joseph,Joseph,Joseph,Джозеф,Джозеф,Joseph,ጆሴፍ,جوزيف,Ջոզեֆ,Joseph,জোসেফ,Джозеф,Joseph,ဂျိုးဇက်,約瑟夫,约瑟夫,約瑟夫,Joseph,Joseph,Joseph,Joseph,Ian,Joseph,Joosef,Joseph,ჯოზეფი,Joseph,Ιωσήφ,જોસેફ,ג'וזף,जोसेफ,József,Joseph,Joseph,Giuseppe,ジョセフ,ಜೋಸೆಫ್,Джозеф,ចូសែប,조셉,Жозеф,ໂຈເຊບ,Džozefs,Džozefas,Џозеф,Joseph,ജോസഫ്,जोसेफ,Жозеф,जोसेफ,Joseph,جوزف,Józef,Joseph,Joseph,ਜੋਸੇਫ,Joseph,Джозеф,Џозеф,ජෝසප්,Jozef,Joseph,Joseph,José,Yosefu,Joseph,ஜோசப்,జోసెఫ్,Ҷозеф,โจเซฟ,Jozef,Joseph,Джозеф,Джозеф,جوزف,Jozef,Joseph,Joseph
first_name_male_ian,Ian,Ian,Иан,Иэн,Ian,ኢያን,إيان,Իան,Ian,ইয়ান,Іан,Ian,အီယန်,伊恩,伊恩,伊恩,Ian,Ian,Ian,Ian,Vasko,Ian,Iain,Ian,იანი,Ian,Ίαν,ઇયાન,איאן,इयान,Ian,Ian,Ian,Ian,イアン,ಇಯಾನ್,Иэн,អ៊ីយ៉ាន,이안,Иэн,ອຽນ,Ians,Ianas,Иан,Ian,ഇയാൻ,इयान,Иан,इयान,Ian,ایان,Ian,Ian,Ian,ਇਆਨ,Ian,Иэн,Иан,ඉයන්,Ian,Ian,Ian,Ian,Ian,Ian,இயன்,ఇయాన్,Иан,เอียน,Ian,Ian,Иан,Іан,ایان,Ian,Ian,Ian
first_name_male_vasko,Vasko,Vasko,Васко,Васко,Vasko,ቫስኮ,فاسكو,Վասկո,Vasko,ভাস্কো,Васка,Vasko,ဗက်စကို,瓦斯科,瓦斯科,瓦斯科,Vasko,Vasko,Vasko,Vasko,Ferdinand,Vasko,Vasili,Vasco,ვასკო,Vasko,Βάσκο,વાસ્કો,ואסקו,वास्को,Vaszko,Vasko,Vasko,Vasco,ヴァスコ,ವಾಸ್ಕೊ,Васко,វ៉ាស្កូ,바스코,Васко,ວາສໂກ,Vasko,Vaskas,Васко,Vasko,വാസ്കോ,वास्को,Васко,भास्को,Vasko,واسکو,Wasko,Vasko,Vasko,ਵਾਸਕੋ,Vasko,Васко,Васко,වාස්කෝ,Vaško,Vasko,Vasko,Vasco,Vasko,Vasko,வாஸ்கோ,వాస్కో,Васко,วาสโก,Wasko,Vasko,Васко,Васко,واسکو,Vasko,Vasko,Vasko
first_name_male_ferdinand,Ferdinand,Ferdinand,Фердинанд,Фердинанд,Ferdinand,ፈርዲናንድ,فرديناند,Ֆերդինանդ,Ferdinand,ফার্ডিনান্ড,Фердынанд,Ferdinand,ဖာဒီနန်း,費迪南,费迪南德,費迪南,Ferdinand,Ferdinand,Ferdinand,Ferdinand,Alexander,Ferdinand,Ferdinand,Ferdinand,ფერდინანდი,Ferdinand,Φερδινάνδος,ફર્ડિનાન્ડ,פרדיננד,फर्डिनेंड,Ferdinánd,Ferdinand,Ferdinand,Ferdinando,ファーディナンド,ಫರ್ಡಿನಾಂಡ್,Фердинанд,ហ្វឺឌីណង់,퍼디난드,Фердинанд,ເຟີດິນານ,Ferdinands,Ferdinandas,Фердинанд,Ferdinand,ഫെർഡിനാൻഡ്,फर्डिनांड,Фердинанд,फर्डिनान्ड,Ferdinand,فردیناند,Ferdynand,Ferdinand,Ferdinand,ਫਰਡੀਨੈਂਡ,Ferdinand,Фердинанд,Фердинанд,ෆර්ඩිනන්ඩ්,Ferdinand,Ferdinand,Ferdinand,Fernando,Ferdinandi,Ferdinand,ஃபெர்டினாண்ட்,ఫెర్డినాండ్,Фердинанд,เฟอร์ดินานด์,Ferdinand,Ferdinand,Фердинанд,Фердинанд,فرڈینینڈ,Ferdinand,Ferdinand,Ferdinand
first_name_male_alexander,Alexander,Alexander,Александр,Александр,Alexander,አሌክሳንደር,ألكسندر,Ալեքսանդր,Alexander,আলেকজান্ডার,Аляксандр,Alexander,အလက်ဇန်းဒါး,亞歷山大,亚历山大,亞歷山大,Alexander,Alexander,Alexander,Alexander,Louis,Alexander,Aleksanteri,Alexandre,ალექსანდრე,Alexander,Αλέξανδρος,એલેક્ઝાન્ડર,אלכסנדר,अलेक्जेंडर,Sándor,Alexander,Alexander,Alessandro,アレクサンダー,ಅಲೆಕ್ಸಾಂಡರ್,Александр,អាឡិចសាន់ឌឺ,알렉산더,Александр,ອາເລັກຊານເດີ,Aleksandrs,Aleksandras,Александар,Alexander,അലക്സാണ്ടർ,अलेक्झांडर,Александр,अलेक्जेन्डर,Alexander,الکساندر,Aleksander,Alexander,Alexander,ਅਲੈਗਜ਼ੈਂਡਰ,Alexander,Александр,Александар,ඇලෙක්සැන්ඩර්,Alexander,Alexander,Alexander,Alejandro,Alexander,Alexander,அலெக்சாண்டர்,అలెగ్జాండర్,Александр,อเล็กซานเดอร์,Aleksandr,Alexander,Александр,Александр,الیگزینڈر,Aleksandr,Alexander,Alexander
first_name_male_louis,Louis,Louis,Луис,Луис,Louis,ሉዊስ,لويس,Լուի,Louis,লুইস,Луіс,Louis,လူးဝစ်စ်,路易斯,路易斯,路易斯,Louis,Louis,Louis,Louis,Max,Louis,Ludvig,Louis,ლუი,Louis,Λουδοβίκος,લુઇસ,לואי,लुई,Lajos,Louis,Louis,Luigi,ルイ,ಲೂಯಿಸ್,Луис,ល្វីស,루이,Луис,ຫຼຸຍ,Luiss,Liudvikas,Луис,Louis,ലൂയിസ്,लुईस,Луис,लुइस,Louis,لوئیس,Ludwik,Louis,Louis,ਲੂਈਸ,Louis,Луис,Луис,ලුවිස්,Ľudovít,Louis,Louis,Luis,Louis,Louis,லூயிஸ்,లూయిస్,Луис,หลุยส์,Luis,Louis,Луис,Луїс,لوئس,Lui,Louis,Louis
first_name_male_max,Max,Max,Макс,Макс,Max,ማክስ,ماكس,Մաքս,Max,ম্যাক্স,Макс,Max,မက်ခ်စ်,麥克斯,马克斯,麥克斯,Max,Max,Max,Max,Roald,Max,Maksi,Max,მაქსი,Max,Μαξ,મેક્સ,מקס,मैक्स,Max,Max,Max,Max,マックス,ಮ್ಯಾಕ್ಸ್,Макс,ម៉ាក់ស,맥스,Макс,ແມັກ,Maks,Maksas,Макс,Max,മാക്സ്,मॅक्स,Макс,म्याक्स,Max,مکس,Maks,Max,Max,ਮੈਕਸ,Max,Макс,Макс,මැක්ස්,Max,Max,Max,Max,Max,Max,மேக்ஸ்,మాక్స్,Макс,แม็กซ์,Maks,Max,Макс,Макс,میکس,Maks,Max,Max
first_name_male_roald,Roald,Roald,Роальд,Руаль,Roald,ሮአልድ,روالد,Ռոալդ,Roald,রোয়াল্ড,Роальд,Roald,ရိုးအောလ်,羅爾德,罗尔德,羅爾德,Roald,Roald,Roald,Roald,Neil,Roald,Roald,Roald,როალდი,Roald,Ρόαλντ,રોઆલ્ડ,רואלד,रोल्ड,Roald,Roald,Roald,Roald,ロアルド,ರೋಲ್ಡ್,Роальд,រ៉ូអាល់,로알드,Роальд,ໂຣອານ,Roalds,Roaldas,Роалд,Roald,റോൾഡ്,रोआल्ड,Роальд,रोआल्ड,Roald,رولد,Roald,Roald,Roald,ਰੋਆਲਡ,Roald,Руаль,Роалд,රෝල්ඩ්,Roald,Roald,Roald,Roald,Roald,Roald,ரோல்ட்,రోల్డ్,Роалд,โรอัลด์,Roald,Roald,Роальд,Роальд,روالڈ,Roald,Roald,Roald
first_name_male_neil,Neil,Neil,Нил,Нил,Neil,ኒል,نيل,Նիլ,Neil,নিল,Ніл,Neil,နီးလ်,尼爾,尼尔,尼爾,Neil,Neil,Neil,Neil,Yuri,Neil,Niilo,Neil,ნილი,Neil,Νηλ,નીલ,ניל,नील,Neil,Neil,Neil,Neil,ニール,ನೀಲ್,Нил,នីល,닐,Нил,ນີນ,Nīls,Nilas,Нил,Neil,നീൽ,नील,Нил,नील,Neil,نیل,Neil,Neil,Neil,ਨੀਲ,Neil,Нил,Нил,නීල්,Neil,Neil,Neil,Neil,Neil,Neil,நீல்,నీల్,Нил,นีล,Nil,Neil,Нил,Ніл,نیل,Nil,Neil,Neil
first_name_male_yuri,Yuri,Yuri,Юрий,Юрий,Yuri,ዩሪ,يوري,Յուրի,Yuri,ইউরি,Юрый,Yuri,ယူရီ,尤里,尤里,尤里,Yuri,Yuri,Yuri,Yuri,Abel,Yuri,Juri,Youri,იური,Yuri,Γιούρι,યુરી,יורי,यूरी,Jurij,Yuri,Yuri,Yuri,ユーリ,ಯೂರಿ,Юрий,យូរី,유리,Юрий,ຢູຣີ,Jurijs,Jurijus,Јури,Yuri,യൂറി,युरी,Юри,युरी,Yuri,یوری,Jurij,Yuri,Yuri,ਯੂਰੀ,Yuri,Юрий,Јури,යූරි,Yuri,Yuri,Yuri,Yuri,Yuri,Yuri,யூரி,యూరి,Юрий,ยูริ,Ýuri,Yuri,Юрий,Юрій,یوری,Yuriy,Yuri,Yuri
first_name_male_abel,Abel,Abel,Абель,Авель,Abel,አቤል,هابيل,Աբել,Abel,আবেল,Авель,Abel,အေဘယ်,亞伯,亚伯,亞伯,Abel,Abel,Abel,Abel,Edmund,Abel,Aabel,Abel,აბელი,Abel,Άβελ,એબેલ,אבל,एबेल,Ábel,Abel,Abel,Abele,アベル,ಏಬೆಲ್,Авель,អេបែល,아벨,Абель,ເອເບນ,Ābels,Abelis,Абел,Abel,ഏബൽ,एबेल,Абель,एबेल,Abel,آبل,Abel,Abel,Abel,ਏਬਲ,Abel,Авель,Абел,ආබෙල්,Ábel,Abel,Abel,Abel,Abeli,Abel,ஆபேல்,అబెల్,Обел,อาเบล,Abel,Abel,Абель,Авель,ایبل,Hobil,Abel,Abel
first_name_male_edmund,Edmund,Edmund,Эдмунд,Эдмунд,Edmund,ኤድመንድ,إدموند,Էդմունդ,Edmund,এডমন্ড,Эдмунд,Edmund,အဒ်မွန်း,埃德蒙,埃德蒙,埃德蒙,Edmund,Edmund,Edmund,Edmund,Thor,Edmund,Edmund,Edmund,ედმუნდი,Edmund,Εδμόνδος,એડમન્ડ,אדמונד,एडमंड,Edmund,Edmund,Edmund,Edmondo,エドマンド,ಎಡ್ಮಂಡ್,Эдмунд,អេម៉ុន,에드먼드,Эдмунд,ເອດມັນ,Edmunds,Edmundas,Едмунд,Edmund,എഡ്മണ്ട്,एडमंड,Эдмунд,एडमण्ड,Edmund,ادموند,Edmund,Edmund,Edmund,ਐਡਮੰਡ,Edmund,Эдмунд,Едмунд,එඩ්මන්ඩ්,Edmund,Edmund,Edmund,Edmundo,Edmund,Edmund,எட்மண்ட்,ఎడ్మండ్,Эдмунд,เอ็ดมันด์,Edmund,Edmund,Эдмунд,Едмунд,ایڈمنڈ,Edmund,Edmund,Edmund
first_name_male_thor,Thor,Thor,Тор,Тор,Thor,ቶር,ثور,Թոր,Thor,থর,Тор,Thor,သော,索爾,索尔,索爾,Thor,Thor,Thor,Thor,Jacques,Thor,Tor,Thor,თორი,Thor,Θωρ,થોર,ת'ור,थॉर,Thor,Thor,Thor,Thor,トール,ಥಾರ್,Тор,ថោរ,토르,Тор,ທໍ,Tors,Toras,Тор,Thor,തോർ,थॉर,Тор,थोर,Thor,ثور,Thor,Thor,Thor,ਥੋਰ,Thor,Тор,Тор,තෝර්,Thor,Thor,Thor,Thor,Thor,Thor,தோர்,థార్,Тор,ธอร์,Tor,Thor,Тор,Тор,تھور,Tor,Thor,Thor
first_name_male_jacques,Jacques,Jacques,Жак,Жак,Jacques,ዣክ,جاك,Ժակ,Jacques,জ্যাক,Жак,Jacques,ဂျက်,傑克,杰克,傑克,Jacques,Jacques,Jacques,Jacques,Lincoln,Jacques,Jaak,Jacques,ჟაკი,Jacques,Ιάκωβος,જેક્સ,ז'אק,जैक्स,Jacques,Jacques,Jacques,Giacomo,ジャック,ಜಾಕ್ವೆಸ್,Жак,ហ្សាក់,자크,Жак,ແຊັກ,Žaks,Žakas,Жак,Jacques,ജാക്ക്,जॅक्स,Жак,ज्याक,Jacques,ژاک,Jacques,Jacques,Jacques,ਜੈਕ,Jacques,Жак,Жак,ජැක්,Jacques,Jacques,Jacques,Jacques,Jacques,Jacques,ஜாக்,జాక్,Жак,จาก์,Žak,Jacques,Жак,Жак,جیک,Jak,Jacques,Jacques
first_name_male_lincoln,Lincoln,Lincoln,Линкольн,Линкольн,Lincoln,ሊንከን,لينكولن,Լինքոլն,Lincoln,লিংকন,Лінкальн,Lincoln,လင်ကွန်း,林肯,林肯,林肯,Lincoln,Lincoln,Lincoln,Lincoln,Douglas,Lincoln,Lincoln,Lincoln,ლინკოლნი,Lincoln,Λίνκολν,લિંકન,לינקולן,लिंकन,Lincoln,Lincoln,Lincoln,Lincoln,リンカーン,ಲಿಂಕನ್,Линкольн,លីនខុន,링컨,Линкольн,ລິນຄອນ,Linkolns,Linkolnas,Линколн,Lincoln,ലിങ്കൺ,लिंकन,Линкольн,लिङ्कन,Lincoln,لینکلن,Lincoln,Lincoln,Lincoln,ਲਿੰਕਨ,Lincoln,Линкольн,Линколн,ලින්කන්,Lincoln,Lincoln,Lincoln,Lincoln,Lincoln,Lincoln,லிங்கன்,లింకన్,Линколн,ลินคอล์น,Linkoln,Lincoln,Линкольн,Лінкольн,لنکن,Linkoln,Lincoln,Lincoln
first_name_male_douglas,Douglas,Douglas,Дуглас,Дуглас,Douglas,ዳግላስ,دوغلاس,Դուգլաս,Douglas,ডগলাস,Дуглас,Douglas,ဒေါ်ဂလပ်စ်,道格拉斯,道格拉斯,道格拉斯,Douglas,Douglas,Douglas,Douglas,Clarence,Douglas,Douglas,Douglas,დაგლასი,Douglas,Ντάγκλας,ડગ્લાસ,דאגלס,डगलस,Douglas,Douglas,Douglas,Douglas,ダグラス,ಡಗ್ಲಾಸ್,Дуглас,ដាក្លាស,더글라스,Дуглас,ດັກລາສ,Duglass,Daglasas,Даглас,Douglas,ഡഗ്ലസ്,डग्लस,Дуглас,डगलस,Douglas,داگلاس,Douglas,Douglas,Douglas,ਡਗਲਸ,Douglas,Дуглас,Даглас,ඩග්ලස්,Douglas,Douglas,Douglas,Douglas,Douglas,Douglas,டக்ளஸ்,డగ్లస్,Дуглас,ดักลาส,Duglas,Douglas,Дуглас,Дуглас,ڈگلس,Duglas,Douglas,Douglas
first_name_male_clarence,Clarence,Clarence,Кларенс,Кларенс,Clarence,ክላረንስ,كلارنس,Քլարենս,Clarence,ক্লারেন্স,Кларэнс,Clarence,ကလဲရန့်စ်,克拉倫斯,克拉伦斯,克拉倫斯,Clarence,Clarence,Clarence,Clarence,Amerigo,Clarence,Klaus,Clarence,კლარენსი,Clarence,Κλάρενς,ક્લેરેન્સ,קלרנס,क्लेरेंस,Clarence,Clarence,Clarence,Clarence,クラレンス,ಕ್ಲಾರೆನ್ಸ್,Кларенс,ក្លារ៉េន,클라렌스,Кларенс,ຄລາເຣນ,Klarenss,Klarensas,Кларенс,Clarence,ക്ലാരൻസ്,क्लॅरेन्स,Кларенс,क्लारेन्स,Clarence,کلارنس,Clarence,Clarence,Clarence,ਕਲੈਰੈਂਸ,Clarence,Кларенс,Кларенс,ක්ලැරන්ස්,Clarence,Clarence,Clarence,Clarence,Clarence,Clarence,கிளாரன்ஸ்,క్లారెన్స్,Кларенс,คลาเรนซ์,Klarens,Clarence,Кларенс,Кларенс,کلیرنس,Klarens,Clarence,Clarence
first_name_male_amerigo,Amerigo,Amerigo,Америго,Америго,Amerigo,አሜሪጎ,أميريجو,Ամերիգո,Amerigo,আমেরিগো,Амерыга,Amerigo,အမေရီဂို,亞美利哥,亚美利哥,亞美利哥,Amerigo,Amerigo,Amerigo,Amerigo,Leon,Amerigo,Amerigo,Amérigo,ამერიგო,Amerigo,Αμέριγκο,અમેરિગો,אמריגו,अमेरीगो,Amerigo,Amerigo,Amerigo,Amerigo,アメリゴ,ಅಮೇರಿಗೊ,Америго,អាមេរីហ្គោ,아메리고,Америго,ອາເມຣິໂກ,Amerigo,Amerigas,Америго,Amerigo,അമേരിഗോ,अमेरिगो,Америго,अमेरिगो,Amerigo,آمریکو,Amerigo,Amerigo,Amerigo,ਅਮੇਰੀਗੋ,Amerigo,Америго,Америго,ඇමරිගෝ,Amerigo,Amerigo,Amerigo,Amérigo,Amerigo,Amerigo,அமெரிகோ,అమెరిగో,Америго,อเมริโก,Amerigo,Amerigo,Америго,Амеріго,امریگو,Amerigo,Amerigo,Amerigo
first_name_male_leon,Leon,Leon,Леон,Леон,Leon,ሊዮን,ليون,Լեոն,Leon,লিওন,Леон,Leon,လီယွန်,利昂,利昂,利昂,Leon,Leon,Leon,Leon,Francis,Leon,Leon,Léon,ლეონი,Leon,Λέων,લિયોન,ליאון,लियोन,Leon,Leon,Leon,Leone,レオン,ಲಿಯಾನ್,Леон,លេអុង,레온,Леон,ລີອອນ,Leons,Leonas,Леон,Leon,ലിയോൺ,लिऑन,Леон,लियोन,Leon,لئون,Leon,Leon,Leon,ਲੀਓਨ,Leon,Леон,Леон,ලියොන්,Leon,Leon,Leon,León,Leon,Leon,லியோன்,లియోన్,Леон,ลีออน,Leon,Leon,Леон,Леон,لیون,Leon,Leon,Leon
first_name_male_francis,Francis,Francis,Фрэнсис,Фрэнсис,Francis,ፍራንሲስ,فرانسيس,Ֆրենսիս,Francis,ফ্রান্সিস,Фрэнсіс,Francis,ဖရန်စစ်,法蘭西斯,弗朗西斯,法蘭西斯,Francis,Francis,Francis,Francis,Gavin,Francis,Frans,Francis,ფრენსისი,Francis,Φραγκίσκος,ફ્રાન્સિસ,פרנסיס,फ्रांसिस,Ferenc,Francis,Francis,Francesco,フランシス,ಫ್ರಾನ್ಸಿಸ್,Фрэнсис,ហ្វ្រែនស៊ីស,프란시스,Фрэнсис,ຟແຣນຊິສ,Frensis,Pranciškus,Френсис,Francis,ഫ്രാൻസിസ്,फ्रान्सिस,Фрэнсис,फ्रान्सिस,Francis,فرانسیس,Franciszek,Francis,Francis,ਫ੍ਰਾਂਸਿਸ,Francis,Фрэнсис,Френсис,ෆ්‍රැන්සිස්,František,Francis,Francis,Francisco,Francis,Francis,பிரான்சிஸ்,ఫ్రాన్సిస్,Френсис,ฟรานซิส,Fransis,Francis,Фрэнсис,Френсіс,فرانسس,Frensis,Francis,Francis
first_name_male_gavin,Gavin,Gavin,Гэвин,Гэвин,Gavin,ጋቪን,غافين,Գևին,Gavin,গ্যাভিন,Гэвін,Gavin,ဂါဗင်,加文,加文,加文,Gavin,Gavin,Gavin,Gavin,Amos,Gavin,Gavin,Gavin,გევინი,Gavin,Γκάβιν,ગેવિન,גאווין,गेविन,Gavin,Gavin,Gavin,Gavin,ギャビン,ಗ್ಯಾವಿನ್,Гэвин,ហ្គាវីន,개빈,Гэвин,ກາວິນ,Gavins,Gavinas,Гавин,Gavin,ഗാവിൻ,गॅविन,Гэвин,गेभिन,Gavin,گاوین,Gavin,Gavin,Gavin,ਗੇਵਿਨ,Gavin,Гэвин,Гавин,ගේවින්,Gavin,Gavin,Gavin,Gavin,Gavin,Gavin,கேவின்,గావిన్,Гевин,เกวิน,Gawin,Gavin,Гэвин,Гевін,گیون,Gavin,Gavin,Gavin
first_name_male_amos,Amos,Amos,Амос,Амос,Amos,አሞስ,آموس,Ամոս,Amos,আমোস,Амос,Amos,အမို့စ်,阿莫斯,阿莫斯,阿莫斯,Amos,Amos,Amos,Amos,Tenzing,Amos,Aamos,Amos,ამოსი,Amos,Αμώς,અમોસ,עמוס,अमोस,Ámos,Amos,Amos,Amos,エイモス,ಅಮೋಸ್,Амос,អេម៉ុស,아모스,Амос,ອາໂມສ,Āmos,Amosas,Амос,Amos,അമോസ്,अमोस,Амос,अमोस,Amos,آموس,Amos,Amos,Amos,ਅਮੋਸ,Amos,Амос,Амос,ඇමෝස්,Ámos,Amos,Amos,Amós,Amosi,Amos,அமோஸ்,అమోస్,Амос,อามอส,Amos,Amos,Амос,Амос,اموس,Amos,Amos,Amos
first_name_tenzing,Tenzing,Tenzing,Тенцинг,Тенцинг,Tenzing,ተንዚንግ,تينزينغ,Թենզինգ,Tenzing,টেনজিং,Тэнцынг,Tenzing,တန်ဇင်း,坦辛,坦辛,坦辛,Tenzing,Tenzing,Tenzing,Tenzing,Jason,Tenzing,Tenzing,Tenzing,ტენზინგი,Tenzing,Τένζινγκ,ટેન્ઝિંગ,טנזינג,टेनज़िंग,Tenzing,Tenzing,Tenzing,Tenzing,テンジン,ಟೆನ್ಜಿಂಗ್,Тенцинг,ថេនស៊ីង,텐징,Тенцинг,ເທນຊິງ,Tenzings,Tenzingas,Тенцинг,Tenzing,ടെൻസിംഗ്,टेनझिंग,Тензинг,टेन्जिङ,Tenzing,تنزینگ,Tenzing,Tenzing,Tenzing,ਟੈਨਜ਼ਿੰਗ,Tenzing,Тенцинг,Тенцинг,ටෙන්සිං,Tenzing,Tenzing,Tenzing,Tenzing,Tenzing,Tenzing,டென்சிங்,టెన్జింగ్,Тензинг,เทนซิง,Tenzing,Tenzing,Тенцинг,Тенцинг,ٹینزنگ,Tenzing,Tenzing,Tenzing
first_name_male_jason,Jason,Jason,Джейсон,Джейсон,Jason,ጄሰን,جايسون,Ջեյսոն,Jason,জেসন,Джэйсан,Jason,ဂျေဆန်,傑森,杰森,傑森,Jason,Jason,Jason,Jason,Otto,Jason,Jasin,Jason,ჯეისონი,Jason,Ιάσων,જેસન,ג'ייסון,जेसन,Jason,Jason,Jason,Giasone,ジェイソン,ಜೇಸನ್,Джейсон,ជេសុន,제이슨,Жейсон,ເຈສັນ,Džeisons,Džeisonas,Џејсон,Jason,ജേസൺ,जेसन,Жейсон,जेसन,Jason,جیسون,Jason,Jason,Jason,ਜੇਸਨ,Jason,Джейсон,Џејсон,ජේසන්,Jason,Jason,Jason,Jason,Jason,Jason,ஜேசன்,జేసన్,Ҷейсон,เจสัน,Jeýson,Jason,Джейсон,Джейсон,جیسن,Jeyson,Jason,Jason
first_name_male_otto,Otto,Otto,Отто,Отто,Otto,ኦቶ,أوتو,Օտտո,Otto,অটো,Ота,Otto,အိုတို,奧托,奥托,奧托,Otto,Otto,Otto,Otto,Lawrence,Otto,Otto,Otto,ოტო,Otto,Όττο,ઓટો,אוטו,ओटो,Ottó,Otto,Otto,Ottone,オットー,ಒಟ್ಟೊ,Отто,អូតូ,오토,Отто,ໂອຕໍ,Oto,Otas,Ото,Otto,ഒട്ടോ,ओट्टो,Отто,ओटो,Otto,اتو,Otto,Otto,Otto,ਓਟੋ,Otto,Отто,Ото,ඔටෝ,Otto,Otto,Otto,Otto,Otto,Otto,ஓட்டோ,ఒట్టో,Отто,อ็อตโต,Otto,Otto,Отто,Отто,اوٹو,Otto,Otto,Otto
first_name_male_lawrence,Lawrence,Lawrence,Лоуренс,Лоуренс,Lawrence,ሎውረንስ,لورانس,Լոուրենս,Lawrence,লরেন্স,Лоўрэнс,Lawrence,လောရန့်စ်,勞倫斯,劳伦斯,勞倫斯,Lawrence,Lawrence,Lawrence,Lawrence,Fabian,Lawrence,Lauri,Laurent,ლორენსი,Lawrence,Λώρενς,લોરેન્સ,לורנס,लॉरेंस,Lőrinc,Lawrence,Lawrence,Lorenzo,ローレンス,ಲಾರೆನ್ಸ್,Лоуренс,ឡរ៉េន,로렌스,Лоуренс,ລໍເຣນ,Lorenss,Lorensas,Лоренс,Lawrence,ലോറൻസ്,लॉरेन्स,Лоуренс,लरेन्स,Lawrence,لارنس,Wawrzyniec,Lawrence,Lawrence,ਲਾਰੈਂਸ,Lawrence,Лоуренс,Лоренс,ලෝරන්ස්,Lawrence,Lawrence,Lawrence,Lorenzo,Lawrence,Lawrence,லாரன்ஸ்,లారెన్స్,Лоренс,ลอว์เรนซ์,Lawrence,Lawrence,Лоуренс,Лоуренс,لارنس,Lorens,Lawrence,Lawrence
first_name_male_fabian,Fabian,Fabian,Фабиан,Фабиан,Fabian,ፋቢያን,فابيان,Ֆաբիան,Fabian,ফ্যাবিয়ান,Фабіян,Fabian,ဖေဘီယန်,法比安,法比安,法比安,Fabian,Fabian,Fabian,Fabian,Ivan,Fabian,Fabian,Fabien,ფაბიანი,Fabian,Φάμπιαν,ફેબિયન,פביאן,फैबियन,Fabian,Fabian,Fabian,Fabiano,ファビアン,ಫೇಬಿಯನ್,Фабиан,ហ្វាប៊ីយ៉ាន,파비안,Фабиан,ຟາເບຍນ,Fabians,Fabijonas,Фабиан,Fabian,ഫാബിയൻ,फेबियन,Фабиан,फेबियन,Fabian,فابیان,Fabian,Fabian,Fabian,ਫੇਬੀਅਨ,Fabian,Фабиан,Фабиан,ෆේබියන්,Fabian,Fabian,Fabian,Fabian,Fabian,Fabian,ஃபேபியன்,ఫేబియన్,Фабиан,เฟเบียน,Fabian,Fabian,Фабиан,Фабіан,فیبین,Fabian,Fabian,Fabian
first_name_male_ivan,Ivan,Ivan,Иван,Иван,Ivan,ኢቫን,إيفان,Իվան,Ivan,ইভান,Іван,Ivan,အိုင်ဗန်,伊萬,伊万,伊萬,Ivan,Ivan,Ivan,Ivan,Rene,Ivan,Ivan,Ivan,ივანე,Ivan,Ιβάν,ઇવાન,איבן,इवान,Iván,Ivan,Ivan,Ivan,イワン,ಇವಾನ್,Иван,អ៊ីវ៉ាន,이반,Иван,ອີວານ,Ivans,Ivanas,Иван,Ivan,ഇവാൻ,इव्हान,Иван,इभान,Ivan,ایوان,Iwan,Ivan,Ivan,ਇਵਾਨ,Ivan,Иван,Иван,ඉවාන්,Ivan,Ivan,Ivan,Iván,Ivan,Ivan,இவான்,ఇవాన్,Иван,อีวาน,Iwan,Ivan,Иван,Іван,ایوان,Ivan,Ivan,Ivan
first_name_male_rene,Rene,Rene,Рене,Рене,Rene,ሬኔ,رينيه,Ռենե,Rene,রেনে,Рэнэ,Rene,ရီနီ,雷內,雷内,雷內,Rene,Rene,Rene,Rene,Hector,Rene,René,René,რენე,Rene,Ρενέ,રેને,רנה,रेने,René,Rene,Rene,Renato,ルネ,ರೆನೆ,Рене,រ៉េន,르네,Рене,ເຣເນ,Renē,Renė,Рене,Rene,റെനെ,रेने,Рене,रेने,Rene,رنه,René,Rene,Rene,ਰੇਨੀ,Rene,Рене,Рене,රෙනේ,René,Rene,Rene,René,Rene,Rene,ரெனே,రెనే,Рене,เรเน่,Rene,Rene,Рене,Рене,رینے,Rene,Rene,Rene
first_name_male_hector,Hector,Hector,Гектор,Гектор,Hector,ሄክቶር,هيكتور,Հեկտոր,Hector,হেক্টর,Гектар,Hector,ဟက်တာ,赫克托,赫克托,赫克托,Hector,Hector,Hector,Hector,Vitus,Hector,Hector,Hector,ჰექტორი,Hector,Έκτωρ,હેક્ટર,הקטור,हेक्टर,Hector,Hector,Hector,Ettore,ヘクター,ಹೆಕ್ಟರ್,Гектор,ហេកទ័រ,헥터,Гектор,ເຮກເຕີ,Hektors,Hektorius,Хектор,Hector,ഹെക്ടർ,हेक्टर,Эктор,हेक्टर,Hector,هکتور,Hektor,Hector,Hector,ਹੈਕਟਰ,Hector,Гектор,Хектор,හෙක්ටර්,Hector,Hector,Hector,Héctor,Hector,Hector,ஹெக்டர்,హెక్టర్,Ҳектор,เฮคเตอร์,Hektor,Hector,Гектор,Гектор,ہیکٹر,Hektor,Hector,Hector
first_name_male_vitus,Vitus,Vitus,Витус,Витус,Vitus,ቪቱስ,فيتوس,Վիտուս,Vitus,ভিটাস,Вітус,Vitus,ဗိုင်တပ်စ်,維特斯,维特斯,維特斯,Vitus,Vitus,Vitus,Vitus,Barent,Vitus,Vitus,Vitus,ვიტუსი,Vitus,Βίτους,વિટસ,ויטוס,वाइटस,Vitus,Vitus,Vitus,Vito,ヴィトゥス,ವೈಟಸ್,Вит,វីទុស,비투스,Витус,ວີທັສ,Vītuss,Vitas,Витус,Vitus,വിറ്റസ്,व्हायटस,Витус,भाइटस,Vitus,ویتوس,Vitus,Vitus,Vitus,ਵਾਈਟਸ,Vitus,Витус,Витус,වයිටස්,Vitus,Vitus,Vitus,Vito,Vitus,Vitus,வைடஸ்,వైటస్,Витус,ไวทัส,Witus,Vitus,Витус,Вітус,وائٹس,Vitus,Vitus,Vitus
first_name_male_barent,Barent,Barent,Барент,Баренц,Barent,ባረንት,بارنت,Բարենտ,Barent,ব্যারেন্ট,Барэнц,Barent,ဘာရင့်စ်,巴倫特,巴伦特,巴倫特,Barent,Barent,Barent,Barent,Sven,Barent,Barents,Barents,ბარენტი,Barent,Μπάρεντ,બેરેન્ટ,בארנט,बैरेंट,Barent,Barent,Barent,Barent,バレント,ಬ್ಯಾರೆಂಟ್,Барент,បារ៉េន,바렌트,Барент,ບາເຣນ,Barents,Barentas,Барент,Barent,ബാറൻ്റ്,बॅरेंट,Барент,बारेन्ट,Barent,بارنت,Barent,Barent,Barent,ਬੈਰੰਟ,Barent,Баренц,Барент,බරෙන්ට්,Barent,Barent,Barent,Barent,Barent,Barent,பேரன்ட்,బారెంట్,Барент,บาเรนต์,Barent,Barent,Барент,Барент,بیرنٹ,Barent,Barent,Barent
first_name_male_sven,Sven,Sven,Свен,Свен,Sven,ስቬን,سفين,Սվեն,Sven,সভেন,Свен,Sven,စဗင်,斯文,斯文,斯文,Sven,Sven,Sven,Sven,Timothy,Sven,Sven,Sven,სვენი,Sven,Σβεν,સ્વેન,סוון,स्वेन,Sven,Sven,Sven,Sven,スヴェン,ಸ್ವೆನ್,Свен,ស្វេន,스벤,Свен,ສະເວນ,Svēns,Svenas,Свен,Sven,സ്വെൻ,स्वेन,Свен,स्भेन,Sven,اسون,Sven,Sven,Sven,ਸਵੈਨ,Sven,Свен,Свен,ස්වෙන්,Sven,Sven,Sven,Sven,Sven,Sven,ஸ்வென்,స్వెన్,Свен,สเวน,Swen,Sven,Свен,Свен,سوین,Sven,Sven,Sven
first_name_male_timothy,Timothy,Timothy,Тимоти,Тимоти,Timothy,ቲሞቲ,تيموثي,Թիմոթի,Timothy,টিমোথি,Цімаці,Timothy,တီမိုသီ,提摩西,蒂莫西,提摩西,Timothy,Timothy,Timothy,Timothy,Jules,Timothy,Timo,Timothée,ტიმოთი,Timothy,Τιμόθεος,ટિમોથી,טימותי,टिमोथी,Timothy,Timothy,Timothy,Timoteo,ティモシー,ಟಿಮೊಥಿ,Тимоти,ទីម៉ូថេ,티모시,Тимоти,ທິໂມທີ,Timotijs,Timotiejus,Тимоти,Timothy,ടിമോത്തി,टिमोथी,Тимоти,टिमोथी,Timothy,تیموتی,Tymoteusz,Timothy,Timothy,ਟਿਮੋਥੀ,Timothy,Тимоти,Тимоти,ටිමොති,Timotej,Timothy,Timothy,Timoteo,Timotheo,Timothy,திமோதி,టిమోథీ,Тимоти,ทิโมธี,Timoti,Timothy,Тимоти,Тімоті,ٹموتھی,Timoti,Timothy,Timothy
first_name_male_jules,Jules,Jules,Жюль,Жюль,Jules,ጁልስ,جول,Ժյուլ,Jules,জুলস,Жуль,Jules,ဂျူးလ်,朱爾斯,朱尔斯,朱爾斯,Jules,Jules,Jules,Jules,Allan,Jules,Jules,Jules,ჟიული,Jules,Ζυλ,જુલ્સ,ז'ול,जूल्स,Jules,Jules,Jules,Jules,ジュールズ,ಜೂಲ್ಸ್,Жюль,ជូល,줄스,Жюль,ຈູນ,Žils,Žiulis,Жил,Jules,ജൂൾസ്,ज्युल्स,Жюль,जुल्स,Jules,ژول,Jules,Jules,Jules,ਜੂਲਸ,Jules,Жюль,Жил,ජූල්ස්,Jules,Jules,Jules,Jules,Jules,Jules,ஜூல்ஸ்,జూల్స్,Жул,จูลส์,Jýul,Jules,Жюль,Жюль,جولز,Jul,Jules,Jules
first_name_male_allan,Allan,Allan,Аллан,Аллан,Allan,አላን,آلان,Ալան,Allan,অ্যালান,Алан,Allan,အလန်,艾倫,艾伦,艾倫,Allan,Allan,Allan,Allan,Bruno,Allan,Allan,Allan,ალანი,Allan,Άλαν,એલન,אלן,एलन,Allan,Allan,Allan,Alan,アラン,ಅಲನ್,Аллан,អាឡាន,앨런,Аллан,ອາລານ,Alans,Alanas,Алан,Allan,അലൻ,अॅलन,Аллан,एलन,Allan,آلن,Alan,Allan,Allan,ਐਲਨ,Allan,Аллан,Алан,ඇලන්,Alan,Allan,Allan,Alan,Alan,Allan,அலன்,అలన్,Аллан,อลัน,Allan,Allan,Аллан,Аллан,ایلن,Allan,Allan,Allan
first_name_male_bruno,Bruno,Bruno,Бруно,Бруно,Bruno,ብሩኖ,برونو,Բրունո,Bruno,ব্রুনো,Бруна,Bruno,ဘရူနို,布魯諾,布鲁诺,布魯諾,Bruno,Bruno,Bruno,Bruno,Gilbert,Bruno,Bruno,Bruno,ბრუნო,Bruno,Μπρούνο,બ્રુનો,ברונו,ब्रूनो,Brunó,Bruno,Bruno,Bruno,ブルーノ,ಬ್ರೂನೋ,Бруно,ប្រ៊ុយណូ,브루노,Бруно,ບຣູໂນ,Bruno,Brunas,Бруно,Bruno,ബ്രൂണോ,ब्रुनो,Бруно,ब्रुनो,Bruno,برونو,Bruno,Bruno,Bruno,ਬਰੂਨੋ,Bruno,Бруно,Бруно,බෲනෝ,Bruno,Bruno,Bruno,Bruno,Bruno,Bruno,புரூனோ,బ్రూనో,Бруно,บรูโน,Bruno,Bruno,Бруно,Бруно,برونو,Bruno,Bruno,Bruno
first_name_male_gilbert,Gilbert,Gilbert,Гилберт,Гилберт,Gilbert,ጊልበርት,جيلبرت,Գիլբերտ,Gilbert,গিলবার্ট,Гілберт,Gilbert,ဂေးလ်ဘတ်,吉伯特,吉尔伯特,吉伯特,Gilbert,Gilbert,Gilbert,Gilbert,Paul,Gilbert,Gilbert,Gilbert,გილბერტი,Gilbert,Γκίλμπερτ,ગિલ્બર્ટ,גילברט,गिल्बर्ट,Gilbert,Gilbert,Gilbert,Gilberto,ギルバート,ಗಿಲ್ಬರ್ಟ್,Гилберт,ហ្គីលប៊ឺត,길버트,Гилберт,ກິນເບີດ,Gilberts,Gilbertas,Гилберт,Gilbert,ഗിൽബർട്ട്,गिल्बर्ट,Гилберт,गिल्बर्ट,Gilbert,گیلبرت,Gilbert,Gilbert,Gilbert,ਗਿਲਬਰਟ,Gilbert,Гилберт,Гилберт,ගිල්බට්,Gilbert,Gilbert,Gilbert,Gilberto,Gilbert,Gilbert,கில்பர்ட்,గిల్బర్ట్,Гилберт,กิลเบิร์ต,Gilbert,Gilbert,Гилберт,Гілберт,گلبرٹ,Gilbert,Gilbert,Gilbert
first_name_male_paul,Paul,Paul,Пол,Пол,Paul,ፖል,بول,Փոլ,Paul,পল,Пол,Paul,ပေါလ်,保羅,保罗,保羅,Paul,Paul,Paul,Paul,Harry,Paul,Pauli,Paul,პოლი,Paul,Παύλος,પોલ,פול,पॉल,Pál,Paul,Paul,Paolo,ポール,ಪಾಲ್,Пол,ប៉ូល,폴,Пол,ພໍ,Pols,Polas,Пол,Paul,പോൾ,पॉल,Пол,पल,Paul,پل,Paweł,Paul,Paul,ਪੌਲ,Paul,Пол,Пол,පෝල්,Pavol,Paul,Paul,Pablo,Paul,Paul,பால்,పాల్,Пол,พอล,Pol,Paul,Пол,Пол,پال,Pol,Paul,Paul
first_name_male_harry,Harry,Harry,Гарри,Гарри,Harry,ሃሪ,هاري,Հարի,Harry,হ্যারি,Гары,Harry,ဟယ်ရီ,哈利,哈里,哈利,Harry,Harry,Harry,Harry,Robin,Harry,Harri,Harry,ჰარი,Harry,Χάρι,હેરી,הארי,हैरी,Harry,Harry,Harry,Harry,ハリー,ಹ್ಯಾರಿ,Гарри,ហារី,해리,Гарри,ແຮຣີ,Harijs,Haris,Хари,Harry,ഹാരി,हॅरी,Гарри,ह्यारी,Harry,هری,Harry,Harry,Harry,ਹੈਰੀ,Harry,Гарри,Хари,හැරී,Harry,Harry,Harry,Harry,Harry,Harry,ஹாரி,హ్యారీ,Ҳаррӣ,แฮร์รี่,Garri,Harry,Гарри,Гаррі,ہیری,Garri,Harry,Harry
first_name_male_robin,Robin,Robin,Робин,Робин,Robin,ሮቢን,روبن,Ռոբին,Robin,রবিন,Робін,Robin,ရော်ဘင်,羅賓,罗宾,羅賓,Robin,Robin,Robin,Robin,Edwin,Robin,Robin,Robin,რობინი,Robin,Ρόμπιν,રોબિન,רובין,रॉबिन,Robin,Robin,Robin,Robin,ロビン,ರಾಬಿನ್,Робин,រ៉ូប៊ីន,로빈,Робин,ໂຣບິນ,Robins,Robinas,Робин,Robin,റോബിൻ,रॉबिन,Робин,रोबिन,Robin,رابین,Robin,Robin,Robin,ਰੌਬਿਨ,Robin,Робин,Робин,රොබින්,Robin,Robin,Robin,Robin,Robin,Robin,ராபின்,రాబిన్,Робин,โรบิน,Robin,Robin,Робин,Робін,رابن,Robin,Robin,Robin
first_name_male_edwin,Edwin,Edwin,Эдвин,Эдвин,Edwin,ኤድዊን,إدوين,Էդվին,Edwin,এডউইন,Эдвін,Edwin,အဒ်ဝင်,艾德溫,埃德温,艾德溫,Edwin,Edwin,Edwin,Edwin,Alex,Edwin,Edvin,Edwin,ედვინი,Edwin,Έντγουιν,એડવિન,אדווין,एडविन,Edwin,Edwin,Edwin,Edwin,エドウィン,ಎಡ್ವಿನ್,Эдвин,អេដវីន,에드윈,Эдвин,ເອດວິນ,Edvins,Edvinas,Едвин,Edwin,എഡ്വിൻ,एडविन,Эдвин,एडविन,Edwin,ادوین,Edwin,Edwin,Edwin,ਐਡਵਿਨ,Edwin,Эдвин,Едвин,එඩ්වින්,Edwin,Edwin,Edwin,Edwin,Edwin,Edwin,எட்வின்,ఎడ్విన్,Эдвин,เอ็ดวิน,Edwin,Edwin,Эдвин,Едвін,ایڈون,Edvin,Edwin,Edwin
first_name_male_alex,Alex,Alex,Алекс,Алекс,Alex,አሌክስ,أليكس,Ալեքս,Alex,অ্যালেক্স,Алекс,Alex,အဲလက်ခ်စ်,艾力克斯,亚历克斯,艾力克斯,Alex,Alex,Alex,Alex,Hudson,Alex,Aleksi,Alex,ალექსი,Alex,Άλεξ,એલેક્સ,אלכס,एलेक्स,Alex,Alex,Alex,Alex,アレックス,ಅಲೆಕ್ಸ್,Алекс,អាឡិច,알렉스,Алекс,ອາເລັກ,Alekss,Aleksas,Алекс,Alex,അലക്സ്,अॅलेक्स,Алекс,एलेक्स,Alex,الکس,Alex,Alex,Alex,ਐਲੈਕਸ,Alex,Алекс,Алекс,ඇලෙක්ස්,Alex,Alex,Alex,Alex,Alex,Alex,அலெக்ஸ்,అలెక్స్,Алекс,อเล็กซ์,Aleks,Alex,Алекс,Алекс,ایلیکس,Aleks,Alex,Alex
first_name_male_hudson,Hudson,Hudson,Хадсон,Гудзон,Hudson,ሃድሰን,هدسون,Հադսոն,Hudson,হাডসন,Хадсан,Hudson,ဟတ်ဆန်,哈德森,哈德森,哈德森,Hudson,Hudson,Hudson,Hudson,Clark,Hudson,Hudson,Hudson,ჰადსონი,Hudson,Χάντσον,હડસન,הדסון,हडसन,Hudson,Hudson,Hudson,Hudson,ハドソン,ಹಡ್ಸನ್,Хадсон,ហាដសុន,허드슨,Хадсон,ຮັດສັນ,Hadsons,Hadsonas,Хадсон,Hudson,ഹഡ്സൺ,हडसन,Хадсон,हडसन,Hudson,هادسون,Hudson,Hudson,Hudson,ਹਡਸਨ,Hudson,Гудзон,Хадсон,හඩ්සන්,Hudson,Hudson,Hudson,Hudson,Hudson,Hudson,ஹட்சன்,హడ్సన్,Ҳадсон,ฮัดสัน,Hadson,Hudson,Хадсон,Гадсон,ہڈسن,Xadson,Hudson,Hudson
first_name_male_clark,Clark,Clark,Кларк,Кларк,Clark,ክላርክ,كلارك,Քլարկ,Clark,ক্লার্ক,Кларк,Clark,ကလာ့ခ်,克拉克,克拉克,克拉克,Clark,Clark,Clark,Clark,Lewis,Clark,Clark,Clark,კლარკი,Clark,Κλαρκ,ક્લાર્ક,קלארק,क्लार्क,Clark,Clark,Clark,Clark,クラーク,ಕ್ಲಾರ್ಕ್,Кларк,ក្លាក,클라크,Кларк,ຄາຣ໌ກ,Klarks,Klerkas,Кларк,Clark,ക്ലാർക്ക്,क्लार्क,Кларк,क्लार्क,Clark,کلارک,Clark,Clark,Clark,ਕਲਾਰਕ,Clark,Кларк,Кларк,ක්ලාක්,Clark,Clark,Clark,Clark,Clark,Clark,கிளார்க்,క్లార్క్,Кларк,คลาร์ก,Clark,Clark,Кларк,Кларк,کلارک,Klark,Clark,Clark
first_name_male_lewis,Lewis,Lewis,Льюис,Льюис,Lewis,ሉዊስ,لويس,Լյուիս,Lewis,লুইস,Льюіс,Lewis,လူးဝစ်စ်,路易斯,刘易斯,路易斯,Lewis,Lewis,Lewis,Lewis,Byrd,Lewis,Lewis,Lewis,ლუისი,Lewis,Λιούις,લુઇસ,לואיס,लुईस,Lewis,Lewis,Lewis,Luigi,ルイス,ಲೂಯಿಸ್,Льюис,ល្វីស,루이스,Льюис,ຫຼຸຍສ໌,Lūiss,Liudvikas,Луис,Lewis,ലൂയിസ്,लुईस,Льюис,लुइस,Lewis,لوئیس,Lewis,Lewis,Lewis,ਲੂਈਸ,Lewis,Льюис,Луис,ලුවිස්,Lewis,Lewis,Lewis,Lewis,Lewis,Lewis,லூயிஸ்,లూయిస్,Луис,ลูอิส,Luis,Lewis,Льюис,Льюїс,لیوس,Luis,Lewis,Lewis
first_name_male_byrd,Byrd,Byrd,Берд,Бёрд,Byrd,ቤርድ,بيرد,Բյորդ,Byrd,বার্ড,Бёрд,Byrd,ဘာ့ဒ်,伯德,伯德,伯德,Byrd,Byrd,Byrd,Byrd,Cook,Byrd,Byrd,Byrd,ბირდი,Byrd,Μπερντ,બર્ડ,בירד,बर्ड,Byrd,Byrd,Byrd,Byrd,バード,ಬೈರ್ಡ್,Берд,បឺដ,버드,Берд,ເບີດ,Bērds,Berdis,Берд,Byrd,ബേർഡ്,बर्ड,Берд,बर्ड,Byrd,برد,Byrd,Byrd,Byrd,ਬਰਡ,Byrd,Бёрд,Берд,බර්ඩ්,Byrd,Byrd,Byrd,Byrd,Byrd,Byrd,பைர்ட்,బైర్డ్,Берд,เบิร์ด,Berd,Byrd,Берд,Берд,برڈ,Berd,Byrd,Byrd
first_name_male_cook,Cook,Cook,Кук,Кук,Cook,ኩክ,كوك,Քուկ,Cook,কুক,Кук,Cook,ကက်ခ်,庫克,库克,庫克,Cook,Cook,Cook,Cook,Vancouver,Cook,Cook,Cook,კუკი,Cook,Κουκ,કૂક,קוק,कुक,Cook,Cook,Cook,Cook,クック,ಕುಕ್,Кук,គុក,쿡,Кук,ຄຸກ,Kuks,Kukas,Кук,Cook,കുക്ക്,कुक,Кук,कुक,Cook,کوک,Cook,Cook,Cook,ਕੁੱਕ,Cook,Кук,Кук,කුක්,Cook,Cook,Cook,Cook,Cook,Cook,குக்,కుక్,Кук,คุก,Kuk,Cook,Кук,Кук,کک,Kuk,Cook,Cook
first_name_male_vancouver,Vancouver,Vancouver,Ванкувер,Ванкувер,Vancouver,ቫንኩቨር,فانكوفر,Վանկուվեր,Vancouver,ভ্যাঙ্কুভার,Ванкувер,Vancouver,ဗန်ကူးဗား,溫哥華,温哥华,溫哥華,Vancouver,Vancouver,Vancouver,Vancouver,Shepard,Vancouver,Vancouver,Vancouver,ვანკუვერი,Vancouver,Βανκούβερ,વાનકુવર,ונקובר,वैंकूवर,Vancouver,Vancouver,Vancouver,Vancouver,バンクーバー,ವ್ಯಾಂಕೋವರ್,Ванкувер,វ៉ានគូវែរ,밴쿠버,Ванкувер,ແວນຄູເວີ,Vankūvera,Vankuveris,Ванкувер,Vancouver,വാൻകൂവർ,व्हँकुव्हर,Ванкувер,भानकुभर,Vancouver,ونکوور,Vancouver,Vancouver,Vancouver,ਵੈਨਕੂਵਰ,Vancouver,Ванкувер,Ванкувер,වැන්කුවර්,Vancouver,Vancouver,Vancouver,Vancouver,Vancouver,Vancouver,வான்கூவர்,వాంకోవర్,Ванкувер,แวนคูเวอร์,Wankuwer,Vancouver,Ванкувер,Ванкувер,وینکوور,Vankuver,Vancouver,Vancouver
first_name_male_shepard,Shepard,Shepard,Шепард,Шепард,Shepard,ሼፓርድ,شيبارد,Շեփարդ,Shepard,শেপার্ড,Шэпард,Shepard,ရှက်ပါ့ဒ်,謝潑德,谢泼德,謝潑德,Shepard,Shepard,Shepard,Shepard,Victoria,Shepard,Shepard,Shepard,შეპარდი,Shepard,Σέπαρντ,શેપાર્ડ,שפרד,शेपर्ड,Shepard,Shepard,Shepard,Shepard,シェパード,ಶೆಪರ್ಡ್,Шепард,ស៊ីផាត,셰퍼드,Шепард,ຊີເພີດ,Šepards,Šepardas,Шепард,Shepard,ഷെപ്പേർഡ്,शेपर्ड,Шепард,सेफर्ड,Shepard,شپارد,Shepard,Shepard,Shepard,ਸ਼ੈਪਰਡ,Shepard,Шепард,Шепард,ෂෙපර්ඩ්,Shepard,Shepard,Shepard,Shepard,Shepard,Shepard,ஷெப்பர்ட்,షెపర్డ్,Шепард,เชพเพิร์ด,Şepard,Shepard,Шепард,Шепард,شیپارڈ,Shepard,Shepard,Shepard
first_name_female_victoria,Victoria,Victoria,Виктория,Виктория,Victoria,ቪክቶሪያ,فيكتوريا,Վիկտորիա,Victoria,ভিক্টোরিয়া,Вікторыя,Victoria,ဗစ်တိုးရီးယား,維多利亞,维多利亚,維多利亞,Victoria,Victoria,Victoria,Victoria,Alexandra,Victoria,Viktoria,Victoria,ვიქტორია,Victoria,Βικτώρια,વિક્ટોરિયા,ויקטוריה,विक्टोरिया,Viktória,Victoria,Victoria,Vittoria,ビクトリア,ವಿಕ್ಟೋರಿಯಾ,Виктория,វីកតូរីយ៉ា,빅토리아,Виктория,ວິກໂຕເຣຍ,Viktorija,Viktorija,Викторија,Victoria,വിക്ടോറിയ,व्हिक्टोरिया,Виктория,भिक्टोरिया,Victoria,ویکتوریا,Wiktoria,Victoria,Victoria,ਵਿਕਟੋਰੀਆ,Victoria,Виктория,Викторија,වික්ටෝරියා,Viktória,Victoria,Victoria,Victoria,Victoria,Victoria,விக்டோரியா,విక్టోరియా,Виктория,วิกตอเรีย,Wiktorýa,Victoria,Виктория,Вікторія,وکٹوریہ,Viktoriya,Victoria,Victoria
first_name_female_alexandra,Alexandra,Alexandra,Александра,Александра,Alexandra,አሌክሳንድራ,ألكسندرا,Ալեքսանդրա,Alexandra,আলেকজান্দ্রা,Аляксандра,Alexandra,အဲလက်ဇန်းဒါး,亞歷山德拉,亚历山德拉,亞歷山德拉,Alexandra,Alexandra,Alexandra,Alexandra,Amelia,Alexandra,Alexandra,Alexandra,ალექსანდრა,Alexandra,Αλεξάνδρα,એલેક્ઝાન્ડ્રા,אלכסנדרה,एलेक्जेंड्रा,Alexandra,Alexandra,Alexandra,Alessandra,アレクサンドラ,ಅಲೆಕ್ಸಾಂಡ್ರಾ,Александра,អាឡិចសាន់ឌ្រា,알렉산드라,Александра,ອາເລັກຊານດຣາ,Aleksandra,Aleksandra,Александра,Alexandra,അലക്സാണ്ട്ര,अलेक्झांड्रा,Александра,अलेक्जेन्ड्रा,Alexandra,الکساندرا,Aleksandra,Alexandra,Alexandra,ਅਲੈਗਜ਼ੈਂਡਰਾ,Alexandra,Александра,Александра,ඇලෙක්සැන්ඩ්‍රා,Alexandra,Alexandra,Alexandra,Alejandra,Alexandra,Alexandra,அலெக்சாண்ட்ரா,అలెగ్జాండ్రా,Александра,อเล็กซานดรา,Aleksandra,Alexandra,Александра,Александра,الیگزینڈرا,Aleksandra,Alexandra,Alexandra
first_name_female_amelia,Amelia,Amelia,Амелия,Амелия,Amelia,አሚሊያ,أميليا,Ամելիա,Amelia,আমেলিয়া,Амелія,Amelia,အမီးလီးယား,艾蜜莉亞,艾米莉亚,艾蜜莉亞,Amelia,Amelia,Amelia,Amelia,Isabella,Amelia,Amelia,Amélie,ამელია,Amelia,Αμέλια,એમેલિયા,אמיליה,अमेलिया,Amelia,Amelia,Amelia,Amelia,アメリア,ಅಮೇಲಿಯಾ,Амелия,អាមេលីយ៉ា,아멜리아,Амелия,ອາເມເລຍ,Amēlija,Amelija,Амелија,Amelia,അമേലിയ,अमेलिया,Амелия,अमेलिया,Amelia,آملیا,Amelia,Amelia,Amelia,ਅਮੇਲੀਆ,Amelia,Амелия,Амелија,ඇමීලියා,Amélia,Amelia,Amelia,Amelia,Amelia,Amelia,அமேலியா,అమేలియా,Амелия,อมีเลีย,Ameliýa,Amelia,Амелия,Амелія,امیلیا,Ameliya,Amelia,Amelia
first_name_female_isabella,Isabella,Isabella,Изабелла,Изабелла,Isabella,ኢዛቤላ,إيزابيلا,Իզաբելլա,Isabella,ইসাবেলা,Ізабела,Isabella,အီဇာဘဲလ်လာ,伊莎貝拉,伊莎贝拉,伊莎貝拉,Isabella,Isabella,Isabella,Isabella,Mary,Isabella,Isabella,Isabelle,იზაბელა,Isabella,Ισαβέλλα,ઇસાબેલા,איזבלה,इसाबेला,Izabella,Isabella,Isabella,Isabella,イザベラ,ಇಸಾಬೆಲ್ಲಾ,Изабелла,អ៊ីសាបេឡា,이사벨라,Изабелла,ອີຊາເບລາ,Izabella,Izabelė,Изабела,Isabella,ഇസബെല്ല,इसाबेला,Изабелла,इसाबेला,Isabella,ایزابلا,Izabella,Isabella,Isabella,ਇਜ਼ਾਬੇਲਾ,Isabella,Изабелла,Изабела,ඉසබෙලා,Izabela,Isabella,Isabella,Isabel,Isabella,Isabella,இசபெல்லா,ఇసాబెల్లా,Изабелла,อิซาเบลลา,Izabella,Isabella,Изабелла,Ізабелла,ازابیلا,Izabella,Isabella,Isabella
first_name_female_mary,Mary,Mary,Мэри,Мэри,Mary,ሜሪ,ماري,Մերի,Mary,মেরি,Мэры,Mary,မေရီ,瑪麗,玛丽,瑪麗,Mary,Mary,Mary,Mary,Laura,Mary,Maria,Marie,მერი,Mary,Μαρία,મેરી,מרי,मैरी,Mária,Mary,Mary,Maria,メアリー,ಮೇರಿ,Мэри,ម៉ារី,메리,Мэри,ແມຣີ,Marija,Marija,Мери,Mary,മേരി,मेरी,Мэри,मेरी,Mary,مری,Maria,Mary,Mary,ਮੈਰੀ,Mary,Мэри,Мери,මේරි,Mária,Mary,Mary,María,Mary,Mary,மேரி,మేరీ,Мэри,แมรี่,Merý,Mary,Мэри,Мері,میری,Meri,Mary,Mary
first_name_female_laura,Laura,Laura,Лаура,Лаура,Laura,ሎራ,لورا,Լաուրա,Laura,লরা,Лора,Laura,လော်ရာ,勞拉,劳拉,勞拉,Laura,Laura,Laura,Laura,Anna,Laura,Laura,Laura,ლორა,Laura,Λώρα,લૌરા,לורה,लौरा,Laura,Laura,Laura,Laura,ローラ,ಲಾರಾ,Лаура,ឡូរ៉ា,로라,Лаура,ລໍຣາ,Laura,Laura,Лора,Laura,ലോറ,लॉरा,Лаура,लौरा,Laura,لورا,Laura,Laura,Laura,ਲੌਰਾ,Laura,Лаура,Лора,ලෝරා,Laura,Laura,Laura,Laura,Laura,Laura,லாரா,లారా,Лаура,ลอร่า,Laura,Laura,Лора,Лора,لورا,Laura,Laura,Laura
first_name_female_anna,Anna,Anna,Анна,Анна,Anna,አና,آنا,Աննա,Anna,আনা,Ганна,Anna,အန်နာ,安娜,安娜,安娜,Anna,Anna,Anna,Anna,Maria,Anna,Anna,Anne,ანა,Anna,Άννα,એના,אנה,अन्ना,Anna,Anna,Anna,Anna,アンナ,ಅನ್ನಾ,Анна,អាន់ណា,안나,Анна,ອານາ,Anna,Ana,Ана,Anna,അന്ന,अण्णा,Анна,अन्ना,Anna,آنا,Anna,Anna,Anna,ਅੰਨਾ,Anna,Анна,Ана,ඇනා,Anna,Anna,Anna,Ana,Anna,Anna,அண்ணா,అన్నా,Анна,แอนนา,Anna,Anna,Анна,Анна,انا,Anna,Anna,Anna
first_name_female_maria,Maria,Maria,Мария,Мария,Maria,ማሪያ,ماريا,Մարիա,Maria,মারিয়া,Марыя,Maria,မာရီယာ,瑪麗亞,玛丽亚,瑪麗亞,Maria,Maria,Maria,Maria,Elena,Maria,Maria,Maria,მარია,Maria,Μαρία,મારિયા,מריה,मारिया,Mária,Maria,Maria,Maria,マリア,ಮಾರಿಯಾ,Мария,ម៉ារីយ៉ា,마리아,Мария,ມາເຣຍ,Marija,Marija,Марија,Maria,മരിയ,मारिया,Мария,मारिया,Maria,ماریا,Maria,Maria,Maria,ਮਾਰੀਆ,Maria,Мария,Марија,මරියා,Mária,Maria,Maria,María,Maria,Maria,மரியா,మరియా,Мария,มาเรีย,Mariýa,Maria,Мария,Марія,ماریا,Mariya,Maria,Maria
first_name_female_elena,Elena,Elena,Елена,Елена,Elena,ኤሌና,إيلينا,Ելենա,Elena,এলেনা,Алена,Elena,အယ်လီနာ,艾琳娜,艾琳娜,艾琳娜,Elena,Elena,Elena,Elena,Alice,Elena,Helena,Hélène,ელენა,Elena,Έλενα,એલેના,אלנה,ऐलेना,Ilona,Elena,Elena,Elena,エレナ,ಎಲೆನಾ,Элена,អេឡេណា,엘레나,Элена,ເອເລນາ,Jeļena,Elena,Елена,Elena,എലീന,एलेना,Элена,एलेना,Elena,النا,Helena,Elena,Elena,ਏਲੇਨਾ,Elena,Елена,Елена,එලේනා,Elena,Elena,Elena,Elena,Elena,Elena,எலேனா,ఎలెనా,Елена,เอเลน่า,Elena,Elena,Елена,Елена,ایلینا,Yelena,Elena,Elena
first_name_female_alice,Alice,Alice,Алиса,Алиса,Alice,አሊስ,أليس,Ալիս,Alice,অ্যালিস,Аліса,Alice,အဲလစ်,愛麗絲,爱丽丝,愛麗絲,Alice,Alice,Alice,Alice,Sofia,Alice,Aliisa,Alice,ელისი,Alice,Αλίκη,એલિસ,אליס,ऐलिस,Alice,Alice,Alice,Alice,アリス,ಆಲಿಸ್,Алиса,អាលីស,앨리스,Алиса,ອາລິສ,Alise,Alisa,Алис,Alice,ആലീസ്,अॅलिस,Алиса,एलिस,Alice,آلیس,Alicja,Alice,Alice,ਐਲਿਸ,Alice,Алиса,Алис,ඇලිස්,Alice,Alice,Alice,Alicia,Alice,Alice,ஆலிஸ்,ఆలిస్,Алис,อลิซ,Alis,Alice,Алиса,Аліса,ایلس,Elis,Alice,Alice
first_name_female_sofia,Sofia,Sofia,София,София,Sofia,ሶፊያ,صوفيا,Սոֆիա,Sofia,সোফিয়া,Сафія,Sofia,ဆိုဖီးယား,蘇菲亞,索菲亚,蘇菲亞,Sofia,Sofia,Sofia,Sofia,Diana,Sofia,Sofia,Sophie,სოფია,Sofia,Σοφία,સોફિયા,סופיה,सोफिया,Szófia,Sofia,Sofia,Sofia,ソフィア,ಸೋಫಿಯಾ,София,សូហ្វីយ៉ា,소피아,София,ໂຊເຟຍ,Sofija,Sofija,Софија,Sofia,സോഫിയ,सोफिया,София,सोफिया,Sofia,سوفیا,Zofia,Sofia,Sofia,ਸੋਫੀਆ,Sofia,София,Софија,සොෆියා,Sofia,Sofia,Sofia,Sofía,Sofia,Sofia,சோஃபியா,సోఫియా,София,โซเฟีย,Sofiýa,Sofia,София,Софія,سوفیا,Sofiya,Sofia,Sofia
first_name_female_diana,Diana,Diana,Диана,Диана,Diana,ዲያና,ديانا,Դիանա,Diana,ডায়ানা,Дыяна,Diana,ဒိုင်ယာနာ,黛安娜,黛安娜,黛安娜,Diana,Diana,Diana,Diana,Emma,Diana,Diana,Diane,დიანა,Diana,Νταϊάνα,ડાયના,דיאנה,डायना,Diána,Diana,Diana,Diana,ダイアナ,ಡಯಾನಾ,Диана,ដាយអាណា,다이애나,Диана,ໄດອານາ,Diāna,Diana,Дајана,Diana,ഡയാന,डायना,Диана,डायना,Diana,دیانا,Diana,Diana,Diana,ਡਾਇਆਨਾ,Diana,Диана,Дајана,ඩයනා,Diana,Diana,Diana,Diana,Diana,Diana,டயானா,డయానా,Диана,ไดอาน่า,Diana,Diana,Диана,Діана,ڈیانا,Diana,Diana,Diana
first_name_female_emma,Emma,Emma,Эмма,Эмма,Emma,ኤማ,إيما,Էմմա,Emma,এমা,Эма,Emma,အမ်မာ,艾瑪,艾玛,艾瑪,Emma,Emma,Emma,Emma,Julia,Emma,Emma,Emma,ემა,Emma,Έμμα,એમ્મા,אמה,एम्मा,Emma,Emma,Emma,Emma,エマ,ಎಮ್ಮ,Эмма,អេម៉ា,엠마,Эмма,ເອມມາ,Emma,Ema,Ема,Emma,എമ്മ,एम्मा,Эмма,एम्मा,Emma,اما,Emma,Emma,Emma,ਐਮਾ,Emma,Эмма,Ема,එම්මා,Emma,Emma,Emma,Emma,Emma,Emma,எம்மா,ఎమ్మా,Эмма,เอ็มม่า,Emma,Emma,Эмма,Емма,ایما,Emma,Emma,Emma
first_name_female_julia,Julia,Julia,Джулия,Юлия,Julia,ጁሊያ,جوليا,Ջուլիա,Julia,জুলিয়া,Джулія,Julia,ဂျူလီယာ,茱莉亞,朱莉娅,茱莉亞,Julia,Julia,Julia,Julia,Olivia,Julia,Julia,Julie,ჯულია,Julia,Ιουλία,જુલિયા,ג'וליה,जूलिया,Júlia,Julia,Julia,Giulia,ジュリア,ಜೂಲಿಯಾ,Джулия,ជូលីយ៉ា,줄리아,Жулия,ຈູເລຍ,Jūlija,Julija,Џулија,Julia,ജൂലിയ,ज्युलिया,Жулия,जुलिया,Julia,جولیا,Julia,Julia,Julia,ਜੂਲੀਆ,Julia,Юлия,Џулија,ජූලියා,Júlia,Julia,Julia,Julia,Julia,Julia,ஜூலியா,జూలియా,Ҷулия,จูเลีย,Julia,Julia,Джулия,Джулія,جولیا,Yuliya,Julia,Julia
first_name_female_olivia,Olivia,Olivia,Оливия,Оливия,Olivia,ኦሊቪያ,أوليفيا,Օլիվիա,Olivia,অলিভিয়া,Алівія,Olivia,အိုလီးဗီယား,奧莉維亞,奥利维亚,奧莉維亞,Olivia,Olivia,Olivia,Olivia,Stella,Olivia,Olivia,Olivia,ოლივია,Olivia,Ολίβια,ઓલિવિયા,אוליביה,ओलिविया,Olívia,Olivia,Olivia,Olivia,オリビア,ಒಲಿವಿಯಾ,Оливия,អូលីវីយ៉ា,올리비아,Оливия,ໂອລິເວຍ,Olīvija,Olivija,Оливија,Olivia,ഒലിവിയ,ऑलिव्हिया,Оливия,ओलिभिया,Olivia,اولیویا,Oliwia,Olivia,Olivia,ਆਲੀਵੀਆ,Olivia,Оливия,Оливија,ඔලිවියා,Olivia,Olivia,Olivia,Olivia,Olivia,Olivia,ஒலிவியா,ఒలివియా,Оливия,โอลิเวีย,Oliwiýa,Olivia,Оливия,Олівія,اولیویا,Oliviya,Olivia,Olivia
first_name_female_stella,Stella,Stella,Стелла,Стелла,Stella,ስቴላ,ستيلا,Ստելլա,Stella,স্টেলা,Стэла,Stella,စတီလာ,史黛拉,斯特拉,史黛拉,Stella,Stella,Stella,Stella,Grace,Stella,Stella,Stella,სტელა,Stella,Στέλλα,સ્ટેલા,סטלה,स्टेला,Stella,Stella,Stella,Stella,ステラ,ಸ್ಟೆಲ್ಲಾ,Стелла,ស្តេឡា,스텔라,Стелла,ສະເຕລາ,Stella,Stela,Стела,Stella,സ്റ്റെല്ല,स्टेला,Стелла,स्टेला,Stella,استلا,Stella,Stella,Stella,ਸਟੈਲਾ,Stella,Стелла,Стела,ස්ටෙලා,Stella,Stella,Stella,Stella,Stella,Stella,ஸ்டெல்லா,స్టెల్లా,Стелла,สเตลล่า,Stella,Stella,Стелла,Стелла,سٹیلا,Stella,Stella,Stella
first_name_female_grace,Grace,Grace,Грейс,Грейс,Grace,ግሬስ,غريس,Գրեյս,Grace,গ্রেস,Грэйс,Grace,ဂရေ့စ်,葛蕾絲,格蕾丝,葛蕾絲,Grace,Grace,Grace,Grace,Florence,Grace,Grace,Grâce,გრეისი,Grace,Γκρέις,ગ્રેસ,גרייס,ग्रेस,Grace,Grace,Grace,Grazia,グレース,ಗ್ರೇಸ್,Грейс,ហ្គ្រេស,그레이스,Грейс,ເກຣສ,Greisa,Greisė,Грејс,Grace,ഗ്രേസ്,ग्रेस,Грейс,ग्रेस,Grace,گریس,Grace,Grace,Grace,ਗ੍ਰੇਸ,Grace,Грейс,Грејс,ග්‍රේස්,Grace,Grace,Grace,Grace,Grace,Grace,கிரேஸ்,గ్రేస్,Грейс,เกรซ,Greýs,Grace,Грейс,Грейс,گریس,Greys,Grace,Grace
first_name_female_florence,Florence,Florence,Флоренс,Флоренс,Florence,ፍሎረንስ,فلورنس,Ֆլորենս,Florence,ফ্লোরেন্স,Фларэнс,Florence,ဖလော်ရန့်စ်,佛羅倫斯,弗洛伦斯,佛羅倫斯,Florence,Florence,Florence,Florence,Gertrude,Florence,Florence,Florence,ფლორენსი,Florence,Φλωρεντία,ફ્લોરેન્સ,פלורנס,फ्लोरेंस,Florence,Florence,Florence,Florence,フローレンス,ಫ್ಲಾರೆನ್ಸ್,Флоренс,ហ្វ្លរិន,플로렌스,Флоренс,ຟລໍເຣນ,Florence,Florencija,Флоренс,Florence,ഫ്ലോറൻസ്,फ्लोरेन्स,Флоренс,फ्लोरेन्स,Florence,فلورانس,Florencja,Florence,Florence,ਫਲੋਰੈਂਸ,Florence,Флоренс,Флоренс,ෆ්ලෝරන්ස්,Florence,Florence,Florence,Florencia,Florence,Florence,புளோரன்ஸ்,ఫ్లోరెన్స్,Флоренс,ฟลอเรนซ์,Florens,Florence,Флоренс,Флоренс,فلورنس,Florens,Florence,Florence
first_name_female_gertrude,Gertrude,Gertrude,Гертруда,Гертруда,Gertrude,ገርትሩድ,غيرترود,Գերտրուդ,Gertrude,গারট্রুড,Гертруда,Gertrude,ဂါးထရုဒ်,格特魯德,格特鲁德,格特魯德,Gertrude,Gertrude,Gertrude,Gertrude,Ida,Gertrude,Gertrud,Gertrude,გერტრუდა,Gertrude,Γερτρούδη,ગર્ટ્રુડ,גרטרוד,गर्ट्रूड,Gertrúd,Gertrude,Gertrude,Gertrude,ガートルード,ಗರ್ಟ್ರೂಡ್,Гертруда,ហ្គឺទ្រូដ,거트루드,Гертруда,ເກີດຣູດ,Gertrūde,Gertrūda,Гертруда,Gertrude,ഗെർട്രൂഡ്,गर्ट्रूड,Гертруда,गर्ट्रुड,Gertrude,گرترود,Gertruda,Gertrude,Gertrude,ਗਰਟਰੂਡ,Gertrude,Гертруда,Гертруда,ගර්ට්රූඩ්,Gertrúda,Gertrude,Gertrude,Gertrudis,Gertrude,Gertrude,கெர்ட்ரூட்,గెర్ట్రూడ్,Гертруда,เกอร์ทรูด,Gertruda,Gertrude,Гертруда,Гертруда,گرٹروڈ,Gertruda,Gertrude,Gertrude
first_name_female_ida,Ida,Ida,Айда,Ида,Ida,አይዳ,إيدا,Իդա,Ida,আইডা,Айда,Ida,အိုင်ဒါ,艾達,艾达,艾達,Ida,Ida,Ida,Ida,Hester,Ida,Ida,Ida,აიდა,Ida,Ίντα,આઇડા,איידה,आइडा,Ida,Ida,Ida,Ida,アイダ,ಐಡಾ,Айда,អាយដា,아이다,Айда,ໄອດາ,Ida,Ida,Ида,Ida,ഐഡ,आयडा,Айда,आइडा,Ida,آیدا,Ida,Ida,Ida,ਆਈਡਾ,Ida,Ида,Ида,අයිඩා,Ida,Ida,Ida,Ida,Ida,Ida,ஐடா,ఐడా,Ида,ไอดา,Ida,Ida,Айда,Айда,آئیڈا,Ida,Ida,Ida
first_name_female_hester,Hester,Hester,Хестер,Эстер,Hester,ሄስተር,هيستر,Հեսթեր,Hester,হেস্টার,Эстэр,Hester,ဟက်စ်တာ,赫斯特,赫斯特,赫斯特,Hester,Hester,Hester,Hester,Louise,Hester,Hester,Hester,ჰესტერი,Hester,Έστερ,હેસ્ટર,הסטר,हेस्टर,Hester,Hester,Hester,Ester,ヘスター,ಹೆಸ್ಟರ್,Хестер,ហេស្ទឺ,헤스터,Хестер,ເຮສເຕີ,Hestere,Hesterė,Хестер,Hester,ഹെസ്റ്റർ,हेस्टर,Хестер,हेस्टर,Hester,هستر,Hester,Hester,Hester,ਹੇਸਟਰ,Hester,Эстер,Хестер,හෙස්ටර්,Hester,Hester,Hester,Hester,Hester,Hester,ஹெஸ்டர்,హెస్టర్,Ҳестер,เฮสเตอร์,Hester,Hester,Хестер,Естер,ہیسٹر,Hester,Hester,Hester
first_name_female_louise,Louise,Louise,Луиза,Луиза,Louise,ሉዊዝ,لويز,Լուիզ,Louise,লুইস,Луіза,Louise,လူးဝစ်,路易絲,路易丝,路易絲,Louise,Louise,Louise,Louise,Harriet,Louise,Louise,Louise,ლუიზი,Louise,Λουίζα,લુઇસ,לואיז,लुईस,Lujza,Louise,Louise,Luisa,ルイーズ,ಲೂಯಿಸ್,Луиза,ល្វីស,루이즈,Луиза,ຫຼຸຍສ໌,Lūīze,Luizė,Луиз,Louise,ലൂയിസ്,लुईस,Луиза,लुइस,Louise,لوئیز,Ludwika,Louise,Louise,ਲੂਈਸ,Louise,Луиза,Луиз,ලුයිස්,Louisa,Louise,Louise,Luisa,Louise,Louise,லூயிஸ்,లూయిస్,Луиза,หลุยส์,Luiza,Louise,Луиза,Луїза,لوئیس,Luiza,Louise,Louise
first_name_female_harriet,Harriet,Harriet,Гарриет,Гарриет,Harriet,ሃሪኤት,هارييت,Հարիեթ,Harriet,হ্যারিয়েট,Гарыет,Harriet,ဟယ်ရီအက်,哈里特,哈里特,哈里特,Harriet,Harriet,Harriet,Harriet,May,Harriet,Harriet,Harriet,ჰარიეტი,Harriet,Χάριετ,હેરિએટ,הרייט,हैरियट,Harriet,Harriet,Harriet,Harriet,ハリエット,ಹ್ಯಾರಿಯೆಟ್,Гарриет,ហារីអែត,해리엣,Гарриет,ແຮຣີເອດ,Herieta,Harrietė,Хариет,Harriet,ഹാരിയറ്റ്,हॅरिएट,Харриет,ह्यारिएट,Harriet,هریت,Harriet,Harriet,Harriet,ਹੈਰੀਏਟ,Harriet,Гарриет,Харијет,හැරියට්,Harriet,Harriet,Harriet,Harriet,Harriet,Harriet,ஹாரியட்,హ్యారియెట్,Ҳарриет,แฮเรียต,Garriet,Harriet,Гарриет,Гаррієт,ہیریئٹ,Gariet,Harriet,Harriet
first_name_female_may,May,May,Мэй,Мэй,May,ሜይ,ماي,Մեյ,May,মে,Мэй,May,မေ,梅,梅,梅,May,May,May,May,Sally,May,May,May,მეი,May,Μέι,મે,מיי,मे,Máj,May,May,May,メイ,ಮೇ,Мэй,ម៉េយ,메이,Мэй,ເມ,Meja,Mėja,Меј,May,മേയ്,मे,Мэй,मे,May,می,May,May,May,ਮੇ,May,Мэй,Меј,මේ,May,May,May,May,May,May,மே,మే,Мей,เมย์,Meý,May,Мэй,Мей,مے,Mey,May,May
first_name_female_sally,Sally,Sally,Салли,Салли,Sally,ሳሊ,سالي,Սալլի,Sally,স্যালি,Салі,Sally,ဆယ်လီ,莎莉,莎莉,莎莉,Sally,Sally,Sally,Sally,Valentina,Sally,Sally,Sally,სალი,Sally,Σάλι,સેલી,סאלי,सैली,Sally,Sally,Sally,Sally,サリー,ಸ್ಯಾಲಿ,Салли,សាលី,샐리,Салли,ແຊລີ,Sallija,Sali,Сали,Sally,സാലി,सॅली,Салли,स्याली,Sally,سالی,Sally,Sally,Sally,ਸੈਲੀ,Sally,Салли,Сали,සැලී,Sally,Sally,Sally,Sally,Sally,Sally,சாலி,సాలీ,Салли,แซลลี่,Sally,Sally,Салли,Саллі,سیلی,Salli,Sally,Sally
first_name_female_valentina,Valentina,Valentina,Валентина,Валентина,Valentina,ቫለንቲና,فالنتينا,Վալենտինա,Valentina,ভ্যালেন্টিনা,Валянціна,Valentina,ဗယ်လင်တီနာ,瓦倫蒂娜,瓦伦蒂娜,瓦倫蒂娜,Valentina,Valentina,Valentina,Valentina,Helen,Valentina,Valentina,Valentine,ვალენტინა,Valentina,Βαλεντίνα,વેલેન્ટિના,ולנטינה,वैलेंटीना,Valentina,Valentina,Valentina,Valentina,バレンティナ,ವ್ಯಾಲೆಂಟಿನಾ,Валентина,វ៉ាឡេនទីណា,발렌티나,Валентина,ວາເລນຕິນາ,Valentīna,Valentina,Валентина,Valentina,വാലൻ്റീന,व्हॅलेंटिना,Валентина,भ्यालेन्टिना,Valentina,والنتینا,Walentyna,Valentina,Valentina,ਵੈਲੇਨਟੀਨਾ,Valentina,Валентина,Валентина,වැලන්ටිනා,Valentína,Valentina,Valentina,Valentina,Valentina,Valentina,வலென்டினா,వాలెంటినా,Валентина,วาเลนติน่า,Walentina,Valentina,Валентина,Валентина,ویلنٹینا,Valentina,Valentina,Valentina
first_name_female_helen,Helen,Helen,Хелен,Хелен,Helen,ሄለን,هيلين,Հելեն,Helen,হেলেন,Хелен,Helen,ဟယ်လင်,海倫,海伦,海倫,Helen,Helen,Helen,Helen,Martha,Helen,Helena,Hélène,ჰელენი,Helen,Ελένη,હેલેન,הלן,हेलेन,Ilona,Helen,Helen,Elena,ヘレン,ಹೆಲೆನ್,Хелен,ហេឡែន,헬렌,Хелен,ເຮເລນ,Helēna,Elena,Хелен,Helen,ഹെലൻ,हेलेन,Хелен,हेलेन,Helen,هلن,Helena,Helen,Helen,ਹੈਲਨ,Helen,Хелен,Хелен,හෙලන්,Helena,Helen,Helen,Helena,Helen,Helen,ஹெலன்,హెలెన్,Ҳелен,เฮเลน,Helen,Helen,Хелен,Хелен,ہیلن,Helen,Helen,Helen
first_name_female_martha,Martha,Martha,Марта,Марта,Martha,ማርታ,مارثا,Մարթա,Martha,মার্থা,Марта,Martha,မာသာ,瑪莎,玛莎,瑪莎,Martha,Martha,Martha,Martha,Clara,Martha,Martha,Marthe,მართა,Martha,Μάρθα,માર્થા,מרתה,मार्था,Márta,Martha,Martha,Marta,マーサ,ಮಾರ್ಥಾ,Марта,ម៉ាថា,마사,Марта,ມາທາ,Marta,Marta,Марта,Martha,മാർത്ത,मार्था,Марта,मार्था,Martha,مارتا,Marta,Martha,Martha,ਮਾਰਥਾ,Martha,Марта,Марта,මාර්තා,Marta,Martha,Martha,Marta,Martha,Martha,மார்தா,మార్తా,Марта,มาร์ธา,Marta,Martha,Марта,Марта,مارتھا,Marta,Martha,Martha
first_name_female_clara,Clara,Clara,Клара,Клара,Clara,ክላራ,كلارا,Քլարա,Clara,ক্লারা,Клара,Clara,ကလာရာ,克拉拉,克拉拉,克拉拉,Clara,Clara,Clara,Clara,Rose,Clara,Clara,Claire,კლარა,Clara,Κλάρα,ક્લારા,קלרה,क्लारा,Klára,Clara,Clara,Clara,クララ,ಕ್ಲಾರಾ,Клара,ក្លារ៉ា,클라라,Клара,ຄາຣາ,Klāra,Klara,Клара,Clara,ക്ലാര,क्लारा,Клара,क्लारा,Clara,کلارا,Klara,Clara,Clara,ਕਲਾਰਾ,Clara,Клара,Клара,ක්ලාරා,Klára,Clara,Clara,Clara,Clara,Clara,கிளாரா,క్లారా,Клара,คลาร่า,Klara,Clara,Клара,Клара,کلارا,Klara,Clara,Clara
first_name_female_rose,Rose,Rose,Роза,Роуз,Rose,ሮዝ,روز,Ռոզ,Rose,রোজ,Роўз,Rose,ရို့စ်,蘿絲,罗斯,蘿絲,Rose,Rose,Rose,Rose,Lucy,Rose,Ruusu,Rose,როუზი,Rose,Ρόουζ,રોઝ,רוז,रोज़,Rózsa,Rose,Rose,Rosa,ローズ,ರೋಸ್,Роуз,រ៉ូហ្ស,로즈,Роуз,ໂຣສ,Roze,Rožė,Роуз,Rose,റോസ്,रोझ,Роуз,रोज,Rose,رز,Róża,Rose,Rose,ਰੋਜ਼,Rose,Роуз,Роуз,රෝස්,Rose,Rose,Rose,Rosa,Rose,Rose,ரோஸ்,రోజ్,Роуз,โรส,Roz,Rose,Роза,Роуз,روز,Roz,Rose,Rose
first_name_female_lucy,Lucy,Lucy,Люси,Люси,Lucy,ሉሲ,لوسي,Լյուսի,Lucy,লুসি,Люсі,Lucy,လူစီ,露西,露西,露西,Lucy,Lucy,Lucy,Lucy,Linda,Lucy,Lucy,Lucy,ლუსი,Lucy,Λούσι,લુસી,לוסי,लुसी,Lucy,Lucy,Lucy,Lucia,ルーシー,ಲೂಸಿ,Люси,លូស៊ី,루시,Люси,ຫຼຸຊີ,Lūsija,Liusi,Луси,Lucy,ലൂസി,लुसी,Люси,लुसी,Lucy,لوسی,Łucja,Lucy,Lucy,ਲੂਸੀ,Lucy,Люси,Луси,ලුසි,Lucia,Lucy,Lucy,Lucía,Lucy,Lucy,லூசி,లూసీ,Луси,ลูซี่,Lýusi,Lucy,Люси,Люсі,لوسی,Lyusi,Lucy,Lucy
first_name_female_linda,Linda,Linda,Линда,Линда,Linda,ሊንዳ,ليندا,Լինդա,Linda,লিন্ডা,Лінда,Linda,လင်ဒါ,琳達,琳达,琳達,Linda,Linda,Linda,Linda,Nina,Linda,Linda,Linda,ლინდა,Linda,Λίντα,લિન્ડા,לינדה,लिंडा,Linda,Linda,Linda,Linda,リンダ,ಲಿಂಡಾ,Линда,លីនដា,린다,Линда,ລິນດາ,Linda,Linda,Линда,Linda,ലിൻഡ,लिंडा,Линда,लिन्डा,Linda,لیندا,Linda,Linda,Linda,ਲਿੰਡਾ,Linda,Линда,Линда,ලින්ඩා,Linda,Linda,Linda,Linda,Linda,Linda,லிண்டா,లిండా,Линда,ลินดา,Linda,Linda,Линда,Лінда,لنڈا,Linda,Linda,Linda
first_name_female_nina,Nina,Nina,Нина,Нина,Nina,ኒና,نينا,Նինա,Nina,নিনা,Ніна,Nina,နီနာ,妮娜,妮娜,妮娜,Nina,Nina,Nina,Nina,Sarah,Nina,Nina,Nina,ნინა,Nina,Νίνα,નીના,נינה,नीना,Nina,Nina,Nina,Nina,ニナ,ನೀನಾ,Нина,នីណា,니나,Нина,ນີນາ,Nina,Nina,Нина,Nina,നീന,निना,Нина,निना,Nina,نینا,Nina,Nina,Nina,ਨੀਨਾ,Nina,Нина,Нина,නිනා,Nina,Nina,Nina,Nina,Nina,Nina,நினா,నీనా,Нина,นีน่า,Nina,Nina,Нина,Ніна,نینا,Nina,Nina,Nina
first_name_female_sarah,Sarah,Sarah,Сара,Сара,Sarah,ሳራ,سارة,Սառա,Sarah,সারা,Сара,Sarah,ဆာရာ,莎拉,莎拉,莎拉,Sarah,Sarah,Sarah,Sarah,Aurora,Sarah,Saara,Sarah,სარა,Sarah,Σάρα,સારાહ,שרה,सारा,Sára,Sarah,Sarah,Sara,サラ,ಸಾರಾ,Сара,សារ៉ា,사라,Сара,ຊາຣາ,Sāra,Sara,Сара,Sarah,സാറ,सारा,Сара,सारा,Sarah,سارا,Sara,Sarah,Sarah,ਸਾਰਾ,Sarah,Сара,Сара,සාරා,Sára,Sarah,Sarah,Sara,Sarah,Sarah,சாரா,సారా,Сара,ซาร่าห์,Sara,Sarah,Сара,Сара,سارہ,Sara,Sarah,Sarah
first_name_female_aurora,Aurora,Aurora,Аврора,Аврора,Aurora,አውሮራ,أورورا,Ավրորա,Aurora,অরোরা,Аўрора,Aurora,အော်ရိုရာ,奧羅拉,奥罗拉,奧羅拉,Aurora,Aurora,Aurora,Aurora,Maya,Aurora,Aurora,Aurore,ავრორა,Aurora,Αουρόρα,ઓરોરા,אורורה,ऑरोरा,Auróra,Aurora,Aurora,Aurora,オーロラ,ಆರೋರಾ,Аврора,អោរ៉ូរ៉ា,오로라,Аврора,ອໍໂຣຣາ,Aurora,Aurora,Аурора,Aurora,ഓറോറ,ऑरोरा,Аврора,अरोरा,Aurora,آرورا,Aurora,Aurora,Aurora,ਔਰੋਰਾ,Aurora,Аврора,Аурора,ඕරෝරා,Aurora,Aurora,Aurora,Aurora,Aurora,Aurora,ஆரோரா,అరోరా,Аврора,ออโรร่า,Awrora,Aurora,Аврора,Аврора,ارورا,Avrora,Aurora,Aurora
first_name_female_maya,Maya,Maya,Майя,Майя,Maya,ማያ,مايا,Մայա,Maya,মায়া,Мая,Maya,မာယာ,瑪雅,玛雅,瑪雅,Maya,Maya,Maya,Maya,Nora,Maya,Maya,Maïa,მაია,Maya,Μάγια,માયા,מאיה,माया,Maya,Maya,Maya,Maya,マヤ,ಮಾಯಾ,Майя,ម៉ាយ៉ា,마야,Майя,ມາຢາ,Maja,Maja,Маја,Maya,മായ,माया,Майя,माया,Maya,مایا,Maja,Maya,Maya,ਮਾਇਆ,Maya,Майя,Маја,මායා,Maya,Maya,Maya,Maya,Maya,Maya,மாயா,మాయ,Майя,มายา,Maýa,Maya,Майя,Майя,مایا,Maya,Maya,Maya
first_name_female_nora,Nora,Nora,Нора,Нора,Nora,ኖራ,نورا,Նորա,Nora,নোরা,Нора,Nora,နိုရာ,諾拉,诺拉,諾拉,Nora,Nora,Nora,Nora,Vera,Nora,Nora,Nora,ნორა,Nora,Νόρα,નોરા,נורה,नोरा,Nóra,Nora,Nora,Nora,ノラ,ನೋರಾ,Нора,ណូរ៉ា,노라,Нора,ໂນຣາ,Nora,Nora,Нора,Nora,നോറ,नोरा,Нора,नोरा,Nora,نورا,Nora,Nora,Nora,ਨੋਰਾ,Nora,Нора,Нора,නෝරා,Nora,Nora,Nora,Nora,Nora,Nora,நோரா,నోరా,Нора,โนรา,Nora,Nora,Нора,Нора,نورا,Nora,Nora,Nora
first_name_female_vera,Vera,Vera,Вера,Вера,Vera,ቬራ,فيرا,Վերա,Vera,ভেরা,Вера,Vera,ဗီရာ,薇拉,维拉,薇拉,Vera,Vera,Vera,Vera,Adeline,Vera,Vera,Véra,ვერა,Vera,Βέρα,વેરા,ורה,वेरा,Vera,Vera,Vera,Vera,ヴェラ,ವೇರಾ,Вера,វីរ៉ា,베라,Вера,ເວຣາ,Vera,Vera,Вера,Vera,വെറ,वेरा,Вера,भेरा,Vera,ورا,Wiera,Vera,Vera,ਵੇਰਾ,Vera,Вера,Вера,වේරා,Vera,Vera,Vera,Vera,Vera,Vera,வேரா,వెరా,Вера,เวร่า,Wera,Vera,Вера,Віра,ویرا,Vera,Vera,Vera
first_name_female_adeline,Adeline,Adeline,Аделина,Аделина,Adeline,አደላይን,أديلين,Ադելին,Adeline,অ্যাডেলিন,Адэлін,Adeline,အက်ဒလိုင်း,艾德琳,艾德琳,艾德琳,Adeline,Adeline,Adeline,Adeline,Erika,Adeline,Adeline,Adeline,ადელაინი,Adeline,Αντελίνα,એડેલાઇન,אדליין,एडेलीन,Adeline,Adeline,Adeline,Adelina,アデライン,ಅಡೆಲೈನ್,Аделина,អាដេឡាយ,아델라인,Аделин,ອາເດລາຍນ໌,Adelīna,Adelina,Аделин,Adeline,അഡിലൈൻ,एडेलीन,Аделин,एडेलाइन,Adeline,ادلین,Adelina,Adeline,Adeline,ਐਡੀਲਾਈਨ,Adeline,Аделина,Аделин,ඇඩිලයින්,Adeline,Adeline,Adeline,Adela,Adeline,Adeline,அடிலைன்,అడిలైన్,Аделина,แอดิเลน,Adelin,Adeline,Аделина,Аделін,ایڈلین,Adeline,Adeline,Adeline
first_name_female_erika,Erika,Erika,Эрика,Эрика,Erika,ኤሪካ,إيريكا,Էրիկա,Erika,এরিকা,Эрыка,Erika,အဲရီကာ,艾莉卡,艾丽卡,艾莉卡,Erika,Erika,Erika,Erika,Mila,Erika,Erika,Érika,ერიკა,Erika,Έρικα,એરિકા,אריקה,एरिका,Erika,Erika,Erika,Erica,エリカ,ಎರಿಕಾ,Эрика,អេរីកា,에리카,Эрика,ເອຣິກາ,Ērika,Erika,Ерика,Erika,എറിക,एरिका,Эрика,एरिका,Erika,اریکا,Eryka,Erika,Erika,ਏਰਿਕਾ,Erika,Эрика,Ерика,එරිකා,Erika,Erika,Erika,Erika,Erika,Erika,எரிகா,ఎరికా,Эрика,เอริก้า,Erika,Erika,Эрика,Еріка,ایرکا,Erika,Erika,Erika
first_name_female_mila,Mila,Mila,Мила,Мила,Mila,ሚላ,ميلا,Միլա,Mila,মিলা,Міла,Mila,မီလာ,米拉,米拉,米拉,Mila,Mila,Mila,Mila,Camila,Mila,Mila,Mila,მილა,Mila,Μίλα,મિલા,מילה,मिला,Mila,Mila,Mila,Mila,ミラ,ಮಿಲಾ,Мила,មីឡា,밀라,Мила,ມິລາ,Mila,Mila,Мила,Mila,മില,मिला,Мила,मिला,Mila,میلا,Mila,Mila,Mila,ਮੀਲਾ,Mila,Мила,Мила,මිලා,Mila,Mila,Mila,Mila,Mila,Mila,மிலா,మిలా,Мила,มิล่า,Mila,Mila,Мила,Міла,میلا,Mila,Mila,Mila
first_name_female_camila,Camila,Camila,Камила,Камила,Camila,ካሚላ,كاميلا,Կամիլա,Camila,কামিলা,Каміла,Camila,ကမီလာ,卡蜜拉,卡米拉,卡蜜拉,Camila,Camila,Camila,Camila,Lydia,Camila,Camila,Camila,კამილა,Camila,Καμίλα,કેમિલા,קמילה,कैमिला,Kamilla,Camila,Camila,Camila,カミラ,ಕ್ಯಾಮಿಲಾ,Камила,កាមីឡា,카밀라,Камила,ຄາມິລາ,Kamila,Kamila,Камила,Camila,കമില,कॅमिला,Камила,कामिला,Camila,کامیلا,Kamila,Camila,Camila,ਕੈਮੀਲਾ,Camila,Камила,Камила,කැමිලා,Camila,Camila,Camila,Camila,Camila,Camila,கமிலா,కామిలా,Камила,คามิล่า,Kamila,Camila,Камила,Каміла,کمیلا,Kamila,Camila,Camila
first_name_female_lydia,Lydia,Lydia,Лидия,Лидия,Lydia,ሊዲያ,ليديا,Լիդիա,Lydia,লিডিয়া,Лідзія,Lydia,လီဒီးယား,莉迪亞,莉迪亚,莉迪亞,Lydia,Lydia,Lydia,Lydia,Chloe,Lydia,Lyydia,Lydia,ლიდია,Lydia,Λυδία,લિડિયા,לידיה,लिडिया,Lídia,Lydia,Lydia,Lidia,リディア,ಲಿಡಿಯಾ,Лидия,លីឌីយ៉ា,리디아,Лидия,ລິດີຍາ,Līdija,Lidija,Лидија,Lydia,ലിഡിയ,लिडिया,Лидия,लिडिया,Lydia,لیدیا,Lidia,Lydia,Lydia,ਲਿਡੀਆ,Lydia,Лидия,Лидија,ලිඩියා,Lýdia,Lydia,Lydia,Lidia,Lydia,Lydia,லிடியா,లిడియా,Лидия,ลิเดีย,Lidiýa,Lydia,Лидия,Лідія,لڈیا,Lidiya,Lydia,Lydia
first_name_female_chloe,Chloe,Chloe,Хлоя,Хлоя,Chloe,ክሎይ,كلوي,Քլոե,Chloe,ক্লো,Хлоя,Chloe,ကလိုအီး,克洛伊,克洛伊,克洛伊,Chloe,Chloe,Chloe,Chloe,Ada,Chloe,Chloe,Chloé,ქლოე,Chloe,Χλόη,ક્લો,קלואי,क्लोई,Chloé,Chloe,Chloe,Cloe,クロエ,ಕ್ಲೋ,Хлоя,ក្លូអេ,클로이,Хлоя,ໂຄໂລອີ,Hloja,Chlojė,Клои,Chloe,ക്ലോ,क्लोई,Хлоя,क्लोइ,Chloe,کلویی,Chloe,Chloe,Chloe,ਕਲੋਈ,Chloe,Хлоя,Клои,ක්ලෝයි,Chloe,Chloe,Chloe,Cloe,Chloe,Chloe,குளோய்,క్లోయ్,Хлоя,โคลอี้,Hloe,Chloe,Хлоя,Хлоя,کلوئی,Xloya,Chloe,Chloe
first_name_female_ada,Ada,Ada,Ада,Ада,Ada,አዳ,آدا,Ադա,Ada,আডা,Ада,Ada,အေဒါ,艾達,艾达,艾達,Ada,Ada,Ada,Ada,Jeanne,Ada,Ada,Ada,ადა,Ada,Άντα,એડા,עדה,एडा,Ada,Ada,Ada,Ada,エイダ,ಅಡಾ,Ада,អាដា,에이다,Ада,ອາດາ,Ada,Ada,Ада,Ada,അഡ,अडा,Ада,एडा,Ada,آدا,Ada,Ada,Ada,ਐਡਾ,Ada,Ада,Ада,ඇඩා,Ada,Ada,Ada,Ada,Ada,Ada,ஆடா,అడా,Ада,เอดา,Ada,Ada,Ада,Ада,ایڈا,Ada,Ada,Ada
first_name_female_jeanne,Jeanne,Jeanne,Жанна,Жанна,Jeanne,ጄን,جان,Ժանն,Jeanne,জিন,Жанна,Jeanne,ဂျိန်း,珍,珍,珍,Jeanne,Jeanne,Jeanne,Jeanne,Jane,Jeanne,Jeanne,Jeanne,ჟანა,Jeanne,Ζαν,જીન,ז'אן,जीन,Jeanne,Jeanne,Jeanne,Gianna,ジャンヌ,ಜೀನ್,Жанна,ហ្សាន,잔,Жанна,ແຊນ,Žanna,Žana,Жан,Jeanne,ജെയ്ൻ,जीन,Жанна,जीन,Jeanne,ژان,Joanna,Jeanne,Jeanne,ਜੀਨ,Jeanne,Жанна,Жан,ජීන්,Jeanne,Jeanne,Jeanne,Juana,Jeanne,Jeanne,ஜீன்,జీన్,Жанна,จีน,Janna,Jeanne,Жанна,Жанна,جین,Janna,Jeanne,Jeanne
first_name_female_jane,Jane,Jane,Джейн,Джейн,Jane,ጄን,جين,Ջեյն,Jane,জেন,Джэйн,Jane,ဂျိန်း,珍,珍,珍,Jane,Jane,Jane,Jane,Sylvia,Jane,Jane,Jane,ჯეინი,Jane,Τζέιν,જેન,ג'יין,जेन,Jane,Jane,Jane,Jane,ジェーン,ಜೇನ್,Джейн,ជេន,제인,Жейн,ເຈນ,Džeina,Džeinė,Џејн,Jane,ജെയ്ൻ,जेन,Жейн,जेन,Jane,جین,Jane,Jane,Jane,ਜੇਨ,Jane,Джейн,Џејн,ජේන්,Jana,Jane,Jane,Jane,Jane,Jane,ஜேன்,జేన్,Ҷейн,เจน,Jeýn,Jane,Джейн,Джейн,جین,Jeyn,Jane,Jane
first_name_female_sylvia,Sylvia,Sylvia,Сильвия,Сильвия,Sylvia,ሲልቪያ,سيلفيا,Սիլվիա,Sylvia,সিলভিয়া,Сільвія,Sylvia,ဆယ်လ်ဗီးယား,希薇亞,西尔维娅,希薇亞,Sylvia,Sylvia,Sylvia,Sylvia,Krystyna,Sylvia,Sylvia,Sylvie,სილვია,Sylvia,Σύλβια,સિલ્વિયા,סילביה,सिल्विया,Szilvia,Sylvia,Sylvia,Silvia,シルビア,ಸಿಲ್ವಿಯಾ,Сильвия,ស៊ីលវីយ៉ា,실비아,Сильвия,ຊິນວີຍາ,Silvija,Silvija,Силвија,Sylvia,സിൽവിയ,सिल्व्हिया,Сильвия,सिल्भिया,Sylvia,سیلویا,Sylwia,Sylvia,Sylvia,ਸਿਲਵੀਆ,Sylvia,Сильвия,Силвија,සිල්වියා,Silvia,Sylvia,Sylvia,Silvia,Sylvia,Sylvia,சில்வியா,సిల్వియా,Силвия,ซิลเวีย,Silwiýa,Sylvia,Сильвия,Сільвія,سلویا,Silviya,Sylvia,Sylvia
first_name_female_krystyna,Krystyna,Krystyna,Кристина,Кристина,Krystyna,ክሪስቲና,كريستينا,Քրիստինա,Krystyna,ক্রিস্টিনা,Крысціна,Krystyna,ခရစ်စတီးနား,克莉絲蒂娜,克里斯蒂娜,克莉絲蒂娜,Krystyna,Krystyna,Krystyna,Krystyna,Marie,Krystyna,Kristiina,Christine,კრისტინა,Krystyna,Κριστίνα,ક્રિસ્ટીના,קריסטינה,क्रिस्टीना,Krisztina,Krystyna,Krystyna,Cristina,クリスティーナ,ಕ್ರಿಸ್ಟಿನಾ,Кристина,គ្រីស្ទីណា,크리스티나,Кристина,ຄຣິສຕີນາ,Kristīna,Kristina,Кристина,Krystyna,ക്രിസ്റ്റീന,क्रिस्टिना,Кристина,क्रिस्टिना,Krystyna,کریستینا,Krystyna,Krystyna,Krystyna,ਕ੍ਰਿਸਟੀਨਾ,Krystyna,Кристина,Кристина,ක්රිස්ටිනා,Kristína,Krystyna,Krystyna,Cristina,Krystyna,Krystyna,கிறிஸ்டினா,క్రిస్టినా,Кристина,คริสติน่า,Kristina,Krystyna,Кристина,Крістіна,کرسٹینا,Kristina,Krystyna,Krystyna
first_name_female_marie,Marie,Marie,Мари,Мари,Marie,ማሪ,ماري,Մարի,Marie,মারি,Мары,Marie,မာရီ,瑪麗,玛丽,瑪麗,Marie,Marie,Marie,Marie,Rosalind,Marie,Marie,Marie,მარი,Marie,Μαρί,મેરી,מארי,मैरी,Mari,Marie,Marie,Marie,マリー,ಮೇರಿ,Мари,ម៉ារី,마리,Мари,ມາຣີ,Marija,Mari,Мари,Marie,മേരി,मेरी,Мари,मेरी,Marie,ماری,Maria,Marie,Marie,ਮੈਰੀ,Marie,Мари,Мари,මාරි,Mária,Marie,Marie,Marie,Marie,Marie,மேரி,మేరీ,Мари,มารี,Mari,Marie,Мари,Марі,میری,Mari,Marie,Marie
first_name_female_rosalind,Rosalind,Rosalind,Розалинд,Розалинд,Rosalind,ሮዛሊንድ,روزاليند,Ռոզալինդ,Rosalind,রোজালিন্ড,Разалінд,Rosalind,ရိုဇာလင်း,羅莎琳,罗莎琳,羅莎琳,Rosalind,Rosalind,Rosalind,Rosalind,Isabel,Rosalind,Rosalind,Rosalinde,როზალინდი,Rosalind,Ροζαλίνδ,રોઝાલિન્ડ,רוזלינד,रोज़ालिंड,Rozalind,Rosalind,Rosalind,Rosalinda,ロザリンド,ರೋಸಾಲಿಂಡ್,Розалинд,រ៉ូហ្សាលីន,로잘린드,Розалинд,ໂຣຊາລິນ,Rozalinda,Rozalind,Розалинд,Rosalind,റോസാലിൻഡ്,रोझालिंड,Розалинд,रोजालिन्ड,Rosalind,رازالیند,Rozalinda,Rosalind,Rosalind,ਰੋਜ਼ਾਲਿੰਡ,Rosalind,Розалинд,Розалинд,රොසාලින්ඩ්,Rozalinda,Rosalind,Rosalind,Rosalinda,Rosalind,Rosalind,ரோசாலிண்ட்,రోజాలిండ్,Розалинд,โรซาลินด์,Rozalind,Rosalind,Розалинд,Розалінд,روزالینڈ,Rozalind,Rosalind,Rosalind
first_name_female_isabel,Isabel,Isabel,Изабель,Изабель,Isabel,ኢዛቤል,إيزابيل,Իզաբել,Isabel,ইসাবেল,Ізабель,Isabel,အီဇာဘယ်,伊莎貝爾,伊莎贝尔,伊莎貝爾,Isabel,Isabel,Isabel,Isabel,Caroline,Isabel,Isabel,Isabelle,იზაბელი,Isabel,Ισαβέλλα,ઇસાબેલ,איזבל,इसाबेल,Izabell,Isabel,Isabel,Isabella,イザベル,ಇಸಾಬೆಲ್,Изабель,អ៊ីសាបែល,이자벨,Изабель,ອີຊາເບນ,Izabella,Izabel,Изабел,Isabel,ഇസബെൽ,इसाबेल,Изабель,इसाबेल,Isabel,ایزابل,Izabela,Isabel,Isabel,ਇਜ਼ਾਬੇਲ,Isabel,Изабель,Изабел,ඉසබෙල්,Izabela,Isabel,Isabel,Isabel,Isabel,Isabel,இசபெல்,ఇసాబెల్,Изабел,อิซาเบล,Izabel,Isabel,Изабель,Ізабель,ازابیل,Izabel,Isabel,Isabel
first_name_female_caroline,Caroline,Caroline,Кэролайн,Каролина,Caroline,ካሮላይን,كارولين,Քերոլայն,Caroline,ক্যারোলিন,Каралін,Caroline,ကယ်ရိုလိုင်း,卡洛琳,卡罗琳,卡洛琳,Caroline,Caroline,Caroline,Caroline,Margaret,Caroline,Caroliina,Caroline,კაროლაინი,Caroline,Καρολίνα,કેરોલાઇન,קרוליין,कैरोलीन,Karolina,Caroline,Caroline,Carolina,キャロライン,ಕರೋಲಿನ್,Кэролайн,ខារ៉ូលាយ,캐롤라인,Кэролайн,ຄາໂຣລາຍນ໌,Karolīna,Karolina,Каролин,Caroline,കരോലിൻ,कॅरोलिन,Кэролайн,क्यारोलिन,Caroline,کارولین,Karolina,Caroline,Caroline,ਕੈਰੋਲਾਈਨ,Caroline,Каролина,Каролин,කැරොලයින්,Karolína,Caroline,Caroline,Carolina,Caroline,Caroline,கரோலின்,కరోలిన్,Каролина,แคโรไลน์,Karolin,Caroline,Кэролайн,Керолайн,کیرولین,Karolin,Caroline,Caroline
first_name_female_margaret,Margaret,Margaret,Маргарет,Маргарет,Margaret,ማርጋሬት,مارغريت,Մարգարեթ,Margaret,মার্গারেট,Маргарэт,Margaret,မာဂရက်,瑪格麗特,玛格丽特,瑪格麗特,Margaret,Margaret,Margaret,Margaret,Liv,Margaret,Margareeta,Marguerite,მარგარეტი,Margaret,Μαργαρίτα,માર્ગારેટ,מרגרט,मार्गरेट,Margit,Margaret,Margaret,Margherita,マーガレット,ಮಾರ್ಗರೆಟ್,Маргарет,ម៉ាហ្គារ៉េត,마가렛,Маргарет,ມາກາເຣດ,Margerita,Margarita,Маргарет,Margaret,മാർഗരറ്റ്,मार्गारेट,Маргарет,मार्गरेट,Margaret,مارگارت,Małgorzata,Margaret,Margaret,ਮਾਰਗਰੇਟ,Margaret,Маргарет,Маргарет,මාගරට්,Margaréta,Margaret,Margaret,Margarita,Margaret,Margaret,மார்கரெட்,మార్గరెట్,Маргарет,มาร์กาเร็ต,Margaret,Margaret,Маргарет,Маргарет,مارگریٹ,Margaret,Margaret,Margaret
first_name_female_liv,Liv,Liv,Лив,Лив,Liv,ሊቭ,ليف,Լիվ,Liv,লিভ,Лів,Liv,လစ်ဗ်,莉芙,莉芙,莉芙,Liv,Liv,Liv,Liv,Zora,Liv,Liv,Liv,ლივი,Liv,Λιβ,લિવ,ליב,लिव,Liv,Liv,Liv,Liv,リヴ,ಲಿವ್,Лив,លីវ,리브,Лив,ລິວ,Liva,Liv,Лив,Liv,ലിവ്,लिव्ह,Лив,लिभ,Liv,لیو,Liv,Liv,Liv,ਲਿਵ,Liv,Лив,Лив,ලිව්,Liv,Liv,Liv,Liv,Liv,Liv,லிவ்,లివ్,Лив,ลิฟ,Liwa,Liv,Лив,Лів,لیو,Liv,Liv,Liv
first_name_female_zora,Zora,Zora,Зора,Зора,Zora,ዞራ,زورا,Զորա,Zora,জোরা,Зора,Zora,ဇိုရာ,佐拉,佐拉,佐拉,Zora,Zora,Zora,Zora,Yuri,Zora,Zora,Zora,ზორა,Zora,Ζόρα,ઝોરા,זורה,ज़ोरा,Zóra,Zora,Zora,Zora,ゾラ,ಜೋರಾ,Зора,ហ្សូរ៉ា,조라,Зора,ໂຊຣາ,Zora,Zora,Зора,Zora,സോറ,झोरा,Зора,जोरा,Zora,زورا,Zora,Zora,Zora,ਜ਼ੋਰਾ,Zora,Зора,Зора,සෝරා,Zora,Zora,Zora,Zora,Zora,Zora,ஜோரா,జోరా,Зора,โซร่า,Zora,Zora,Зора,Зора,زورا,Zora,Zora,Zora
first_name_female_yuri,Yuri,Yuri,Юрий,Юри,Yuri,ዩሪ,يوري,Յուրի,Yuri,ইউরি,Юрый,Yuri,ယူရီ,尤里,尤里,尤里,Yuri,Yuri,Yuri,Yuri,Tania,Yuri,Juri,Yuri,იური,Yuri,Γιούρι,યુરી,יורי,यूरी,Jurij,Yuri,Yuri,Yuri,ユーリ,ಯೂರಿ,Юрий,យូរី,유리,Юрий,ຢູຣີ,Jurijs,Jurijus,Јури,Yuri,യൂറി,युरी,Юри,युरी,Yuri,یوری,Jurij,Yuri,Yuri,ਯੂਰੀ,Yuri,Юри,Јури,යූරි,Yuri,Yuri,Yuri,Yuri,Yuri,Yuri,யூரி,యూరి,Юрий,ยูริ,Ýuri,Yuri,Юрий,Юрій,یوری,Yuriy,Yuri,Yuri
first_name_female_tania,Tania,Tania,Тания,Таня,Tania,ታኒያ,تانيا,Տանիա,Tania,তানিয়া,Таня,Tania,တန်နီးယား,塔尼亞,塔尼娅,塔尼亞,Tania,Tania,Tania,Tania,Naomi,Tania,Tania,Tania,ტანია,Tania,Τάνια,ટાનિયા,טניה,तानिया,Tánia,Tania,Tania,Tania,タニア,ತಾನಿಯಾ,Тания,តានីយ៉ា,타니아,Тания,ຕານີຍາ,Tānija,Tanija,Танија,Tania,താനിയ,तानिया,Тания,तानिया,Tania,تانیا,Tania,Tania,Tania,ਤਾਨੀਆ,Tania,Таня,Танија,ටැනියා,Tánia,Tania,Tania,Tania,Tania,Tania,டானியா,టానియా,Тания,ทาเนีย,Taniýa,Tania,Тания,Таня,ٹانیا,Taniya,Tania,Tania
first_name_female_naomi,Naomi,Naomi,Наоми,Наоми,Naomi,ናኦሚ,نعومي,Նաոմի,Naomi,নাওমি,Наомі,Naomi,နာအိုမီ,娜歐蜜,娜奥米,娜歐蜜,Naomi,Naomi,Naomi,Naomi,Ellen,Naomi,Naomi,Naomi,ნაომი,Naomi,Ναόμι,નાઓમી,נעמי,नाओमी,Naomi,Naomi,Naomi,Naomi,ナオミ,ನವೋಮಿ,Наоми,ណាអូមី,나오미,Наоми,ນາໂອມີ,Naomi,Naomi,Наоми,Naomi,നവോമി,नाओमी,Наоми,नाओमी,Naomi,نائومی,Naomi,Naomi,Naomi,ਨਾਓਮੀ,Naomi,Наоми,Наоми,නවෝමි,Naomi,Naomi,Naomi,Noemí,Naomi,Naomi,நவோமி,నవోమి,Наоми,นาโอมิ,Naomi,Naomi,Наоми,Наомі,نومی,Naomi,Naomi,Naomi
first_name_female_ellen,Ellen,Ellen,Эллен,Эллен,Ellen,ኤለን,إيلين,Էլեն,Ellen,এলেন,Элен,Ellen,အယ်လင်,艾倫,埃伦,艾倫,Ellen,Ellen,Ellen,Ellen,Gemma,Ellen,Ellen,Ellen,ელენი,Ellen,Έλεν,એલેન,אלן,एलेन,Ellen,Ellen,Ellen,Ellen,エレン,ಎಲೆನ್,Эллен,អេឡេន,엘렌,Эллен,ເອເລນ,Ellena,Elen,Елен,Ellen,എല്ലൻ,एलेन,Эллен,एलेन,Ellen,الن,Ellen,Ellen,Ellen,ਐਲਨ,Ellen,Эллен,Елен,එලන්,Ellen,Ellen,Ellen,Ellen,Ellen,Ellen,எலன்,ఎలెన్,Эллен,เอลเลน,Ellen,Ellen,Эллен,Еллен,ایلن,Ellen,Ellen,Ellen
first_name_female_gemma,Gemma,Gemma,Джемма,Джемма,Gemma,ጌማ,جيما,Ջեմմա,Gemma,জেমা,Джэма,Gemma,ဂျမ်မာ,潔瑪,杰玛,潔瑪,Gemma,Gemma,Gemma,Gemma,Jessica,Gemma,Gemma,Gemma,ჯემა,Gemma,Τζέμα,જેમ્મા,ג'מה,जेम्मा,Gemma,Gemma,Gemma,Gemma,ジェマ,ಜೆಮ್ಮಾ,Джемма,ហ្សេម៉ា,제마,Жемма,ເຈມມາ,Džema,Džema,Џема,Gemma,ജെമ്മ,जेम्मा,Жемма,जेम्मा,Gemma,جما,Gemma,Gemma,Gemma,ਜੇਮਾ,Gemma,Джемма,Џема,ජෙමා,Gemma,Gemma,Gemma,Gema,Gemma,Gemma,ஜெம்மா,జెమ్మా,Ҷемма,เจมม่า,Gemma,Gemma,Джемма,Джемма,جیما,Gemma,Gemma,Gemma
first_name_female_jessica,Jessica,Jessica,Джессика,Джессика,Jessica,ጄሲካ,جيسيكا,Ջեսիկա,Jessica,জেসিকা,Джэсіка,Jessica,ဂျက်ဆီကာ,潔西卡,杰西卡,潔西卡,Jessica,Jessica,Jessica,Jessica,Barbara,Jessica,Jessica,Jessica,ჯესიკა,Jessica,Τζέσικα,જેસિકા,ג'סיקה,जेसिका,Jessica,Jessica,Jessica,Jessica,ジェシカ,ಜೆಸ್ಸಿಕಾ,Джессика,ហ្សេសស៊ីកា,제시카,Жессика,ເຈຊິກາ,Džesika,Džesika,Џесика,Jessica,ജെസ്സിക്ക,जेसिका,Жессика,जेसिका,Jessica,جسیکا,Jessica,Jessica,Jessica,ਜੇਸਿਕਾ,Jessica,Джессика,Џесика,ජෙසිකා,Jessica,Jessica,Jessica,Jessica,Jessica,Jessica,ஜெசிகா,జెస్సికా,Ҷессика,เจสสิก้า,Jessica,Jessica,Джессика,Джессіка,جیسکا,Jessica,Jessica,Jessica
first_name_female_barbara,Barbara,Barbara,Барбара,Барбара,Barbara,ባርባራ,باربرا,Բարբարա,Barbara,বারবারা,Барбара,Barbara,ဘာဘရာ,芭芭拉,芭芭拉,芭芭拉,Barbara,Barbara,Barbara,Barbara,Annie,Barbara,Barbara,Barbara,ბარბარა,Barbara,Βαρβάρα,બાર્બરા,ברברה,बारबरा,Barbara,Barbara,Barbara,Barbara,バーバラ,ಬಾರ್ಬರಾ,Барбара,បាបារ៉ា,바바라,Барбара,ບາບາຣາ,Barbara,Barbara,Барбара,Barbara,ബാർബറ,बार्बरा,Барбара,बार्बरा,Barbara,باربارا,Barbara,Barbara,Barbara,ਬਾਰਬਰਾ,Barbara,Барбара,Барбара,බාබරා,Barbara,Barbara,Barbara,Bárbara,Barbara,Barbara,பார்பரா,బార్బరా,Барбара,บาร์บาร่า,Barbara,Barbara,Барбара,Барбара,باربرا,Barbara,Barbara,Barbara
first_name_female_annie,Annie,Annie,Энни,Энни,Annie,አኒ,آني,Էննի,Annie,অ্যানি,Эні,Annie,အန်နီ,安妮,安妮,安妮,Annie,Annie,Annie,Annie,Fanny,Annie,Annie,Annie,ენი,Annie,Άννι,એની,אני,एनी,Annie,Annie,Annie,Annie,アニー,ಆನ್ನಿ,Энни,អានី,애니,Энни,ແອນນີ,Enija,Anė,Ени,Annie,ആനി,अॅनी,Энни,एनी,Annie,آنی,Annie,Annie,Annie,ਐਨੀ,Annie,Энни,Ени,ඇනී,Annie,Annie,Annie,Annie,Annie,Annie,ஆனி,ఆనీ,Анни,แอนนี่,Anni,Annie,Энни,Енні,اینی,Enni,Annie,Annie
first_name_female_fanny,Fanny,Fanny,Фанни,Фанни,Fanny,ፋኒ,فاني,Ֆանի,Fanny,ফ্যানি,Фані,Fanny,ဖန်နီ,芬妮,范妮,芬妮,Fanny,Fanny,Fanny,Fanny,Delia,Fanny,Fanny,Fanny,ფანი,Fanny,Φάνι,ફેની,פאני,फैनी,Fanny,Fanny,Fanny,Fanny,ファニー,ಫ್ಯಾನಿ,Фанни,ហ្វានី,패니,Фанни,ຟານນີ,Fanija,Fani,Фани,Fanny,ഫാനി,फॅनी,Фанни,फ्यानी,Fanny,فانی,Fanny,Fanny,Fanny,ਫੈਨੀ,Fanny,Фанни,Фани,ෆැනී,Fanny,Fanny,Fanny,Fanny,Fanny,Fanny,ஃபேனி,ఫ్యానీ,Фанни,แฟนนี่,Fanny,Fanny,Фанни,Фанні,فینی,Fanni,Fanny,Fanny
first_name_female_delia,Delia,Delia,Делия,Делия,Delia,ዴሊያ,ديليا,Դելիա,Delia,ডেলিয়া,Дэлія,Delia,ဒယ်လီးယား,迪莉亞,迪莉娅,迪莉亞,Delia,Delia,Delia,Delia,Ines,Delia,Delia,Delia,დელია,Delia,Ντέλια,ડેલિયા,דליה,डेलिया,Délia,Delia,Delia,Delia,デリア,ಡೆಲಿಯಾ,Делия,ដេលីយ៉ា,델리아,Делия,ເດລີຍາ,Delija,Delija,Делија,Delia,ഡെലിയ,डेलिया,Делиа,डेलिया,Delia,دلیا,Delia,Delia,Delia,ਡੇਲੀਆ,Delia,Делия,Делија,ඩේලියා,Délia,Delia,Delia,Delia,Delia,Delia,டீலியா,డెలియా,Делия,เดเลีย,Deliýa,Delia,Делия,Делія,ڈیلیا,Deliya,Delia,Delia
first_name_female_ines,Ines,Ines,Инес,Инес,Ines,ኢኔስ,إينيس,Ինես,Ines,ইনেস,Інес,Ines,အိုင်နက်စ်,伊內斯,伊内斯,伊內斯,Ines,Ines,Ines,Ines,Mina,Ines,Ines,Inès,ინესი,Ines,Ινές,ઇનેસ,אינס,इनेस,Ines,Ines,Ines,Ines,イネス,ಇನೆಸ್,Инес,អ៊ីណេស,이네스,Инес,ອິເນສ,Inesa,Ines,Инес,Ines,ഇനെസ്,इनेस,Инес,इनेस,Ines,اینز,Ines,Ines,Ines,ਇਨੇਸ,Ines,Инес,Инес,ඉනෙස්,Ines,Ines,Ines,Inés,Ines,Ines,இனெஸ்,ఇనెస్,Инес,อิเนส,Ines,Ines,Инес,Інес,اینیس,Ines,Ines,Ines
first_name_female_mina,Mina,Mina,Мина,Мина,Mina,ሚና,مينا,Մինա,Mina,মিনা,Міна,Mina,မီနာ,米娜,米娜,米娜,Mina,Mina,Mina,Mina,Kate,Mina,Mina,Mina,მინა,Mina,Μίνα,મીના,מינה,मीना,Mina,Mina,Mina,Mina,ミナ,ಮೀನಾ,Мина,មីណា,미나,Мина,ມີນາ,Mina,Mina,Мина,Mina,മിന,मिना,Мина,मिना,Mina,مینا,Mina,Mina,Mina,ਮੀਨਾ,Mina,Мина,Мина,මිනා,Mina,Mina,Mina,Mina,Mina,Mina,மினா,మినా,Мина,มิน่า,Mina,Mina,Мина,Міна,مینا,Mina,Mina,Mina
first_name_female_kate,Kate,Kate,Кейт,Кейт,Kate,ኬት,كيت,Քեյթ,Kate,কেট,Кейт,Kate,ကိတ်,凱特,凯特,凱特,Kate,Kate,Kate,Kate,Alia,Kate,Kate,Kate,კეიტი,Kate,Κέιτ,કેટ,קייט,केट,Kate,Kate,Kate,Kate,ケイト,ಕೇಟ್,Кейт,ខេត,케이트,Кейт,ເຄດ,Keita,Keit,Кејт,Kate,കേറ്റ്,केट,Кейт,केट,Kate,کیت,Kate,Kate,Kate,ਕੇਟ,Kate,Кейт,Кејт,කේට්,Kate,Kate,Kate,Kate,Kate,Kate,கேட்,కేట్,Кейт,เคท,Keýt,Kate,Кейт,Кейт,کیٹ,Keyt,Kate,Kate
first_name_female_alia,Alia,Alia,Алия,Алия,Alia,አሊያ,عالية,Ալիա,Alia,আলিয়া,Алія,Alia,အဲလီးယား,艾莉亞,艾莉亚,艾莉亞,Alia,Alia,Alia,Alia,Selma,Alia,Alia,Alia,ალია,Alia,Αλία,અલિયા,עאליה,अलिया,Alia,Alia,Alia,Alia,アリア,ಅಲಿಯಾ,Алия,អាលីយ៉ា,알리아,Алия,ອາເລຍ,Alija,Alija,Алија,Alia,അലിയ,अलिया,Алия,अलिया,Alia,عالیه,Alia,Alia,Alia,ਅਲੀਆ,Alia,Алия,Алија,ඇලියා,Alia,Alia,Alia,Alia,Alia,Alia,அலியா,అలియా,Алия,อลิยา,Aliýa,Alia,Алия,Алія,عالیہ,Alia,Alia,Alia
first_name_female_selma,Selma,Selma,Сельма,Сельма,Selma,ሴልማ,سيلما,Սելմա,Selma,সেলমা,Сельма,Selma,ဆယ်လ်မာ,塞爾瑪,塞尔玛,塞爾瑪,Selma,Selma,Selma,Selma,Lara,Selma,Selma,Selma,სელმა,Selma,Σέλμα,સેલ્મા,סלמה,सेल्मा,Selma,Selma,Selma,Selma,セルマ,ಸೆಲ್ಮಾ,Сельма,សែលម៉ា,셀마,Сельма,ເຊນມາ,Selma,Selma,Селма,Selma,സെൽമ,सेल्मा,Селма,सेल्मा,Selma,سلما,Selma,Selma,Selma,ਸੈਲਮਾ,Selma,Сельма,Селма,සෙල්මා,Selma,Selma,Selma,Selma,Selma,Selma,செல்மா,సెల్మా,Селма,เซลม่า,Selma,Selma,Сельма,Сельма,سیلما,Selma,Selma,Selma
first_name_female_lara,Lara,Lara,Лара,Лара,Lara,ላራ,لارا,Լարա,Lara,লারা,Лара,Lara,လာရာ,拉拉,拉拉,拉拉,Lara,Lara,Lara,Lara,Evelyn,Lara,Lara,Lara,ლარა,Lara,Λάρα,લારા,לארה,लारा,Lara,Lara,Lara,Lara,ララ,ಲಾರಾ,Лара,ឡារ៉ា,라라,Лара,ລາຣາ,Lara,Lara,Лара,Lara,ലാറ,लारा,Лара,लारा,Lara,لارا,Lara,Lara,Lara,ਲਾਰਾ,Lara,Лара,Лара,ලාරා,Lara,Lara,Lara,Lara,Lara,Lara,லாரா,లారా,Лара,ลาร่า,Lara,Lara,Лара,Лара,لارا,Lara,Lara,Lara
first_name_female_evelyn,Evelyn,Evelyn,Эвелин,Эвелин,Evelyn,ኢቭሊን,إيفلين,Էվելին,Evelyn,এভলিন,Эвелін,Evelyn,အီဗလင်,伊芙琳,伊芙琳,伊芙琳,Evelyn,Evelyn,Evelyn,Evelyn,Nadia,Evelyn,Evelyn,Évelyne,ეველინი,Evelyn,Έβελιν,એવેલિન,אוולין,एवलिन,Evelyn,Evelyn,Evelyn,Evelyn,エブリン,ಎವೆಲಿನ್,Эвелин,អេវឡីន,에블린,Эвелин,ເອວລິນ,Evelīna,Evelyn,Евелин,Evelyn,എവ്ലിൻ,एव्हलिन,Эвелин,एभलिन,Evelyn,اولین,Ewelina,Evelyn,Evelyn,ਐਵਲਿਨ,Evelyn,Эвелин,Евелин,එව්ලින්,Evelyn,Evelyn,Evelyn,Evelyn,Evelyn,Evelyn,எவ்லின்,ఎవెలిన్,Эвелин,เอเวลิน,Ewelin,Evelyn,Эвелин,Евелін,ایولین,Evelin,Evelyn,Evelyn
first_name_female_nadia,Nadia,Nadia,Надия,Надя,Nadia,ናዲያ,ناديا,Նադիա,Nadia,নাদিয়া,Надзя,Nadia,နာဒီးယား,娜迪亞,纳迪亚,娜迪亞,Nadia,Nadia,Nadia,Nadia,Rita,Nadia,Nadia,Nadia,ნადია,Nadia,Νάντια,નાદિયા,נדיה,नादिया,Nádia,Nadia,Nadia,Nadia,ナディア,ನಾಡಿಯಾ,Надя,ណាឌីយ៉ា,나디아,Надя,ນາດີຍາ,Nadija,Nadija,Надија,Nadia,നാദിയ,नादिया,Надия,नाडिया,Nadia,نادیا,Nadia,Nadia,Nadia,ਨਾਦੀਆ,Nadia,Надя,Надија,නාදියා,Nadia,Nadia,Nadia,Nadia,Nadia,Nadia,நாடியா,నాడియా,Надия,นาเดีย,Nadiýa,Nadia,Надия,Надія,نادیہ,Nadiya,Nadia,Nadia
first_name_female_rita,Rita,Rita,Рита,Рита,Rita,ሪታ,ريتا,Ռիտա,Rita,রিটা,Рыта,Rita,ရီတာ,麗塔,丽塔,麗塔,Rita,Rita,Rita,Rita,Tessa,Rita,Rita,Rita,რიტა,Rita,Ρίτα,રીટા,ריטה,रीटा,Rita,Rita,Rita,Rita,リタ,ರೀಟಾ,Рита,រីតា,리타,Рита,ຣີຕາ,Rita,Rita,Рита,Rita,റീത്ത,रिता,Рита,रिटा,Rita,ریتا,Rita,Rita,Rita,ਰੀਟਾ,Rita,Рита,Рита,රීටා,Rita,Rita,Rita,Rita,Rita,Rita,ரீட்டா,రీటా,Рита,ริต้า,Rita,Rita,Рита,Ріта,ریٹا,Rita,Rita,Rita
first_name_female_tessa,Tessa,Tessa,Тесса,Тесса,Tessa,ቴሳ,تيسا,Տեսա,Tessa,টেসা,Тэса,Tessa,တက်ဆာ,泰莎,特莎,泰莎,Tessa,Tessa,Tessa,Tessa,Luna,Tessa,Tessa,Tessa,ტესა,Tessa,Τέσα,ટેસા,טסה,टेसा,Tessa,Tessa,Tessa,Tessa,テッサ,ಟೆಸ್ಸಾ,Тесса,តេសា,테사,Тесса,ເທສາ,Tesa,Tesa,Теса,Tessa,ടെസ,टेसा,Тесса,टेसा,Tessa,تسا,Tessa,Tessa,Tessa,ਟੇਸਾ,Tessa,Тесса,Теса,ටෙසා,Tessa,Tessa,Tessa,Tessa,Tessa,Tessa,டெஸ்ஸா,టెస్సా,Тесса,เทสซ่า,Tessa,Tessa,Тесса,Тесса,ٹیسا,Tessa,Tessa,Tessa
first_name_female_luna,Luna,Luna,Луна,Луна,Luna,ሉና,لونا,Լունա,Luna,লুনা,Луна,Luna,လူနာ,露娜,卢娜,露娜,Luna,Luna,Luna,Luna,Athena,Luna,Luna,Luna,ლუნა,Luna,Λούνα,લુના,לונה,लूना,Luna,Luna,Luna,Luna,ルナ,ಲೂನಾ,Луна,លូណា,루나,Луна,ຫຼູນາ,Lūna,Luna,Луна,Luna,ലൂണ,लुना,Луна,लुना,Luna,لونا,Luna,Luna,Luna,ਲੂਨਾ,Luna,Луна,Луна,ලූනා,Luna,Luna,Luna,Luna,Luna,Luna,லூனா,లూనా,Луна,ลูน่า,Luna,Luna,Луна,Луна,لونا,Luna,Luna,Luna
first_name_female_athena,Athena,Athena,Афина,Афина,Athena,አቴና,أثينا,Աթենա,Athena,অ্যাথেনা,Афіна,Athena,အေသင်နာ,雅典娜,雅典娜,雅典娜,Athena,Athena,Athena,Athena,Marian,Athena,Athena,Athéna,ათენა,Athena,Αθηνά,એથેના,אתנה,एथेना,Athéné,Athena,Athena,Atena,アテナ,ಅಥೇನಾ,Афина,អាធីណា,아테나,Афина,ອາເທນາ,Atēna,Atėnė,Атена,Athena,അഥീന,अथेना,Афина,एथेना,Athena,آتنا,Atena,Athena,Athena,ਅਥੀਨਾ,Athena,Афина,Атена,ඇතීනා,Aténa,Athena,Athena,Atenea,Athena,Athena,ஏதெனா,అథేనా,Афина,เอเธน่า,Afina,Athena,Афина,Афіна,ایتھینا,Afina,Athena,Athena
first_name_female_marian,Marian,Marian,Мэриан,Мэриан,Marian,ማሪያን,ماريان,Մարիան,Marian,মারিয়ান,Мэрыян,Marian,မာရီယန်,瑪麗安,玛丽安,瑪麗安,Marian,Marian,Marian,Marian,Beatrix,Marian,Marian,Marian,მარიანი,Marian,Μάριαν,મેરિયન,מריאן,मेरियन,Marian,Marian,Marian,Marian,マリアン,ಮೇರಿಯನ್,Мэриан,ម៉ារីយ៉ាន,매리언,Мэриан,ມາເຣຍນ,Mariāna,Marian,Маријан,Marian,മരിയൻ,मेरियन,Мэриан,मेरियन,Marian,ماریان,Marian,Marian,Marian,ਮੇਰੀਅਨ,Marian,Мэриан,Меријан,මැරියන්,Marian,Marian,Marian,Marian,Marian,Marian,மேரியன்,మరియన్,Мариан,แมเรียน,Marian,Marian,Мэриан,Меріан,میریئن,Marian,Marian,Marian
first_name_female_beatrix,Beatrix,Beatrix,Беатрикс,Беатрис,Beatrix,ቢያትሪክስ,بياتريكس,Բեատրիս,Beatrix,বিয়াট্রিক্স,Беатрыкс,Beatrix,ဘီယာထရစ်ခ်စ်,碧翠絲,比阿特丽克斯,碧翠絲,Beatrix,Beatrix,Beatrix,Beatrix,Valerie,Beatrix,Beatrix,Béatrice,ბეატრიქსი,Beatrix,Μπεατρίξ,બીટ્રિક્સ,ביאטריקס,बीट्रिक्स,Beatrix,Beatrix,Beatrix,Beatrix,ベアトリクス,ಬೀಟ್ರಿಕ್ಸ್,Беатрикс,ប៊ីអាទ្រីក,비어트릭스,Беатрикс,ບີອາເຕຣິກ,Beatrīsa,Beatris,Беатрикс,Beatrix,ബീട്രിക്സ്,बीट्रिक्स,Беатрикс,बीट्रिक्स,Beatrix,بئاتریکس,Beatrycze,Beatrix,Beatrix,ਬੀਟ੍ਰਿਕਸ,Beatrix,Беатрис,Беатрикс,බීට්‍රික්ස්,Beatrix,Beatrix,Beatrix,Beatriz,Beatrix,Beatrix,பீட்ரிக்ஸ்,బీట్రిక్స్,Беатрикс,เบียทริกซ์,Beatris,Beatrix,Беатрикс,Беатрікс,بیٹرکس,Beatriks,Beatrix,Beatrix
first_name_female_valerie,Valerie,Valerie,Валери,Валери,Valerie,ቫሌሪ,فاليري,Վալերի,Valerie,ভ্যালেরি,Валеры,Valerie,ဗယ်လာရီ,瓦萊麗,瓦莱丽,瓦萊麗,Valerie,Valerie,Valerie,Valerie,Elizabeth,Valerie,Valerie,Valérie,ვალერი,Valerie,Βαλέρι,વેલેરી,ולרי,वैलेरी,Valerie,Valerie,Valerie,Valerie,ヴァレリー,ವ್ಯಾಲೆರಿ,Валери,វ៉ាឡេរី,밸러리,Валери,ວາເລຣີ,Valērija,Valerija,Валери,Valerie,വലേരി,व्हॅलेरी,Валери,भ्यालेरी,Valerie,والری,Valerie,Valerie,Valerie,ਵੈਲੇਰੀ,Valerie,Валери,Валери,වැලරි,Valerie,Valerie,Valerie,Valerie,Valerie,Valerie,வலேரி,వలేరీ,Валери,วาเลอรี,Waleri,Valerie,Валери,Валері,ویلری,Valeri,Valerie,Valerie
first_name_female_elizabeth,Elizabeth,Elizabeth,Элизабет,Элизабет,Elizabeth,ኤልዛቤት,إليزابيث,Էլիզաբեթ,Elizabeth,এলিজাবেথ,Элізабет,Elizabeth,အဲလီဇဘက်,伊麗莎白,伊丽莎白,伊麗莎白,Elizabeth,Elizabeth,Elizabeth,Elizabeth,Gaby,Elizabeth,Elisabet,Élisabeth,ელიზაბეთი,Elizabeth,Ελισάβετ,એલિઝાબેથ,אליזבת,एलिजाबेथ,Erzsébet,Elizabeth,Elizabeth,Elisabetta,エリザベス,ಎಲಿಜಬೆತ್,Элизабет,អេលីហ្សាបែត,엘리자베스,Элизабет,ເອລິຊາເບດ,Elizabete,Elžbieta,Елизабета,Elizabeth,എലിസബത്ത്,एलिझाबेथ,Элизабет,एलिजाबेथ,Elizabeth,الیزابت,Elżbieta,Elizabeth,Elizabeth,ਐਲਿਜ਼ਾਬੈਥ,Elizabeth,Элизабет,Елизабета,එලිසබෙත්,Alžbeta,Elizabeth,Elizabeth,Isabel,Elizabeth,Elizabeth,எலிசபெத்,ఎలిజబెత్,Элизабет,เอลิซาเบธ,Elizabet,Elizabeth,Элизабет,Елізабет,الزبتھ,Elizabet,Elizabeth,Elizabeth
first_name_female_gaby,Gaby,Gaby,Габи,Габи,Gaby,ጋቢ,غابي,Գաբի,Gaby,গ্যাবি,Габі,Gaby,ဂါဘီ,蓋比,加比,蓋比,Gaby,Gaby,Gaby,Gaby,Flora,Gaby,Gaby,Gaby,გაბი,Gaby,Γκάμπι,ગેબી,גבי,गैबी,Gaby,Gaby,Gaby,Gaby,ギャビー,ಗ್ಯಾಬಿ,Габи,ហ្គាប៊ី,개비,Габи,ແກບີ,Gābija,Gabija,Габи,Gaby,ഗാബി,गॅबी,Габи,ग्याबी,Gaby,گبی,Gaby,Gaby,Gaby,ਗੈਬੀ,Gaby,Габи,Габи,ගාබි,Gaby,Gaby,Gaby,Gaby,Gaby,Gaby,காபி,గాబీ,Габи,แกบี้,Gaby,Gaby,Габи,Габі,گیبی,Gabi,Gaby,Gaby
first_name_female_flora,Flora,Flora,Флора,Флора,Flora,ፍሎራ,فلورا,Ֆլորա,Flora,ফ্লোরা,Флора,Flora,ဖလိုရာ,芙蘿拉,弗洛拉,芙蘿拉,Flora,Flora,Flora,Flora,Isolda,Flora,Flora,Flore,ფლორა,Flora,Φλώρα,ફ્લોરા,פלורה,फ्लोरा,Flóra,Flora,Flora,Flora,フローラ,ಫ್ಲೋರಾ,Флора,ហ្វ្លូរ៉ា,플로라,Флора,ຟລໍຣາ,Flora,Flora,Флора,Flora,ഫ്ലോറ,फ्लोरा,Флора,फ्लोरा,Flora,فلورا,Flora,Flora,Flora,ਫਲੋਰਾ,Flora,Флора,Флора,ෆ්ලෝරා,Flora,Flora,Flora,Flora,Flora,Flora,ஃப்ளோரா,ఫ్లోరా,Флора,ฟลอร่า,Flora,Flora,Флора,Флора,فلورا,Flora,Flora,Flora
first_name_female_isolda,Isolda,Isolda,Изольда,Изольда,Isolda,ኢዞልዳ,إيزولدا,Իզոլդա,Isolda,ইসোল্ডা,Ізольда,Isolda,အီဇိုဒါ,伊索達,伊索尔达,伊索達,Isolda,Isolda,Isolda,Isolda,Theresa,Isolda,Isolda,Isolde,იზოლდა,Isolda,Ιζόλντα,ઇસોલ્ડા,איזולדה,इसोल्डा,Izolda,Isolda,Isolda,Isolda,イゾルダ,ಇಸೋಲ್ಡಾ,Изольда,អ៊ីសូលដា,이솔다,Изольда,ອີໂຊດາ,Izolda,Izolda,Изолда,Isolda,ഇസോൾഡ,इसोल्डा,Изольда,इसोल्डा,Isolda,ایزولدا,Izolda,Isolda,Isolda,ਇਸੋਲਡਾ,Isolda,Изольда,Изолда,ඉසෝල්ඩා,Izolda,Isolda,Isolda,Isolda,Isolda,Isolda,இசோல்டா,ఇసోల్డా,Изолда,อิโซลดา,Izolda,Isolda,Изольда,Ізольда,ازولڈا,Izolda,Isolda,Isolda
first_name_female_theresa,Theresa,Theresa,Тереза,Тереза,Theresa,ቴሬዛ,تيريزا,Թերեզա,Theresa,থেরেসা,Тэрэза,Theresa,သီရီဇာ,特蕾莎,特蕾莎,特蕾莎,Theresa,Theresa,Theresa,Theresa,Marta,Theresa,Theresa,Thérèse,თერეზა,Theresa,Θηρεσία,થેરેસા,תרזה,थेरेसा,Tereza,Theresa,Theresa,Teresa,テレサ,ಥೆರೆಸಾ,Тереза,ថេរ៉េសា,테레사,Тереза,ເທເຣຊາ,Tereza,Teresa,Тереза,Theresa,തെരേസ,थेरेसा,Тереза,थेरेसा,Theresa,ترزا,Teresa,Theresa,Theresa,ਥੈਰੇਸਾ,Theresa,Тереза,Тереза,තෙරේසා,Tereza,Theresa,Theresa,Teresa,Theresa,Theresa,தெரசா,థెరిసా,Тереза,เทเรซ่า,Tereza,Theresa,Тереза,Тереза,تھریسا,Tereza,Theresa,Theresa
first_name_female_marta,Marta,Marta,Марта,Марта,Marta,ማርታ,مارتا,Մարթա,Marta,মার্তা,Марта,Marta,မာတာ,瑪塔,玛尔塔,瑪塔,Marta,Marta,Marta,Marta,Carmen,Marta,Marta,Marthe,მარტა,Marta,Μάρτα,માર્ટા,מרתה,मार्टा,Márta,Marta,Marta,Marta,マルタ,ಮಾರ್ಟಾ,Марта,ម៉ាតា,마르타,Марта,ມາຕາ,Marta,Marta,Марта,Marta,മാർത്ത,मार्टा,Марта,मार्टा,Marta,مارتا,Marta,Marta,Marta,ਮਾਰਟਾ,Marta,Марта,Марта,මාර්ටා,Marta,Marta,Marta,Marta,Marta,Marta,மார்டா,మార్టా,Марта,มาร์ต้า,Marta,Marta,Марта,Марта,مارٹا,Marta,Marta,Marta
first_name_female_carmen,Carmen,Carmen,Кармен,Кармен,Carmen,ካርመን,كارمن,Կարմեն,Carmen,কারমেন,Кармэн,Carmen,ကာမင်,卡門,卡门,卡門,Carmen,Carmen,Carmen,Carmen,Lisa,Carmen,Carmen,Carmen,კარმენი,Carmen,Κάρμεν,કાર્મેન,כרמן,कारमेन,Carmen,Carmen,Carmen,Carmen,カルメン,ಕಾರ್ಮೆನ್,Кармен,កាមេន,카르멘,Кармен,ຄາເມນ,Karmena,Karmen,Кармен,Carmen,കാർമെൻ,कार्मेन,Кармен,कार्मेन,Carmen,کارمن,Carmen,Carmen,Carmen,ਕਾਰਮੇਨ,Carmen,Кармен,Кармен,කාමන්,Carmen,Carmen,Carmen,Carmen,Carmen,Carmen,கார்மென்,కార్మెన్,Кармен,คาร์เมน,Karmen,Carmen,Кармен,Кармен,کارمین,Karmen,Carmen,Carmen
first_name_female_lisa,Lisa,Lisa,Лиза,Лиза,Lisa,ሊዛ,ليزا,Լիզա,Lisa,লিসা,Ліза,Lisa,လီဇာ,麗莎,丽莎,麗莎,Lisa,Lisa,Lisa,Lisa,Celeste,Lisa,Liisa,Lisa,ლიზა,Lisa,Λίζα,લિસા,ליזה,लिसा,Lisa,Lisa,Lisa,Lisa,リサ,ಲಿಸಾ,Лиза,លីសា,리사,Лиза,ລີຊາ,Liza,Liza,Лиза,Lisa,ലിസ,लिसा,Лиза,लिसा,Lisa,لیزا,Liza,Lisa,Lisa,ਲੀਜ਼ਾ,Lisa,Лиза,Лиза,ලීසා,Lisa,Lisa,Lisa,Lisa,Lisa,Lisa,லிசா,లిసా,Лиза,ลิซ่า,Lisa,Lisa,Лиза,Ліза,لیزا,Liza,Lisa,Lisa
first_name_female_celeste,Celeste,Celeste,Селеста,Селеста,Celeste,ሴሌስቴ,سيليست,Սելեստ,Celeste,সেলেস্ট,Селеста,Celeste,ဆယ်လက်စ်,賽勒絲特,塞莱斯特,賽勒絲特,Celeste,Celeste,Celeste,Celeste,Daphne,Celeste,Celeste,Céleste,სელესტი,Celeste,Σελέστ,સેલેસ્ટે,סלסט,सेलेस्टे,Celeste,Celeste,Celeste,Celeste,セレステ,ಸೆಲೆಸ್ಟೆ,Селеста,សេឡេស្តេ,셀레스트,Селеста,ເຊເລສ,Seleste,Selesta,Селеста,Celeste,സെലെസ്റ്റെ,सेलेस्टे,Селеста,सेलेस्टे,Celeste,سلست,Celeste,Celeste,Celeste,ਸੇਲੇਸਟੇ,Celeste,Селеста,Селеста,සෙලෙස්ටේ,Celeste,Celeste,Celeste,Celeste,Celeste,Celeste,செலஸ்டே,సెలెస్టే,Селеста,เซเลสเต้,Selest,Celeste,Селеста,Селеста,سیلسٹی,Selest,Celeste,Celeste
first_name_female_daphne,Daphne,Daphne,Дафна,Дафна,Daphne,ዳፍኔ,دافني,Դաֆնե,Daphne,ড্যাফনি,Дафна,Daphne,ဒက်ဖ်နီ,達芙妮,达芙妮,達芙妮,Daphne,Daphne,Daphne,Daphne,Rebecca,Daphne,Daphne,Daphné,დაფნი,Daphne,Δάφνη,ડેફ્ની,דפנה,डाफ्ने,Daphne,Daphne,Daphne,Dafne,ダフネ,ಡಾಫ್ನೆ,Дафна,ដាហ្វនេ,다프네,Дафна,ດາຟນີ,Dafne,Dafnė,Дафна,Daphne,ഡാഫ്നി,डाफ्ने,Дафна,डाफ्ने,Daphne,دافنه,Dafne,Daphne,Daphne,ਡੈਫਨੀ,Daphne,Дафна,Дафна,ඩැෆ්නි,Dafne,Daphne,Daphne,Dafne,Daphne,Daphne,டாப்னே,డాఫ్నే,Дафна,ดาฟเน่,Dafne,Daphne,Дафна,Дафна,ڈیفنی,Dafni,Daphne,Daphne
first_name_female_rebecca,Rebecca,Rebecca,Ребекка,Ребекка,Rebecca,ሬቤካ,ريبيكا,Ռեբեկա,Rebecca,রেবেকা,Рэбека,Rebecca,ရေဗက်ကာ,麗貝卡,丽贝卡,麗貝卡,Rebecca,Rebecca,Rebecca,Rebecca,Gloria,Rebecca,Rebecca,Rebecca,რებეკა,Rebecca,Ρεβέκκα,રેબેકા,רבקה,रेबेका,Rebeka,Rebecca,Rebecca,Rebecca,レベッカ,ರೆಬೆಕ್ಕ,Ребекка,រេបិកា,레베카,Ребекка,ເຣເບກາ,Rebeka,Rebeka,Ребека,Rebecca,റെബേക്ക,रेबेका,Ребекка,रेबेका,Rebecca,ربکا,Rebeka,Rebecca,Rebecca,ਰੇਬੇਕਾ,Rebecca,Ребекка,Ребека,රෙබෙකා,Rebeka,Rebecca,Rebecca,Rebeca,Rebecca,Rebecca,ரெபேக்கா,రెబెక్కా,Ребекка,รีเบคก้า,Rebekka,Rebecca,Ребекка,Ребекка,ریبیکا,Rebekka,Rebecca,Rebecca
first_name_female_gloria,Gloria,Gloria,Глория,Глория,Gloria,ግሎሪያ,غلوريا,Գլորիա,Gloria,গ্লোরিয়া,Глорыя,Gloria,ဂလိုရီးယား,葛羅莉亞,格洛丽亚,葛羅莉亞,Gloria,Gloria,Gloria,Gloria,Miriam,Gloria,Gloria,Gloria,გლორია,Gloria,Γκλόρια,ગ્લોરિયા,גלוריה,ग्लोरिया,Glória,Gloria,Gloria,Gloria,グロリア,ಗ್ಲೋರಿಯಾ,Глория,ហ្គ្លរីយ៉ា,글로리아,Глория,ກລໍເຣຍ,Glorija,Glorija,Глорија,Gloria,ഗ്ലോറിയ,ग्लोरिया,Глория,ग्लोरिया,Gloria,گلوریا,Gloria,Gloria,Gloria,ਗਲੋਰੀਆ,Gloria,Глория,Глорија,ග්ලෝරියා,Gloria,Gloria,Gloria,Gloria,Gloria,Gloria,குளோரியா,గ్లోరియా,Глория,กลอเรีย,Gloriýa,Gloria,Глория,Глорія,گلوریا,Gloriya,Gloria,Gloria
first_name_female_miriam,Miriam,Miriam,Мириам,Мириам,Miriam,ሚሪያም,ميريام,Միրիամ,Miriam,মিরিয়াম,Мірыям,Miriam,မီရီယမ်,米莉安,米里亚姆,米莉安,Miriam,Miriam,Miriam,Miriam,Selena,Miriam,Miriam,Myriam,მირიამი,Miriam,Μίριαμ,મિરિયમ,מרים,मिरियम,Miriam,Miriam,Miriam,Miriam,ミリアム,ಮಿರಿಯಮ್,Мириам,មីរីយ៉ាម,미리암,Мириам,ມີຣີອາມ,Miriama,Miriam,Мириам,Miriam,മിരിയം,मिरियम,Мириам,मिरियम,Miriam,میریام,Miriam,Miriam,Miriam,ਮਿਰੀਅਮ,Miriam,Мириам,Миријам,මිරියම්,Miriam,Miriam,Miriam,Miriam,Miriam,Miriam,மிரியம்,మిరియం,Мириам,มิเรียม,Miriam,Miriam,Мириам,Міріам,میریئم,Miriam,Miriam,Miriam
first_name_female_selena,Selena,Selena,Селена,Селена,Selena,ሴሌና,سيلينا,Սելենա,Selena,সেলেনা,Селена,Selena,ဆယ်လီနာ,賽琳娜,塞莱娜,賽琳娜,Selena,Selena,Selena,Selena,Alma,Selena,Selena,Sélène,სელენა,Selena,Σελένα,સેલેના,סלנה,सेलेना,Selena,Selena,Selena,Selena,セレナ,ಸೆಲೇನಾ,Селена,សេឡេណា,셀레나,Селена,ເຊເລນາ,Selena,Selena,Селена,Selena,സെലീന,सेलेना,Селена,सेलेना,Selena,سلنا,Selena,Selena,Selena,ਸੇਲੀਨਾ,Selena,Селена,Селена,සෙලේනා,Selena,Selena,Selena,Selena,Selena,Selena,செலீனா,సెలీనా,Селена,เซเลน่า,Selena,Selena,Селена,Селена,سیلینا,Selena,Selena,Selena
first_name_female_alma,Alma,Alma,Альма,Альма,Alma,አልማ,ألما,Ալմա,Alma,আলমা,Альма,Alma,အယ်လ်မာ,阿爾瑪,阿尔玛,阿爾瑪,Alma,Alma,Alma,Alma,Marina,Alma,Alma,Alma,ალმა,Alma,Άλμα,આલ્મા,אלמה,अल्मा,Alma,Alma,Alma,Alma,アルマ,ಅಲ್ಮಾ,Альма,អាល់ម៉ា,알마,Алма,ອານມາ,Alma,Alma,Алма,Alma,അൽമ,अल्मा,Альма,अल्मा,Alma,آلما,Alma,Alma,Alma,ਅਲਮਾ,Alma,Альма,Алма,ඇල්මා,Alma,Alma,Alma,Alma,Alma,Alma,அல்மா,అల్మా,Алма,อัลม่า,Alma,Alma,Альма,Альма,المہ,Alma,Alma,Alma
first_name_female_marina,Marina,Marina,Марина,Марина,Marina,ማሪና,مارينا,Մարինա,Marina,মারিনা,Марына,Marina,မာရီနာ,瑪麗娜,玛丽娜,瑪麗娜,Marina,Marina,Marina,Marina,Irene,Marina,Marina,Marine,მარინა,Marina,Μαρίνα,મરિના,מרינה,मरीना,Marina,Marina,Marina,Marina,マリーナ,ಮರೀನಾ,Марина,ម៉ារីណា,마리나,Марина,ມາຣີນາ,Marina,Marina,Марина,Marina,മറീന,मरिना,Марина,मरिना,Marina,مارینا,Marina,Marina,Marina,ਮਰੀਨਾ,Marina,Марина,Марина,මරීනා,Marina,Marina,Marina,Marina,Marina,Marina,மெரினா,మెరీనా,Марина,มาริน่า,Marina,Marina,Марина,Маріна,مارینا,Marina,Marina,Marina
first_name_female_irene,Irene,Irene,Ирен,Ирэн,Irene,አይሪን,إيرين,Իրեն,Irene,আইরিন,Ірэн,Irene,အိုင်ရင်း,艾琳,艾琳,艾琳,Irene,Irene,Irene,Irene,Bianca,Irene,Irene,Irène,ირენი,Irene,Ειρήνη,આઇરીન,איירין,आइरीन,Irén,Irene,Irene,Irene,アイリーン,ಐರೀನ್,Ирэн,អ៊ែរីន,아이린,Ирэн,ໄອຣີນ,Irēna,Irena,Ирена,Irene,ഐറീൻ,आयरीन,Ирен,आइरीन,Irene,آیرین,Irena,Irene,Irene,ਆਇਰੀਨ,Irene,Ирэн,Ирена,අයිරින්,Irena,Irene,Irene,Irene,Irene,Irene,ஐரீன்,ఐరీన్,Ирен,ไอรีน,Iren,Irene,Ирен,Ірен,آئرین,Iren,Irene,Irene
first_name_female_bianca,Bianca,Bianca,Бьянка,Бианка,Bianca,ቢያንካ,بيانكا,Բիանկա,Bianca,বিয়াঙ্কা,Б'янка,Bianca,ဘီယန်ကာ,碧安卡,比安卡,碧安卡,Bianca,Bianca,Bianca,Bianca,Iris,Bianca,Bianca,Bianca,ბიანკა,Bianca,Μπιάνκα,બિયાન્કા,ביאנקה,बियांका,Bianka,Bianca,Bianca,Bianca,ビアンカ,ಬಿಯಾಂಕಾ,Бьянка,ប៊ីអាកា,비앙카,Бьянка,ບຽນຄາ,Bjanka,Bianka,Бјанка,Bianca,ബിയാൻക,बियांका,Бианка,बियांका,Bianca,بیانکا,Bianka,Bianca,Bianca,ਬੀਆਂਕਾ,Bianca,Бианка,Бјанка,බියන්කා,Bianka,Bianca,Bianca,Blanca,Bianca,Bianca,பியாங்கா,బియాంకా,Бианка,เบียงก้า,Bianka,Bianca,Бьянка,Б'янка,بیانکا,Bianka,Bianca,Bianca
first_name_female_iris,Iris,Iris,Ирис,Ирис,Iris,አይሪስ,آيريس,Իրիս,Iris,আইরিস,Ірыс,Iris,အိုင်ရစ်,愛麗絲,艾瑞斯,愛麗絲,Iris,Iris,Iris,Iris,Anderson,Iris,Iris,Iris,ირისი,Iris,Ίρις,આઇરિસ,אייריס,आइरिस,Írisz,Iris,Iris,Iris,アイリス,ಐರಿಸ್,Ирис,អ៊ែរីស,아이리스,Ирис,ໄອຣິສ,Īrisa,Iris,Ирис,Iris,ഐറിസ്,आयरिस,Ирис,आइरिस,Iris,آیریس,Irys,Iris,Iris,ਆਇਰਿਸ,Iris,Ирис,Ирис,අයිරිස්,Iris,Iris,Iris,Iris,Iris,Iris,ஐரிஸ்,ఐరిస్,Ирис,ไอริส,Iris,Iris,Ирис,Ірис,آئرس,Iris,Iris,Iris
last_name_male_anderson,Anderson,Anderson,Андерсон,Андерсон,Anderson,አንደርሰን,أندرسون,Անդերսոն,Anderson,অ্যান্ডারসন,Андэрсан,Anderson,အန်ဒါဆန်,安德森,安德森,安德森,Anderson,Anderson,Anderson,Anderson,Brown,Anderson,Anderson,Anderson,ანდერსონი,Anderson,Άντερσον,એન્ડર્સન,אנדרסון,एंडरसन,Anderson,Anderson,Anderson,Anderson,アンダーソン,ಆಂಡರ್ಸನ್,Андерсон,អាន់ដឺសុន,앤더슨,Андерсон,ແອນເດີສັນ,Andersons,Andersonas,Андерсон,Anderson,ആൻഡേഴ്സൺ,अँडरसन,Андерсон,एन्डरसन,Anderson,آندرسون,Anderson,Anderson,Anderson,ਐਂਡਰਸਨ,Anderson,Андерсон,Андерсон,ඇන්ඩර්සන්,Anderson,Anderson,Anderson,Anderson,Anderson,Andersson,ஆண்டர்சன்,ఆండర్సన్,Андерсон,แอนเดอร์สัน,Anderson,Anderson,Андерсон,Андерсон,اینڈرسن,Anderson,Anderson,Anderson
last_name_male_brown,Brown,Brown,Браун,Браун,Brown,ብራውን,براون,Բրաուն,Brown,ব্রাউন,Браўн,Brown,ဘရောင်း,布朗,布朗,布朗,Brown,Brown,Brown,Brown,Johnson,Brown,Brown,Brown,ბრაუნი,Brown,Μπράουν,બ્રાઉન,בראון,ब्राउन,Brown,Brown,Brown,Brown,ブラウン,ಬ್ರೌನ್,Браун,ប្រោន,브라운,Браун,ບຣາວນ໌,Brauns,Braunas,Браун,Brown,ബ്രൗൺ,ब्राउन,Браун,ब्राउन,Brown,براون,Brown,Brown,Brown,ਬ੍ਰਾਊਨ,Brown,Браун,Браун,බ්‍රවුන්,Brown,Brown,Brown,Brown,Brown,Brown,பிரவுன்,బ్రౌన్,Браун,บราวน์,Brown,Brown,Браун,Браун,براؤن,Braun,Brown,Brown
last_name_male_johnson,Johnson,Johnson,Джонсон,Джонсон,Johnson,ጆንሰን,جونسون,Ջոնսոն,Johnson,জনসন,Джонсан,Johnson,ဂျွန်ဆန်,強森,约翰逊,強森,Johnson,Johnson,Johnson,Johnson,Miller,Johnson,Johnson,Johnson,ჯონსონი,Johnson,Τζόνσον,જોહ્ન્સન,ג'ונסון,जॉनसन,Johnson,Johnson,Johnson,Johnson,ジョンソン,ಜಾನ್ಸನ್,Джонсон,ចនសុន,존슨,Джонсон,ຈອນສັນ,Džonsons,Džonsonas,Џонсон,Johnson,ജോൺസൺ,जॉन्सन,Жонсон,जोन्सन,Johnson,جانسون,Johnson,Johnson,Johnson,ਜਾਨਸਨ,Johnson,Джонсон,Џонсон,ජොන්සන්,Johnson,Johnson,Johnson,Johnson,Johnson,Johnson,ஜான்சன்,జాన్సన్,Ҷонсон,จอห์นสัน,Johnson,Johnson,Джонсон,Джонсон,جانسن,Jonson,Johnson,Johnson
last_name_male_miller,Miller,Miller,Миллер,Миллер,Miller,ሚለር,ميلر,Միլեր,Miller,মিলার,Мілер,Miller,မီလာ,米勒,米勒,米勒,Miller,Miller,Miller,Miller,Moore,Miller,Miller,Miller,მილერი,Miller,Μίλερ,મિલર,מילר,मिलर,Miller,Miller,Miller,Miller,ミラー,ಮಿಲ್ಲರ್,Миллер,មីលឡឺ,밀러,Миллер,ມິນເລີ,Millers,Mileris,Милер,Miller,മില്ലർ,मिलर,Миллер,मिलर,Miller,میلر,Miller,Miller,Miller,ਮਿਲਰ,Miller,Миллер,Милер,මිලර්,Miller,Miller,Miller,Miller,Miller,Miller,மில்லர்,మిల్లర్,Миллер,มิลเลอร์,Miller,Miller,Миллер,Міллер,ملر,Miller,Miller,Miller
last_name_male_moore,Moore,Moore,Мур,Мур,Moore,ሙር,مور,Մուր,Moore,মুর,Мур,Moore,မူရာ,摩爾,摩尔,摩爾,Moore,Moore,Moore,Moore,Smith,Moore,Moore,Moore,მური,Moore,Μουρ,મૂર,מור,मूर,Moore,Moore,Moore,Moore,ムーア,ಮೂರ್,Мур,មួរ,무어,Мур,ມູ,Mūrs,Mūras,Мур,Moore,മൂർ,मूर,Мур,मूर,Moore,مور,Moore,Moore,Moore,ਮੂਰ,Moore,Мур,Мур,මුවර්,Moore,Moore,Moore,Moore,Moore,Moore,மூர்,మూర్,Мур,มัวร์,Mur,Moore,Мур,Мур,مور,Mur,Moore,Moore
last_name_male_smith,Smith,Smith,Смит,Смит,Smith,ስሚዝ,سميث,Սմիթ,Smith,স্মিথ,Сміт,Smith,စမစ်,史密斯,史密斯,史密斯,Smith,Smith,Smith,Smith,Taylor,Smith,Smith,Smith,სმიტი,Smith,Σμιθ,સ્મિથ,סמית,स्मिथ,Smith,Smith,Smith,Smith,スミス,ಸ್ಮಿತ್,Смит,ស្មីត,스미스,Смит,ສມິດ,Smits,Smitas,Смит,Smith,സ്മിത്,स्मिथ,Смит,स्मिथ,Smith,اسمیت,Smith,Smith,Smith,ਸਮਿਥ,Smith,Смит,Смит,ස්මිත්,Smith,Smith,Smith,Smith,Smith,Smith,ஸ்மித்,స్మిత్,Смит,สมิธ,Smit,Smith,Смит,Сміт,سمتھ,Smit,Smith,Smith
last_name_male_taylor,Taylor,Taylor,Тейлор,Тейлор,Taylor,ቴይለር,تايلور,Թեյլոր,Taylor,টেইলর,Тэйлар,Taylor,တေလာ,泰勒,泰勒,泰勒,Taylor,Taylor,Taylor,Taylor,Wilson,Taylor,Taylor,Taylor,ტეილორი,Taylor,Τέιλορ,ટેલર,טיילור,टेलर,Taylor,Taylor,Taylor,Taylor,テイラー,ಟೇಲರ್,Тейлор,តេយ្ល័រ,테일러,Тейлор,ເທນເລີ,Teilors,Teiloras,Тејлор,Taylor,ടെയ്ലർ,टेलर,Тейлор,टेलर,Taylor,تیلور,Taylor,Taylor,Taylor,ਟੇਲਰ,Taylor,Тейлор,Тејлор,ටේලර්,Taylor,Taylor,Taylor,Taylor,Taylor,Taylor,டேலர்,టేలర్,Тейлор,เทย์เลอร์,Teýlor,Taylor,Тейлор,Тейлор,ٹیلر,Teylor,Taylor,Taylor
last_name_male_wilson,Wilson,Wilson,Уилсон,Уилсон,Wilson,ዊልሰን,ويلسون,Ուիլսոն,Wilson,উইলসন,Уілсан,Wilson,ဝီလ်ဆန်,威爾森,威尔逊,威爾森,Wilson,Wilson,Wilson,Wilson,Fletcher,Wilson,Wilson,Wilson,უილსონი,Wilson,Γουίλσον,વિલ્સન,וילסון,विल्सन,Wilson,Wilson,Wilson,Wilson,ウィルソン,ವಿಲ್ಸನ್,Уилсон,វីលសុន,윌슨,Уилсон,ວິນສັນ,Vilsons,Vilsonas,Вилсон,Wilson,വിൽസൺ,विल्सन,Уилсон,विल्सन,Wilson,ویلسون,Wilson,Wilson,Wilson,ਵਿਲਸਨ,Wilson,Уилсон,Вилсон,විල්සන්,Wilson,Wilson,Wilson,Wilson,Wilson,Wilson,வில்சன்,విల్సన్,Уилсон,วิลสัน,Wilson,Wilson,Уилсон,Вілсон,ولسن,Uilson,Wilson,Wilson
last_name_male_fletcher,Fletcher,Fletcher,Флетчер,Флетчер,Fletcher,ፍሌቸር,فليتشر,Ֆլետչեր,Fletcher,ফ্লেচার,Флэтчэр,Fletcher,ဖလက်ချာ,弗萊徹,弗莱彻,弗萊徹,Fletcher,Fletcher,Fletcher,Fletcher,Stone,Fletcher,Fletcher,Fletcher,ფლეტჩერი,Fletcher,Φλέτσερ,ફ્લેચર,פלטצ'ר,फ्लेचर,Fletcher,Fletcher,Fletcher,Fletcher,フレッチャー,ಫ್ಲೆಚರ್,Флетчер,ហ្វ្លេឆឺ,플레처,Флетчер,ເຟລັດເຊີ,Fletčers,Flečeris,Флечер,Fletcher,ഫ്ലെച്ചർ,फ्लेचर,Флетчер,फ्लेचर,Fletcher,فلچر,Fletcher,Fletcher,Fletcher,ਫਲੈਚਰ,Fletcher,Флетчер,Флечер,ෆ්ලෙචර්,Fletcher,Fletcher,Fletcher,Fletcher,Fletcher,Fletcher,ஃப்ளெட்சர்,ఫ్లెచర్,Флетчер,เฟลทเชอร์,Fleçer,Fletcher,Флетчер,Флетчер,فلیچر,Fletcher,Fletcher,Fletcher
last_name_male_stone,Stone,Stone,Стоун,Стоун,Stone,ስቶን,ستون,Սթոուն,Stone,স্টোন,Стоўн,Stone,စတုန်း,史東,斯通,史東,Stone,Stone,Stone,Stone,Novak,Stone,Stone,Stone,სტოუნი,Stone,Στόουν,સ્ટોન,סטון,स्टोन,Stone,Stone,Stone,Stone,ストーン,ಸ್ಟೋನ್,Стоун,ស្តូន,스톤,Стоун,ສຕອນ,Stouns,Stounas,Стоун,Stone,സ്റ്റോൺ,स्टोन,Стоун,स्टोन,Stone,استون,Stone,Stone,Stone,ਸਟੋਨ,Stone,Стоун,Стоун,ස්ටෝන්,Stone,Stone,Stone,Stone,Stone,Stone,ஸ்டோன்,స్టోన్,Стоун,สโตน,Stoun,Stone,Стоун,Стоун,سٹون,Stoun,Stone,Stone
last_name_male_novak,Novak,Novak,Новак,Новак,Novak,ኖቫክ,نوفاك,Նովակ,Novak,নোভাক,Новак,Novak,နိုဗက်,諾瓦克,诺瓦克,諾瓦克,Novak,Novak,Novak,Novak,Koval,Novak,Novak,Novak,ნოვაკი,Novak,Νόβακ,નોવાક,נובאק,नोवाक,Novak,Novak,Novak,Novak,ノバク,ನೋವಾಕ್,Новак,ណូវ៉ាក,노박,Новак,ໂນວັກ,Novaks,Novakas,Новак,Novak,നോവാക്,नोवाक,Новак,नोभाक,Novak,نواک,Novak,Novak,Novak,ਨੋਵਾਕ,Novak,Новак,Новак,නොවාක්,Novak,Novak,Novak,Novak,Novak,Novak,நோவாக்,నోవాక్,Новак,โนวัก,Nowak,Novak,Новак,Новак,نوواک,Novak,Novak,Novak
last_name_male_koval,Koval,Koval,Коваль,Коваль,Koval,ኮቫል,كوفال,Կովալ,Koval,কোভাল,Коваль,Koval,ကိုဗယ်,科瓦爾,科瓦尔,科瓦爾,Koval,Koval,Koval,Koval,Rossi,Koval,Koval,Koval,კოვალი,Koval,Κόβαλ,કોવલ,קובל,कोवाल,Koval,Koval,Koval,Koval,コヴァル,ಕೋವಲ್,Коваль,កូវ៉ាល,코발,Коваль,ໂຄວານ,Kovals,Kovalas,Ковал,Koval,കോവൽ,कोवाल,Коваль,कोभाल,Koval,کووال,Koval,Koval,Koval,ਕੋਵਾਲ,Koval,Коваль,Ковал,කොවල්,Koval,Koval,Koval,Koval,Koval,Koval,கோவல்,కోవల్,Ковал,โควัล,Kowal,Koval,Коваль,Коваль,کووال,Koval,Koval,Koval
last_name_male_rossi,Rossi,Rossi,Росси,Росси,Rossi,ሮሲ,روسي,Ռոսի,Rossi,রসি,Росі,Rossi,ရော့စီ,羅西,罗西,羅西,Rossi,Rossi,Rossi,Rossi,Bianchi,Rossi,Rossi,Rossi,როსი,Rossi,Ρόσι,રોસી,רוסי,रॉसी,Rossi,Rossi,Rossi,Rossi,ロッシ,ರೋಸ್ಸಿ,Росси,រ៉ូស៊ី,로시,Росси,ໂຣສຊີ,Rosī,Rosis,Роси,Rossi,റോസി,रोसी,Росси,रोसी,Rossi,روسی,Rossi,Rossi,Rossi,ਰੌਸੀ,Rossi,Росси,Роси,රොසි,Rossi,Rossi,Rossi,Rossi,Rossi,Rossi,ரோஸ்ஸி,రోస్సీ,Росси,รอสซี่,Rossi,Rossi,Росси,Россі,روسی,Rossi,Rossi,Rossi
last_name_male_bianchi,Bianchi,Bianchi,Бьянки,Бьянки,Bianchi,ቢያንኪ,بيانكي,Բիանկի,Bianchi,বিয়াঙ্কি,Б'янкі,Bianchi,ဘီယန်ချီ,比安奇,比安奇,比安奇,Bianchi,Bianchi,Bianchi,Bianchi,Marin,Bianchi,Bianchi,Bianchi,ბიანკი,Bianchi,Μπιάνκι,બિયાન્ચી,ביאנקי,बियांची,Bianchi,Bianchi,Bianchi,Bianchi,ビアンキ,ಬಿಯಾಂಚಿ,Бьянки,ប៊ីអានគី,비안키,Бьянки,ບຽນຊີ,Bjanki,Biankis,Бјанки,Bianchi,ബിയാൻചി,बियांची,Бьянки,बियान्ची,Bianchi,بیانکی,Bianchi,Bianchi,Bianchi,ਬੀਆਂਕੀ,Bianchi,Бьянки,Бјанки,බියන්චි,Bianchi,Bianchi,Bianchi,Bianchi,Bianchi,Bianchi,பியாஞ்சி,బియాంచి,Бианки,เบียนคี่,Bianki,Bianchi,Бьянки,Б'янкі,بیانچی,Bianki,Bianchi,Bianchi
last_name_male_marin,Marin,Marin,Марин,Марин,Marin,ማሪን,مارين,Մարին,Marin,মারিন,Марын,Marin,မာရင်,馬林,马林,馬林,Marin,Marin,Marin,Marin,Silva,Marin,Marin,Marin,მარინი,Marin,Μαρίν,મરિન,מרין,मारिन,Marin,Marin,Marin,Marin,マリン,ಮಾರಿನ್,Марин,ម៉ារិន,마린,Марин,ມາຣິນ,Marins,Marinas,Марин,Marin,മാരിൻ,मारिन,Марин,मारिन,Marin,مارین,Marin,Marin,Marin,ਮੈਰੀਨ,Marin,Марин,Марин,මරින්,Marin,Marin,Marin,Marin,Marin,Marin,மரின்,మారిన్,Марин,มาริน,Marin,Marin,Марин,Марін,مارن,Marin,Marin,Marin
last_name_male_silva,Silva,Silva,Силва,Силва,Silva,ሲልቫ,سيلفا,Սիլվա,Silva,সিলভা,Сілва,Silva,ဆစ်လ်ဗာ,席爾瓦,席尔瓦,席爾瓦,Silva,Silva,Silva,Silva,Santos,Silva,Silva,Silva,სილვა,Silva,Σίλβα,સિલ્વા,סילבה,सिल्वा,Silva,Silva,Silva,Silva,シルバ,ಸಿಲ್ವಾ,Сильва,ស៊ីលវ៉ា,실바,Сильва,ຊິນວາ,Silva,Silva,Силва,Silva,സിൽവ,सिल्वा,Силва,सिल्भा,Silva,سیلوا,Silva,Silva,Silva,ਸਿਲਵਾ,Silva,Силва,Силва,සිල්වා,Silva,Silva,Silva,Silva,Silva,Silva,சில்வா,సిల్వా,Силва,ซิลวา,Silwa,Silva,Силва,Сільва,سلوا,Silva,Silva,Silva
last_name_male_santos,Santos,Santos,Сантос,Сантос,Santos,ሳንቶስ,سانتوس,Սանտոս,Santos,সান্টোস,Сантос,Santos,ဆန်တို့စ်,桑托斯,桑托斯,桑托斯,Santos,Santos,Santos,Santos,Costa,Santos,Santos,Santos,სანტოსი,Santos,Σάντος,સેન્ટોસ,סנטוס,सैंटोस,Santos,Santos,Santos,Santos,サントス,ಸ್ಯಾಂಟೋಸ್,Сантос,សានតូស,산토스,Сантос,ຊານໂຕສ,Santoss,Santosas,Сантос,Santos,സാന്റോസ്,सॅन्टोस,Сантос,सान्टोस,Santos,سانتوس,Santos,Santos,Santos,ਸੈਂਟੋਸ,Santos,Сантос,Сантос,සැන්ටොස්,Santos,Santos,Santos,Santos,Santos,Santos,சாண்டோஸ்,సాంటోస్,Сантос,ซานโตส,Santos,Santos,Сантос,Сантос,سینٹوس,Santos,Santos,Santos
last_name_male_costa,Costa,Costa,Коста,Коста,Costa,ኮስታ,كوستا,Կոստա,Costa,কোস্টা,Коста,Costa,ကိုစတာ,科斯塔,科斯塔,科斯塔,Costa,Costa,Costa,Costa,Garcia,Costa,Costa,Costa,კოსტა,Costa,Κόστα,કોસ્ટા,קוסטה,कोस्टा,Costa,Costa,Costa,Costa,コスタ,ಕೋಸ್ಟಾ,Коста,កូស្តា,코스타,Коста,ໂຄສຕາ,Kosta,Kosta,Коста,Costa,കോസ്റ്റ,कोस्टा,Коста,कोस्टा,Costa,کاستا,Costa,Costa,Costa,ਕੋਸਟਾ,Costa,Коста,Коста,කොස්ටා,Costa,Costa,Costa,Costa,Costa,Costa,கோஸ்டா,కోస్టా,Коста,คอสต้า,Kosta,Costa,Коста,Коста,کوسٹا,Kosta,Costa,Costa
last_name_male_garcia,Garcia,Garcia,Гарсия,Гарсия,Garcia,ጋርሲያ,غارسيا,Գարսիա,Garcia,গার্সিয়া,Гарсія,Garcia,ဂါစီယာ,加西亞,加西亚,加西亞,Garcia,Garcia,Garcia,Garcia,Martinez,Garcia,Garcia,Garcia,გარსია,Garcia,Γκαρσία,ગાર્સિયા,גרסיה,गार्सिया,Garcia,Garcia,Garcia,Garcia,ガルシア,ಗಾರ್ಸಿಯಾ,Гарсия,ហ្គាស៊ីយ៉ា,가르시아,Гарсия,ກາຊີຍາ,Garsija,Garsija,Гарсија,Garcia,ഗാർസിയ,गार्सिया,Гарсиа,गार्सिया,Garcia,گارسیا,Garcia,Garcia,Garcia,ਗਾਰਸੀਆ,Garcia,Гарсия,Гарсија,ගාර්සියා,Garcia,Garcia,Garcia,García,Garcia,Garcia,கார்சியா,గార్సియా,Гарсия,การ์เซีย,Garsiýa,Garcia,Гарсия,Гарсія,گارسیا,Garsiya,Garcia,Garcia
last_name_male_martinez,Martinez,Martinez,Мартинес,Мартинес,Martinez,ማርቲኔዝ,مارتينيز,Մարտինես,Martinez,মার্টিনেজ,Марцінес,Martinez,မာတီနက်ဇ်,馬丁內斯,马丁内斯,馬丁內斯,Martinez,Martinez,Martinez,Martinez,Lopez,Martinez,Martinez,Martinez,მარტინესი,Martinez,Μαρτίνεζ,માર્ટિનેઝ,מרטינס,मार्टिनेज़,Martinez,Martinez,Martinez,Martinez,マルティネス,ಮಾರ್ಟಿನೆಜ್,Мартинес,ម៉ាទីណេស,마르티네스,Мартинес,ມາຕີເນຊ,Martiness,Martinesas,Мартинез,Martinez,മാർട്ടിനെസ്,मार्टिनेझ,Мартинес,मार्टिनेज,Martinez,مارتینز,Martinez,Martinez,Martinez,ਮਾਰਟੀਨੇਜ਼,Martinez,Мартинес,Мартинез,මාර්ටිනෙස්,Martinez,Martinez,Martinez,Martínez,Martinez,Martinez,மார்டினெஸ்,మార్టినెజ్,Мартинес,มาร์ติเนซ,Martinez,Martinez,Мартинес,Мартінес,مارٹینز,Martinez,Martinez,Martinez
last_name_male_lopez,Lopez,Lopez,Лопес,Лопес,Lopez,ሎፔዝ,لوبيز,Լոպես,Lopez,লোপেজ,Лопес,Lopez,လိုပက်ဇ်,洛佩斯,洛佩斯,洛佩斯,Lopez,Lopez,Lopez,Lopez,Gomez,Lopez,Lopez,Lopez,ლოპესი,Lopez,Λόπεζ,લોપેઝ,לופז,लोपेज़,Lopez,Lopez,Lopez,Lopez,ロペス,ಲೋಪೆಜ್,Лопес,ឡូប៉េស,로페스,Лопес,ໂລເປຊ,Lopess,Lopesas,Лопез,Lopez,ലോപസ്,लोपेझ,Лопес,लोपेज,Lopez,لوپز,Lopez,Lopez,Lopez,ਲੋਪੇਜ਼,Lopez,Лопес,Лопез,ලොපෙස්,Lopez,Lopez,Lopez,López,Lopez,Lopez,லோபஸ்,లోపెజ్,Лопес,โลเปซ,Lopes,Lopez,Лопес,Лопес,لوپیز,Lopes,Lopez,Lopez
last_name_male_gomez,Gomez,Gomez,Гомес,Гомес,Gomez,ጎሜዝ,غوميز,Գոմես,Gomez,গোমেজ,Гомес,Gomez,ဂိုမက်ဇ်,戈麥斯,戈麦斯,戈麥斯,Gomez,Gomez,Gomez,Gomez,Dupont,Gomez,Gomez,Gomez,გომესი,Gomez,Γκόμεζ,ગોમેઝ,גומז,गोमेज़,Gomez,Gomez,Gomez,Gomez,ゴメス,ಗೊಮೆಜ್,Гомес,ហ្គូម៉េស,고메즈,Гомес,ໂກເມຊ,Gomezs,Gomezas,Гомез,Gomez,ഗോമസ്,गोमेझ,Гомес,गोमेज,Gomez,گومز,Gomez,Gomez,Gomez,ਗੋਮੇਜ਼,Gomez,Гомес,Гомез,ගෝමෙස්,Gomez,Gomez,Gomez,Gómez,Gomez,Gomez,கோமஸ்,గోమెజ్,Гомес,โกเมซ,Gomez,Gomez,Гомес,Гомес,گومز,Gomes,Gomez,Gomez
last_name_male_dupont,Dupont,Dupont,Дюпон,Дюпон,Dupont,ዱፖንት,ديوبونت,Դյուպոն,Dupont,ডুপন্ট,Дзюпон,Dupont,ဒူပွန့်စ်,杜邦,杜邦,杜邦,Dupont,Dupont,Dupont,Dupont,Martin,Dupont,Dupont,Dupont,დიუპონი,Dupont,Ντιπόν,ડુપોન્ટ,דופונט,ड्यूपॉन्ट,Dupont,Dupont,Dupont,Dupont,デュポン,ಡುಪಾಂಟ್,Дюпон,ឌូផុន,뒤퐁,Дюпон,ດູປອນ,Dipons,Diponas,Дупон,Dupont,ഡ്യൂപോണ്ട്,ड्युपॉन्ट,Дюпонт,डुपोन्ट,Dupont,دوپون,Dupont,Dupont,Dupont,ਡੂਪੋਂਟ,Dupont,Дюпон,Дупон,ඩුපොන්ට්,Dupont,Dupont,Dupont,Dupont,Dupont,Dupont,டுபோன்ட்,డ్యూపాంట్,Дюпон,ดูปองต์,Dupon,Dupont,Дюпон,Дюпон,ڈوپونٹ,Dyupon,Dupont,Dupont
last_name_male_martin,Martin,Martin,Мартин,Мартин,Martin,ማርቲን,مارتن,Մարտին,Martin,মার্টিন,Марцін,Martin,မာတင်,馬丁,马丁,馬丁,Martin,Martin,Martin,Martin,Leroy,Martin,Martin,Martin,მარტინი,Martin,Μαρτίν,માર્ટિન,מרטין,मार्टिन,Martin,Martin,Martin,Martin,マーティン,ಮಾರ್ಟಿನ್,Мартин,ម៉ាទីន,마틴,Мартин,ມາຕິນ,Martins,Martinas,Мартин,Martin,മാർട്ടിൻ,मार्टिन,Мартин,मार्टिन,Martin,مارتین,Martin,Martin,Martin,ਮਾਰਟਿਨ,Martin,Мартин,Мартин,මාටින්,Martin,Martin,Martin,Martín,Martin,Martin,மார்டின்,మార్టిన్,Мартин,มาร์ติน,Martin,Martin,Мартин,Мартін,مارٹن,Martin,Martin,Martin
last_name_male_leroy,Leroy,Leroy,Лерой,Леруа,Leroy,ሌሮይ,لوروي,Լերոյ,Leroy,লেরয়,Леруа,Leroy,လီရိုင်,勒羅伊,勒罗伊,勒羅伊,Leroy,Leroy,Leroy,Leroy,Becker,Leroy,Leroy,Leroy,ლეროი,Leroy,Λιρόι,લેરોય,לרוי,लेरॉय,Leroy,Leroy,Leroy,Leroy,ルロワ,ಲೆರಾಯ್,Лерой,លេរ៉យ,르로이,Лерой,ເລໂຣຍ,Lerojs,Lerojus,Лерој,Leroy,ലെറോയ്,लेरॉय,Лерой,लेरोय,Leroy,لروی,Leroy,Leroy,Leroy,ਲੇਰੌਏ,Leroy,Леруа,Лерој,ලෙරෝයි,Leroy,Leroy,Leroy,Leroy,Leroy,Leroy,லெராய்,లెరాయ్,Лерой,เลอรอย,Leroý,Leroy,Лерой,Лерой,لیرائے,Leroy,Leroy,Leroy
last_name_male_becker,Becker,Becker,Беккер,Беккер,Becker,ቤከር,بيكر,Բեկեր,Becker,বেকার,Бекер,Becker,ဘက်ကာ,貝克,贝克,貝克,Becker,Becker,Becker,Becker,Schulz,Becker,Becker,Becker,ბეკერი,Becker,Μπέκερ,બેકર,בקר,बेकर,Becker,Becker,Becker,Becker,ベッカー,ಬೆಕರ್,Беккер,បេកឃឺ,베커,Беккер,ເບກເກີ,Bekers,Bekeris,Бекер,Becker,ബെക്കർ,बेकर,Беккер,बेकर,Becker,بکر,Becker,Becker,Becker,ਬੇਕਰ,Becker,Беккер,Бекер,බෙකර්,Becker,Becker,Becker,Becker,Becker,Becker,பேக்கர்,బెకర్,Беккер,เบกเกอร์,Beker,Becker,Беккер,Беккер,بیکر,Beker,Becker,Becker
last_name_male_schulz,Schulz,Schulz,Шульц,Шульц,Schulz,ሹልዝ,شولتز,Շուլց,Schulz,শুলৎজ,Шульц,Schulz,ရှူးလ်ဇ်,舒爾茨,舒尔茨,舒爾茨,Schulz,Schulz,Schulz,Schulz,Wagner,Schulz,Schulz,Schulz,შულცი,Schulz,Σουλτς,શુલ્ઝ,שולץ,शुल्ज़,Schulz,Schulz,Schulz,Schulz,シュルツ,ಶುಲ್ಜ್,Шульц,ស៊ូលហ្ស,슐츠,Шульц,ຊູນຊ໌,Šulcs,Šulcas,Шулц,Schulz,ഷുൽട്സ്,शुल्ट्झ,Шульц,सुल्ज,Schulz,شولتس,Schulz,Schulz,Schulz,ਸ਼ੁਲਟਜ਼,Schulz,Шульц,Шулц,ෂුල්ට්ස්,Schulz,Schulz,Schulz,Schulz,Schulz,Schulz,ஷுல்ட்ஸ்,షుల్ట్జ్,Шултс,ชูลทซ์,Şults,Schulz,Шульц,Шульц,شولٹز,Shults,Schulz,Schulz
last_name_male_wagner,Wagner,Wagner,Вагнер,Вагнер,Wagner,ዋግነር,فاغنر,Վագներ,Wagner,ওয়াগনার,Вагнер,Wagner,ဝါဂနာ,華格納,瓦格纳,華格納,Wagner,Wagner,Wagner,Wagner,Klein,Wagner,Wagner,Wagner,ვაგნერი,Wagner,Βάγκνερ,વાગ્નર,וגנר,वैगनर,Wagner,Wagner,Wagner,Wagner,ワグナー,ವ್ಯಾಗ್ನರ್,Вагнер,វ៉ាក់នឺ,바그너,Вагнер,ວາກເນີ,Vāgners,Vagneris,Вагнер,Wagner,വാഗ്നർ,वॅग्नर,Вагнер,वाग्नर,Wagner,واگنر,Wagner,Wagner,Wagner,ਵੈਗਨਰ,Wagner,Вагнер,Вагнер,වැග්නර්,Wagner,Wagner,Wagner,Wagner,Wagner,Wagner,வாக்னர்,వాగ్నర్,Вагнер,วากเนอร์,Wagner,Wagner,Вагнер,Вагнер,واگنر,Vagner,Wagner,Wagner
last_name_male_klein,Klein,Klein,Кляйн,Кляйн,Klein,ክላይን,كلاين,Կլայն,Klein,ক্লেইন,Кляйн,Klein,ကလိုင်း,克萊因,克莱因,克萊因,Klein,Klein,Klein,Klein,Weber,Klein,Klein,Klein,კლაინი,Klein,Κλάιν,ક્લેઇન,קליין,क्लेन,Klein,Klein,Klein,Klein,クライン,ಕ್ಲೈನ್,Кляйн,ក្លាយ,클라인,Кляйн,ຄລາຍນ໌,Kleins,Kleinas,Клајн,Klein,ക്ലീൻ,क्लाइन,Кляйн,क्लाइन,Klein,کلاین,Klein,Klein,Klein,ਕਲੇਨ,Klein,Кляйн,Клајн,ක්ලයින්,Klein,Klein,Klein,Klein,Klein,Klein,க்ளைன்,క్లైన్,Клайн,ไคลน์,Klaýn,Klein,Кляйн,Кляйн,کلین,Klayn,Klein,Klein
last_name_male_weber,Weber,Weber,Вебер,Вебер,Weber,ዌበር,ويبر,Վեբեր,Weber,ওয়েবার,Вебер,Weber,ဝက်ဘာ,韋伯,韦伯,韋伯,Weber,Weber,Weber,Weber,Jansen,Weber,Weber,Weber,ვებერი,Weber,Βέμπερ,વેબર,ובר,वेबर,Weber,Weber,Weber,Weber,ウェーバー,ವೆಬರ್,Вебер,វ៉េបឺ,베버,Вебер,ເວເບີ,Vēbers,Veberis,Вебер,Weber,വെബർ,वेबर,Вебер,वेबर,Weber,وبر,Weber,Weber,Weber,ਵੇਬਰ,Weber,Вебер,Вебер,වෙබර්,Weber,Weber,Weber,Weber,Weber,Weber,வெபர்,వెబర్,Вебер,เวเบอร์,Weber,Weber,Вебер,Вебер,ویبر,Veber,Weber,Weber
last_name_male_jansen,Jansen,Jansen,Янсен,Янсен,Jansen,ያንሰን,يانسن,Յանսեն,Jansen,ইয়ানসেন,Янсен,Jansen,ယန်ဆန်,詹森,詹森,詹森,Jansen,Jansen,Jansen,Jansen,Nilsson,Jansen,Jansen,Jansen,იანსენი,Jansen,Γιάνσεν,જાન્સેન,יאנסן,जानसेन,Jansen,Jansen,Jansen,Jansen,ヤンセン,ಯಾನ್ಸೆನ್,Янсен,យ៉ានសិន,얀센,Янсен,ຢານເຊນ,Jansens,Jansenas,Јансен,Jansen,ജാൻസെൻ,जान्सेन,Янсен,जान्सेन,Jansen,یانسن,Jansen,Jansen,Jansen,ਜੈਨਸਨ,Jansen,Янсен,Јансен,ජැන්සන්,Jansen,Jansen,Jansen,Jansen,Jansen,Jansen,ஜான்சென்,జాన్సెన్,Янсен,แจนเซ่น,Ýansen,Jansen,Янсен,Янсен,جینسن,Yansen,Jansen,Jansen
last_name_male_nilsson,Nilsson,Nilsson,Нильсон,Нильссон,Nilsson,ኒልሰን,نيلسون,Նիլսոն,Nilsson,নিলসন,Нільсан,Nilsson,နီလ်ဆန်,尼爾森,尼尔森,尼爾森,Nilsson,Nilsson,Nilsson,Nilsson,Hansen,Nilsson,Nilsson,Nilsson,ნილსონი,Nilsson,Νίλσον,નિલ્સન,נילסון,नीलसन,Nilsson,Nilsson,Nilsson,Nilsson,ニルソン,ನಿಲ್ಸನ್,Нильсон,នីលសុន,닐슨,Нильсон,ນິນສັນ,Nilsons,Nilsonas,Нилсон,Nilsson,നിൽസൺ,निल्सन,Нильсон,निल्सन,Nilsson,نیلسن,Nilsson,Nilsson,Nilsson,ਨਿਲਸਨ,Nilsson,Нильссон,Нилсон,නිල්සන්,Nilsson,Nilsson,Nilsson,Nilsson,Nilsson,Nilsson,நில்சன்,నిల్సన్,Нилсон,นิลส์สัน,Nilson,Nilsson,Нильсон,Нільсон,نیلسن,Nilson,Nilsson,Nilsson
last_name_male_hansen,Hansen,Hansen,Хансен,Хансен,Hansen,ሀንሰን,هانسن,Հանսեն,Hansen,হ্যানসেন,Хансен,Hansen,ဟန်ဆန်,韓森,汉森,韓森,Hansen,Hansen,Hansen,Hansen,Larsen,Hansen,Hansen,Hansen,ჰანსენი,Hansen,Χάνσεν,હેન્સન,הנסן,हैनसेन,Hansen,Hansen,Hansen,Hansen,ハンセン,ಹ್ಯಾನ್ಸನ್,Хансен,ហានសិន,한센,Хансен,ຮານເຊນ,Hansens,Hansenas,Хансен,Hansen,ഹാൻസെൻ,हान्सेन,Хансен,हान्सेन,Hansen,هانسن,Hansen,Hansen,Hansen,ਹੈਨਸਨ,Hansen,Хансен,Хансен,හැන්සන්,Hansen,Hansen,Hansen,Hansen,Hansen,Hansen,ஹான்சென்,హాన్సెన్,Хансен,ฮันเซ่น,Hansen,Hansen,Хансен,Гансен,ہینسن,Xansen,Hansen,Hansen
last_name_male_larsen,Larsen,Larsen,Ларсен,Ларсен,Larsen,ላርሰን,لارسن,Լարսեն,Larsen,লারসেন,Ларсен,Larsen,လာဆန်,拉森,拉森,拉森,Larsen,Larsen,Larsen,Larsen,Berger,Larsen,Larsen,Larsen,ლარსენი,Larsen,Λάρσεν,લાર્સન,לארסן,लार्सन,Larsen,Larsen,Larsen,Larsen,ラーセン,ಲಾರ್ಸನ್,Ларсен,ឡាសិន,라르센,Ларсен,ລາຊັນ,Larsens,Larsenas,Ларсен,Larsen,ലാർസൻ,लार्सन,Ларсен,लार्सेन,Larsen,لارسن,Larsen,Larsen,Larsen,ਲਾਰਸਨ,Larsen,Ларсен,Ларсен,ලාර්සන්,Larsen,Larsen,Larsen,Larsen,Larsen,Larsen,லார்சென்,లార్సెన్,Ларсен,ลาร์เซ่น,Larsen,Larsen,Ларсен,Ларсен,لارسن,Larsen,Larsen,Larsen
last_name_male_berger,Berger,Berger,Бергер,Бергер,Berger,ቤርገር,بيرغر,Բերգեր,Berger,বার্গার,Бергер,Berger,ဘာဂါ,柏格,伯格,柏格,Berger,Berger,Berger,Berger,Stewart,Berger,Berger,Berger,ბერგერი,Berger,Μπέργκερ,બર્ગર,ברגר,बर्गर,Berger,Berger,Berger,Berger,バーガー,ಬರ್ಗರ್,Бергер,បឺហ្គឺ,버거,Бергер,ເບີເກີ,Bergers,Bergeris,Бергер,Berger,ബെർഗർ,बर्गर,Бергер,बर्गर,Berger,برگر,Berger,Berger,Berger,ਬਰਗਰ,Berger,Бергер,Бергер,බර්ගර්,Berger,Berger,Berger,Berger,Berger,Berger,பெர்கர்,బర్గర్,Бергер,เบอร์เกอร์,Berger,Berger,Бергер,Бергер,برگر,Berger,Berger,Berger
last_name_male_stewart,Stewart,Stewart,Стюарт,Стюарт,Stewart,ስቱዋርት,ستيوارت,Ստյուարտ,Stewart,স্টুয়ার্ট,Сцюарт,Stewart,စတူးဝပ်,史都華,斯图尔特,史都華,Stewart,Stewart,Stewart,Stewart,Murphy,Stewart,Stewart,Stewart,სტიუარტი,Stewart,Στιούαρτ,સ્ટુઅર્ટ,סטיוארט,स्टीवर्ट,Stewart,Stewart,Stewart,Stewart,スチュワート,ಸ್ಟುವರ್ಟ್,Стюарт,ស្ទូអាត,스튜어트,Стюарт,ສະຕູອາດ,Stjuarts,Stiuartas,Стјуарт,Stewart,സ്റ്റുവർട്ട്,स्ट्युअर्ट,Стюарт,स्टुअर्ट,Stewart,استوارت,Stewart,Stewart,Stewart,ਸਟੀਵਰਟ,Stewart,Стюарт,Стјуарт,ස්ටුවර්ට්,Stewart,Stewart,Stewart,Stewart,Stewart,Stewart,ஸ்டூவர்ட்,స్టూవర్ట్,Стюарт,สจ๊วต,Stýuart,Stewart,Стюарт,Стюарт,سٹیورٹ,Styuart,Stewart,Stewart
last_name_male_murphy,Murphy,Murphy,Мёрфи,Мёрфи,Murphy,መርፊ,ميرفي,Մերֆի,Murphy,মারফি,Мёрфі,Murphy,မာဖီ,墨菲,墨菲,墨菲,Murphy,Murphy,Murphy,Murphy,Bell,Murphy,Murphy,Murphy,მერფი,Murphy,Μέρφι,મર્ફી,מרפי,मर्फी,Murphy,Murphy,Murphy,Murphy,マーフィー,ಮರ್ಫಿ,Мёрфи,មឺហ្វី,머피,Мёрфи,ເມີຟີ,Mērfijs,Merfis,Мерфи,Murphy,മർഫി,मर्फी,Мерфи,मर्फी,Murphy,مورفی,Murphy,Murphy,Murphy,ਮਰਫੀ,Murphy,Мёрфи,Мерфи,මර්ෆි,Murphy,Murphy,Murphy,Murphy,Murphy,Murphy,மர்பி,మర్ఫీ,Мерфи,เมอร์ฟี,Merfi,Murphy,Мёрфи,Мерфі,مرفی,Merfi,Murphy,Murphy
last_name_male_bell,Bell,Bell,Белл,Белл,Bell,ቤል,بيل,Բել,Bell,বেল,Бел,Bell,ဘဲလ်,貝爾,贝尔,貝爾,Bell,Bell,Bell,Bell,Clark,Bell,Bell,Bell,ბელი,Bell,Μπελ,બેલ,בל,बेल,Bell,Bell,Bell,Bell,ベル,ಬೆಲ್,Белл,បែល,벨,Белл,ເບນ,Bells,Belas,Бел,Bell,ബെൽ,बेल,Белл,बेल,Bell,بل,Bell,Bell,Bell,ਬੈੱਲ,Bell,Белл,Бел,බෙල්,Bell,Bell,Bell,Bell,Bell,Bell,பெல்,బెల్,Белл,เบลล์,Bell,Bell,Белл,Белл,بیل,Bell,Bell,Bell
last_name_male_clark,Clark,Clark,Кларк,Кларк,Clark,ክላርክ,كلارك,Քլարկ,Clark,ক্লার্ক,Кларк,Clark,ကလာ့ခ်,克拉克,克拉克,克拉克,Clark,Clark,Clark,Clark,Collins,Clark,Clark,Clark,კლარკი,Clark,Κλαρκ,ક્લાર્ક,קלארק,क्लार्क,Clark,Clark,Clark,Clark,クラーク,ಕ್ಲಾರ್ಕ್,Кларк,ក្លាក,클라크,Кларк,ຄາຣ໌ກ,Klarks,Klerkas,Кларк,Clark,ക്ലാർക്ക്,क्लार्क,Кларк,क्लार्क,Clark,کلارک,Clark,Clark,Clark,ਕਲਾਰਕ,Clark,Кларк,Кларк,ක්ලාක්,Clark,Clark,Clark,Clark,Clark,Clark,கிளார்க்,క్లార్క్,Кларк,คลาร์ก,Clark,Clark,Кларк,Кларк,کلارک,Klark,Clark,Clark
last_name_male_collins,Collins,Collins,Коллинз,Коллинз,Collins,ኮሊንስ,كولينز,Քոլինզ,Collins,কলিন্স,Колінз,Collins,ကိုလင်စ်,柯林斯,柯林斯,柯林斯,Collins,Collins,Collins,Collins,Morgan,Collins,Collins,Collins,კოლინზი,Collins,Κόλινς,કોલિન્સ,קולינס,कॉलिन्स,Collins,Collins,Collins,Collins,コリンズ,ಕಾಲಿನ್ಸ್,Коллинз,កូលីន,콜린스,Коллинз,ຄອນລິນສ໌,Kolinss,Kolinsas,Колинс,Collins,കോളിൻസ്,कॉलिन्स,Коллинз,कोलिन्स,Collins,کالینز,Collins,Collins,Collins,ਕੋਲਿਨਸ,Collins,Коллинз,Колинс,කොලින්ස්,Collins,Collins,Collins,Collins,Collins,Collins,காலின்ஸ்,కాలిన్స్,Коллинз,คอลลินส์,Kollinz,Collins,Коллинз,Коллінз,کولنز,Kollinz,Collins,Collins
last_name_male_morgan,Morgan,Morgan,Морган,Морган,Morgan,ሞርጋን,مورغان,Մորգան,Morgan,মরগান,Морган,Morgan,မော်ဂန်,摩根,摩根,摩根,Morgan,Morgan,Morgan,Morgan,Evans,Morgan,Morgan,Morgan,მორგანი,Morgan,Μόργκαν,મોર્ગન,מורגן,मॉर्गन,Morgan,Morgan,Morgan,Morgan,モーガン,ಮಾರ್ಗನ್,Морган,ម៉រហ្គាន,모건,Морган,ມອກການ,Morgans,Morganas,Морган,Morgan,മോർഗൻ,मॉर्गन,Морган,मोर्गन,Morgan,مورگان,Morgan,Morgan,Morgan,ਮੋਰਗਨ,Morgan,Морган,Морган,මෝගන්,Morgan,Morgan,Morgan,Morgan,Morgan,Morgan,மோர்கன்,మోర్గాన్,Морган,มอร์แกน,Morgan,Morgan,Морган,Морган,مورگن,Morgan,Morgan,Morgan
last_name_male_evans,Evans,Evans,Эванс,Эванс,Evans,ኢቫንስ,إيفانز,Էվանս,Evans,ইভান্স,Эванс,Evans,အီဗန်စ်,埃文斯,埃文斯,埃文斯,Evans,Evans,Evans,Evans,Kovalev,Evans,Evans,Evans,ევანსი,Evans,Έβανς,ઇવાન્સ,אוונס,इवांस,Evans,Evans,Evans,Evans,エバンス,ಇವಾನ್ಸ್,Эванс,អ៊ីវ៉ាន់,에반스,Эванс,ເອວັນສ໌,Evanss,Evansas,Еванс,Evans,ഇവാൻസ്,इव्हान्स,Эванс,इभान्स,Evans,ایوانز,Evans,Evans,Evans,ਇਵਾਨਸ,Evans,Эванс,Еванс,එවන්ස්,Evans,Evans,Evans,Evans,Evans,Evans,எவன்ஸ்,ఎవాన్స్,Эванс,อีแวนส์,Ewans,Evans,Эванс,Еванс,ایونز,Evans,Evans,Evans
last_name_male_kovalev,Kovalev,Kovalev,Ковалёв,Ковалёв,Kovalev,ኮቫሌቭ,كوفاليف,Կովալև,Kovalev,কোভালেভ,Кавалёў,Kovalev,ကိုဗာလျက်ဗ်,科瓦列夫,科瓦列夫,科瓦列夫,Kovalev,Kovalev,Kovalev,Kovalev,Petrov,Kovalev,Kovalev,Kovalev,კოვალევი,Kovalev,Κοβάλεφ,કોવાલેવ,קובלב,कोवालेव,Kovalev,Kovalev,Kovalev,Kovalev,コバレフ,ಕೋವಲೆವ್,Ковалёв,កូវ៉ាឡេវ,코발레프,Ковалёв,ໂຄວາເລບ,Kovaļevs,Kovaliovas,Ковалев,Kovalev,കോവലേവ്,कोवालेव,Ковалев,कोभालेव,Kovalev,کووالف,Kovalev,Kovalev,Kovalev,ਕੋਵਾਲੇਵ,Kovalev,Ковалёв,Коваљев,කොවලෙව්,Kovalev,Kovalev,Kovalev,Kovalev,Kovalev,Kovalev,கோவலேவ்,కోవలేవ్,Ковалев,โควาเลฟ,Kowalew,Kovalev,Ковалёв,Ковальов,کووالیف,Kovalyov,Kovalev,Kovalev
last_name_male_petrov,Petrov,Petrov,Петров,Петров,Petrov,ፔትሮቭ,بيتروف,Պետրով,Petrov,পেট্রোভ,Пятроў,Petrov,ပက်ထရိုဗ်,彼得羅夫,彼得罗夫,彼得羅夫,Petrov,Petrov,Petrov,Petrov,Sokolov,Petrov,Petrov,Petrov,პეტროვი,Petrov,Πέτροφ,પેટ્રોવ,פטרוב,पेट्रोव,Petrov,Petrov,Petrov,Petrov,ペトロフ,ಪೆಟ್ರೋವ್,Петров,ភីត្រូវ,페트로프,Петров,ເປໂຕຣບ,Petrovs,Petrovas,Петров,Petrov,പെട്രോവ്,पेट्रोव,Петров,पेट्रोभ,Petrov,پتروف,Petrov,Petrov,Petrov,ਪੈਟਰੋਵ,Petrov,Петров,Петров,පෙට්‍රොව්,Petrov,Petrov,Petrov,Petrov,Petrov,Petrov,பெட்ரோவ்,పెట్రోవ్,Петров,เปตรอฟ,Petrow,Petrov,Петров,Петров,پیٹروف,Petrov,Petrov,Petrov
last_name_male_sokolov,Sokolov,Sokolov,Соколов,Соколов,Sokolov,ሶኮሎቭ,سوكولوف,Սոկոլով,Sokolov,সোকোলভ,Саколаў,Sokolov,ဆိုကိုလိုဗ်,索科洛夫,索科洛夫,索科洛夫,Sokolov,Sokolov,Sokolov,Sokolov,Volkov,Sokolov,Sokolov,Sokolov,სოკოლოვი,Sokolov,Σοκόλοφ,સોકોલોવ,סוקולוב,सोकोलोव,Sokolov,Sokolov,Sokolov,Sokolov,ソコロフ,ಸೊಕೊಲೊವ್,Соколов,សូកូឡូវ,소콜로프,Соколов,ໂຊໂຄໂລບ,Sokolovs,Sokolovas,Соколов,Sokolov,സോകോലോവ്,सोकोलोव,Соколов,सोकोलोभ,Sokolov,سوکولوف,Sokolov,Sokolov,Sokolov,ਸੋਕੋਲੋਵ,Sokolov,Соколов,Соколов,සොකොලොව්,Sokolov,Sokolov,Sokolov,Sokolov,Sokolov,Sokolov,சோகோலோவ்,సోకోలోవ్,Соколов,โซโกโลฟ,Sokolow,Sokolov,Соколов,Соколов,سوکولوف,Sokolov,Sokolov,Sokolov
last_name_male_volkov,Volkov,Volkov,Волков,Волков,Volkov,ቮልኮቭ,فولكوف,Վոլկով,Volkov,ভোলকভ,Волкаў,Volkov,ဗော်လ်ကိုဗ်,沃爾科夫,沃尔科夫,沃爾科夫,Volkov,Volkov,Volkov,Volkov,Tarasov,Volkov,Volkov,Volkov,ვოლკოვი,Volkov,Βόλκοφ,વોલ્કોવ,וולקוב,वोल्कोव,Volkov,Volkov,Volkov,Volkov,ヴォルコフ,ವೊಲ್ಕೊವ್,Волков,វ៉ុលកូវ,볼코프,Волков,ໂວນໂຄບ,Volkovs,Volkovas,Волков,Volkov,വോൾകോവ്,वोल्कोव,Волков,भोल्कोभ,Volkov,ولکوف,Volkov,Volkov,Volkov,ਵੋਲਕੋਵ,Volkov,Волков,Волков,වොල්කොව්,Volkov,Volkov,Volkov,Volkov,Volkov,Volkov,வோல்கோவ்,వోల్కోవ్,Волков,โวลคอฟ,Wolkow,Volkov,Волков,Волков,وولکوف,Volkov,Volkov,Volkov
last_name_male_tarasov,Tarasov,Tarasov,Тарасов,Тарасов,Tarasov,ታራሶቭ,تاراسوف,Տարասով,Tarasov,তারাসভ,Тарасаў,Tarasov,တာရာဆိုဗ်,塔拉索夫,塔拉索夫,塔拉索夫,Tarasov,Tarasov,Tarasov,Tarasov,Tanaka,Tarasov,Tarasov,Tarasov,ტარასოვი,Tarasov,Ταράσοφ,તારાસોવ,טרסוב,तारासोव,Tarasov,Tarasov,Tarasov,Tarasov,タラソフ,ತರಾಸೊವ್,Тарасов,តារ៉ាសូវ,타라소프,Тарасов,ຕາຣາໂຊບ,Tarasovs,Tarasovas,Тарасов,Tarasov,താരസോവ്,तारासोव,Тарасов,तारासोभ,Tarasov,تاراسوف,Tarasov,Tarasov,Tarasov,ਤਾਰਾਸੋਵ,Tarasov,Тарасов,Тарасов,තරසොව්,Tarasov,Tarasov,Tarasov,Tarasov,Tarasov,Tarasov,தராசோவ்,తరాసోవ్,Тарасов,ทาราซอฟ,Tarasow,Tarasov,Тарасов,Тарасов,تاراسوف,Tarasov,Tarasov,Tarasov
last_name_male_tanaka,Tanaka,Tanaka,Танака,Танака,Tanaka,ታናካ,تاناكا,Տանակա,Tanaka,তানাকা,Танака,Tanaka,တာနာကာ,田中,田中,田中,Tanaka,Tanaka,Tanaka,Tanaka,Sato,Tanaka,Tanaka,Tanaka,ტანაკა,Tanaka,Τανάκα,તાનાકા,טנקה,तनाका,Tanaka,Tanaka,Tanaka,Tanaka,タナカ,ತನಕ,Танака,តាណាកា,다나카,Танака,ຕານາກາ,Tanaka,Tanaka,Танака,Tanaka,തനാക,तनाका,Танака,तानाका,Tanaka,تاناکا,Tanaka,Tanaka,Tanaka,ਤਾਨਾਕਾ,Tanaka,Танака,Танака,තනකා,Tanaka,Tanaka,Tanaka,Tanaka,Tanaka,Tanaka,தனகா,తనాకా,Танака,ทานากะ,Tanaka,Tanaka,Танака,Танака,تاناکا,Tanaka,Tanaka,Tanaka
last_name_male_sato,Sato,Sato,Сато,Сато,Sato,ሳቶ,ساتو,Սատո,Sato,সাতো,Сато,Sato,ဆာတို,佐藤,佐藤,佐藤,Sato,Sato,Sato,Sato,Kim,Sato,Sato,Sato,სატო,Sato,Σάτο,સાટો,סאטו,सातो,Sato,Sato,Sato,Sato,サトウ,ಸಾಟೊ,Сато,សាតូ,사토,Сато,ຊາຕາ,Sato,Sato,Сато,Sato,സാറ്റോ,सातो,Сато,सातो,Sato,ساتو,Sato,Sato,Sato,ਸਾਟੋ,Sato,Сато,Сато,සාටෝ,Sato,Sato,Sato,Sato,Sato,Sato,சாடோ,సాటో,Сато,ซาโต้,Sato,Sato,Сато,Сато,ساتو,Sato,Sato,Sato
last_name_male_kim,Kim,Kim,Ким,Ким,Kim,ኪም,كيم,Կիմ,Kim,কিম,Кім,Kim,ကင်မ်,金,金,金,Kim,Kim,Kim,Kim,Park,Kim,Kim,Kim,კიმი,Kim,Κιμ,કિમ,קים,किम,Kim,Kim,Kim,Kim,キム,ಕಿಮ್,Ким,គីម,김,Ким,ຄິມ,Kims,Kim,Ким,Kim,കിം,किम,Ким,किम,Kim,کیم,Kim,Kim,Kim,ਕਿਮ,Kim,Ким,Ким,කිම්,Kim,Kim,Kim,Kim,Kim,Kim,கிம்,కిమ్,Ким,คิม,Kim,Kim,Ким,Кім,کم,Kim,Kim,Kim
last_name_male_park,Park,Park,Пак,Пак,Park,ፓርክ,بارك,Պարկ,Park,পার্ক,Пак,Park,ပါ့ခ်,朴,朴,朴,Park,Park,Park,Park,Lee,Park,Park,Park,პარკი,Park,Παρκ,પાર્ક,פארק,पार्क,Park,Park,Park,Park,パク,ಪಾರ್ಕ್,Пак,ប៉ាក,박,Пак,ພາກ,Paks,Parkas,Парк,Park,പാർക്ക്,पार्क,Пак,पार्क,Park,پارک,Park,Park,Park,ਪਾਰਕ,Park,Пак,Парк,පාක්,Park,Park,Park,Park,Park,Park,பார்க்,పార్క్,Парк,ปาร์ค,Park,Park,Пак,Пак,پارک,Park,Park,Park
last_name_male_lee,Lee,Lee,Ли,Ли,Lee,ሊ,لي,Լի,Lee,লি,Лі,Lee,လီ,李,李,李,Lee,Lee,Lee,Lee,Lin,Lee,Lee,Lee,ლი,Lee,Λι,લી,לי,ली,Lee,Lee,Lee,Lee,イ,ಲೀ,Ли,លី,이,Ли,ລີ,Lī,Li,Ли,Lee,ലീ,ली,Ли,ली,Lee,لی,Lee,Lee,Lee,ਲੀ,Lee,Ли,Ли,ලී,Lee,Lee,Lee,Lee,Lee,Lee,லீ,లీ,Ли,ลี,Li,Lee,Ли,Лі,لی,Li,Lee,Lee
last_name_male_lin,Lin,Lin,Лин,Лин,Lin,ሊን,لين,Լին,Lin,লিন,Лін,Lin,လင်,林,林,林,Lin,Lin,Lin,Lin,Chen,Lin,Lin,Lin,ლინი,Lin,Λιν,લિન,לין,लिन,Lin,Lin,Lin,Lin,リン,ಲಿನ್,Лин,លីន,린,Лин,ລິນ,Lins,Lin,Лин,Lin,ലിൻ,लिन,Лин,लिन,Lin,لین,Lin,Lin,Lin,ਲਿਨ,Lin,Лин,Лин,ලින්,Lin,Lin,Lin,Lin,Lin,Lin,லின்,లిన్,Лин,หลิน,Lin,Lin,Лин,Лін,لن,Lin,Lin,Lin
last_name_male_chen,Chen,Chen,Чен,Чен,Chen,ቼን,تشين,Չեն,Chen,চেন,Чэн,Chen,ချန်,陳,陈,陳,Chen,Chen,Chen,Chen,Khan,Chen,Chen,Chen,ჩენი,Chen,Τσεν,ચેન,צ'ן,चेन,Chen,Chen,Chen,Chen,チェン,ಚೆನ್,Чен,ឆេន,첸,Чен,ເຊນ,Čens,Čenas,Чен,Chen,ചെൻ,चेन,Чен,चेन,Chen,چن,Chen,Chen,Chen,ਚੇਨ,Chen,Чен,Чен,චෙන්,Chen,Chen,Chen,Chen,Chen,Chen,சென்,చెన్,Чен,เฉิน,Çen,Chen,Чен,Чен,چن,Chen,Chen,Chen
last_name_male_khan,Khan,Khan,Хан,Хан,Khan,ካን,خان,Խան,Khan,খান,Хан,Khan,ခန်,汗,汗,汗,Khan,Khan,Khan,Khan,Malik,Khan,Khan,Khan,ხანი,Khan,Χαν,ખાન,חאן,खान,Khan,Khan,Khan,Khan,カーン,ಖಾನ್,Хан,ខាន់,칸,Хан,ຄານ,Khans,Khanas,Кан,Khan,ഖാൻ,खान,Хан,खान,Khan,خان,Khan,Khan,Khan,ਖਾਨ,Khan,Хан,Кан,කාන්,Khan,Khan,Khan,Khan,Khan,Khan,கான்,ఖాన్,Хан,ข่าน,Han,Khan,Хан,Хан,خان,Xon,Khan,Khan
last_name_male_malik,Malik,Malik,Малик,Малик,Malik,ማሊክ,مالك,Մալիկ,Malik,মালিক,Малік,Malik,မာလစ်,馬利克,马利克,馬利克,Malik,Malik,Malik,Malik,Mehta,Malik,Malik,Malik,მალიკი,Malik,Μαλίκ,મલિક,מאליק,मलिक,Malik,Malik,Malik,Malik,マリク,ಮಲಿಕ್,Малик,ម៉ាលីក,말릭,Малик,ມາລິກ,Maliks,Malikas,Малик,Malik,മാലിക്,मलिक,Малик,मालिक,Malik,مالک,Malik,Malik,Malik,ਮਾਲਿਕ,Malik,Малик,Малик,මාලික්,Malik,Malik,Malik,Malik,Malik,Malik,மாலிக்,మాలిక్,Малик,มาลิก,Malik,Malik,Малик,Малік,ملک,Malik,Malik,Malik
last_name_male_mehta,Mehta,Mehta,Мехта,Мехта,Mehta,ሜህታ,مهتا,Մեհտա,Mehta,মেহতা,Мехта,Mehta,မယ်ထာ,梅塔,梅塔,梅塔,Mehta,Mehta,Mehta,Mehta,Adams,Mehta,Mehta,Mehta,მეჰტა,Mehta,Μεχτά,મહેતા,מהטה,मेहता,Mehta,Mehta,Mehta,Mehta,メータ,ಮೆಹ್ತಾ,Мехта,មេហ្តា,메타,Мехта,ເມຕາ,Mehta,Mehta,Мехта,Mehta,മേത്ത,मेहता,Мехта,मेहता,Mehta,میتا,Mehta,Mehta,Mehta,ਮਹਿਤਾ,Mehta,Мехта,Мехта,මෙහ්තා,Mehta,Mehta,Mehta,Mehta,Mehta,Mehta,மேத்தா,మెహతా,Мехта,เมห์ตา,Mehta,Mehta,Мехта,Мехта,مہتا,Mehta,Mehta,Mehta
last_name_male_adams,Adams,Adams,Адамс,Адамс,Adams,አዳምስ,آدامز,Ադամս,Adams,অ্যাডামস,Адамс,Adams,အက်ဒမ်စ်,亞當斯,亚当斯,亞當斯,Adams,Adams,Adams,Adams,Baker,Adams,Adams,Adams,ადამსი,Adams,Άνταμς,એડમ્સ,אדמס,एडम्स,Adams,Adams,Adams,Adams,アダムズ,ಆಡಮ್ಸ್,Адамс,អាដាម,아담스,Адамс,ອາດາມສ໌,Adamss,Adamsas,Адамс,Adams,ആഡംസ്,अॅडम्स,Адамс,एडम्स,Adams,آدامز,Adams,Adams,Adams,ਐਡਮਜ਼,Adams,Адамс,Адамс,ඇඩම්ස්,Adams,Adams,Adams,Adams,Adams,Adams,ஆடம்ஸ்,ఆడమ్స్,Адамс,อดัมส์,Adams,Adams,Адамс,Адамс,ایڈمز,Adams,Adams,Adams
last_name_male_baker,Baker,Baker,Бейкер,Бейкер,Baker,ቤከር,بايكر,Բեյքեր,Baker,বেকার,Бэйкер,Baker,ဘေကာ,貝克,贝克,貝克,Baker,Baker,Baker,Baker,Carter,Baker,Baker,Baker,ბეიკერი,Baker,Μπέικερ,બેકર,בייקר,बेकर,Baker,Baker,Baker,Baker,ベイカー,ಬೇಕರ್,Бейкер,បេកឃឺ,베이커,Бейкер,ເບກເກີ,Beikers,Bekeris,Бејкер,Baker,ബേക്കർ,बेकर,Бейкер,बेकर,Baker,بیکر,Baker,Baker,Baker,ਬੇਕਰ,Baker,Бейкер,Бејкер,බේකර්,Baker,Baker,Baker,Baker,Baker,Baker,பேக்கர்,బేకర్,Бейкер,เบเกอร์,Beýker,Baker,Бейкер,Бейкер,بیکر,Beyker,Baker,Baker
last_name_male_carter,Carter,Carter,Картер,Картер,Carter,ካርተር,كارتر,Քարթեր,Carter,কার্টার,Картэр,Carter,ကာတာ,卡特,卡特,卡特,Carter,Carter,Carter,Carter,Cooper,Carter,Carter,Carter,კარტერი,Carter,Κάρτερ,કાર્ટર,קרטר,कार्टर,Carter,Carter,Carter,Carter,カーター,ಕಾರ್ಟರ್,Картер,កាតឺរ,카터,Картер,ຄາຕາ,Kārters,Karteris,Картер,Carter,കാർട്ടർ,कार्टर,Картер,कार्टर,Carter,کارتر,Carter,Carter,Carter,ਕਾਰਟਰ,Carter,Картер,Картер,කාටර්,Carter,Carter,Carter,Carter,Carter,Carter,கார்ட்டர்,కార్టర్,Картер,คาร์เตอร์,Karter,Carter,Картер,Картер,کارٹر,Karter,Carter,Carter
last_name_male_cooper,Cooper,Cooper,Купер,Купер,Cooper,ኩፐር,كوبر,Քուպեր,Cooper,কুপার,Купер,Cooper,ကုပါ,庫柏,库珀,庫柏,Cooper,Cooper,Cooper,Cooper,Davis,Cooper,Cooper,Cooper,კუპერი,Cooper,Κούπερ,કૂપર,קופר,कूपर,Cooper,Cooper,Cooper,Cooper,クーパー,ಕೂಪರ್,Купер,គូភឺរ,쿠퍼,Купер,ຄູເປີ,Kūpers,Kuperis,Купер,Cooper,കൂപ്പർ,कूपर,Купер,कुपर,Cooper,کوپر,Cooper,Cooper,Cooper,ਕੂਪਰ,Cooper,Купер,Купер,කූපර්,Cooper,Cooper,Cooper,Cooper,Cooper,Cooper,கூப்பர்,కూపర్,Купер,คูเปอร์,Kuper,Cooper,Купер,Купер,کوپر,Kuper,Cooper,Cooper
last_name_male_davis,Davis,Davis,Дэвис,Дэвис,Davis,ዴቪስ,ديفيس,Դեյվիս,Davis,ডেভিস,Дэвіс,Davis,ဒေးဗစ်စ်,戴維斯,戴维斯,戴維斯,Davis,Davis,Davis,Davis,Edwards,Davis,Davis,Davis,დეივისი,Davis,Ντέιβις,ડેવિસ,דייוויס,डेविस,Davis,Davis,Davis,Davis,デイビス,ಡೇವಿಸ್,Дэвис,ដេវីស,데이비스,Дэвис,ເດວິສ,Deiviss,Deivisas,Дејвис,Davis,ഡേവിസ്,डेव्हिस,Дэвис,डेभिस,Davis,دیویس,Davis,Davis,Davis,ਡੇਵਿਸ,Davis,Дэвис,Дејвис,ඩේවිස්,Davis,Davis,Davis,Davis,Davis,Davis,டேவிஸ்,డేవిస్,Дэвис,เดวิส,Deýwis,Davis,Дэвис,Девіс,ڈیوس,Devis,Davis,Davis
last_name_male_edwards,Edwards,Edwards,Эдвардс,Эдвардс,Edwards,ኤድዋርድስ,إدواردز,Էդվարդս,Edwards,এডওয়ার্ডস,Эдвардс,Edwards,အဒွါ့်စ်,愛德華茲,爱德华兹,愛德華茲,Edwards,Edwards,Edwards,Edwards,Green,Edwards,Edwards,Edwards,ედვარდსი,Edwards,Έντουαρντς,એડવર્ડ્સ,אדוארדס,एडवर्ड्स,Edwards,Edwards,Edwards,Edwards,エドワーズ,ಎಡ್ವರ್ಡ್ಸ್,Эдвардс,អេដវឺត,에드워즈,Эдвардс,ເອດວາດສ໌,Edvardss,Edvardas,Едвардс,Edwards,എഡ്വേർഡ്സ്,एडवर्ड्स,Эдвардс,एडवर्ड्स,Edwards,ادواردز,Edwards,Edwards,Edwards,ਐਡਵਰਡਜ਼,Edwards,Эдвардс,Едвардс,එඩ්වර්ඩ්ස්,Edwards,Edwards,Edwards,Edwards,Edwards,Edwards,எட்வர்ட்ஸ்,ఎడ్వర్డ్స్,Эдвардс,เอ็ดเวิร์ดส์,Edwards,Edwards,Эдвардс,Едвардс,ایڈورڈز,Edvards,Edwards,Edwards
last_name_male_green,Green,Green,Грин,Грин,Green,ግሪን,غرين,Գրին,Green,গ্রিন,Грын,Green,ဂရင်း,格林,格林,格林,Green,Green,Green,Green,Hall,Green,Green,Green,გრინი,Green,Γκριν,ગ્રીન,גרין,ग्रीन,Green,Green,Green,Green,グリーン,ಗ್ರೀನ್,Грин,ហ្គ្រីន,그린,Грин,ກຣີນ,Grīns,Grinas,Грин,Green,ഗ്രീൻ,ग्रीन,Грин,ग्रीन,Green,گرین,Green,Green,Green,ਗ੍ਰੀਨ,Green,Грин,Грин,ග්‍රීන්,Green,Green,Green,Green,Green,Green,கிரீன்,గ్రీన్,Грин,กรีน,Grin,Green,Грин,Грін,گرین,Grin,Green,Green
last_name_male_hall,Hall,Hall,Холл,Холл,Hall,ሆል,هول,Հոլ,Hall,হল,Хол,Hall,ဟော,霍爾,霍尔,霍爾,Hall,Hall,Hall,Hall,Harris,Hall,Hall,Hall,ჰოლი,Hall,Χολ,હોલ,הול,हॉल,Hall,Hall,Hall,Hall,ホール,ಹಾಲ್,Холл,ហូល,홀,Холл,ຮອນ,Holss,Holas,Хол,Hall,ഹോൾ,हॉल,Холл,हल,Hall,هال,Hall,Hall,Hall,ਹਾਲ,Hall,Холл,Хол,හෝල්,Hall,Hall,Hall,Hall,Hall,Hall,ஹால்,హాల్,Холл,ฮอลล์,Hall,Hall,Холл,Холл,ہال,Xoll,Hall,Hall
last_name_male_harris,Harris,Harris,Харрис,Харрис,Harris,ሃሪስ,هاريس,Հարիս,Harris,হ্যারিস,Харыс,Harris,ဟယ်ရစ်,哈里斯,哈里斯,哈里斯,Harris,Harris,Harris,Harris,Hill,Harris,Harris,Harris,ჰარისი,Harris,Χάρις,હેરિસ,האריס,हैरिस,Harris,Harris,Harris,Harris,ハリス,ಹ್ಯಾರಿಸ್,Харрис,ហារីស,해리스,Харрис,ແຮຣິສ,Heriss,Harisas,Харис,Harris,ഹാരിസ്,हॅरिस,Харрис,ह्यारिस,Harris,هریس,Harris,Harris,Harris,ਹੈਰਿਸ,Harris,Харрис,Харис,හැරිස්,Harris,Harris,Harris,Harris,Harris,Harris,ஹாரிஸ்,హారిస్,Харрис,แฮร์ริส,Harris,Harris,Харрис,Гарріс,ہیرس,Xarris,Harris,Harris
last_name_male_hill,Hill,Hill,Хилл,Хилл,Hill,ሂል,هيل,Հիլ,Hill,হিল,Хіл,Hill,ဟီလ်,希爾,希尔,希爾,Hill,Hill,Hill,Hill,Jackson,Hill,Hill,Hill,ჰილი,Hill,Χιλ,હિલ,היל,हिल,Hill,Hill,Hill,Hill,ヒル,ಹಿಲ್,Хилл,ហ៊ីល,힐,Хилл,ຮິນ,Hils,Hilas,Хил,Hill,ഹിൽ,हिल,Хилл,हिल,Hill,هیل,Hill,Hill,Hill,ਹਿੱਲ,Hill,Хилл,Хил,හිල්,Hill,Hill,Hill,Hill,Hill,Hill,ஹில்,హిల్,Хилл,ฮิลล์,Hill,Hill,Хилл,Гілл,ہل,Xill,Hill,Hill
last_name_male_jackson,Jackson,Jackson,Джексон,Джексон,Jackson,ጃክሰን,جاكسون,Ջեքսոն,Jackson,জ্যাকসন,Джэксан,Jackson,ဂျက်ဆန်,傑克森,杰克逊,傑克森,Jackson,Jackson,Jackson,Jackson,King,Jackson,Jackson,Jackson,ჯექსონი,Jackson,Τζάκσον,જેક્સન,ג'קסון,जैक्सन,Jackson,Jackson,Jackson,Jackson,ジャクソン,ಜಾಕ್ಸನ್,Джексон,ហ្សាក់សុន,잭슨,Джексон,ແຊັກສັນ,Džeksons,Džeksonas,Џексон,Jackson,ജാക്സൺ,जॅक्सन,Жаксон,ज्याक्सन,Jackson,جکسون,Jackson,Jackson,Jackson,ਜੈਕਸਨ,Jackson,Джексон,Џексон,ජැක්සන්,Jackson,Jackson,Jackson,Jackson,Jackson,Jackson,ஜாக்சன்,జాక్సన్,Джексон,แจ็คสัน,Jekson,Jackson,Джексон,Джексон,جیکسن,Jekson,Jackson,Jackson
last_name_male_king,King,King,Кинг,Кинг,King,ኪንግ,كينغ,Քինգ,King,কিং,Кінг,King,ကင်း,金恩,金,金恩,King,King,King,King,Lewis,King,King,King,კინგი,King,Κινγκ,કિંગ,קינג,किंग,King,King,King,King,キング,ಕಿಂಗ್,Кинг,គីង,킹,Кинг,ຄິງ,Kings,Kingas,Кинг,King,കിംഗ്,किंग,Кинг,किङ,King,کینگ,King,King,King,ਕਿੰਗ,King,Кинг,Кинг,කිං,King,King,King,King,King,King,கிங்,కింగ్,Кинг,คิง,King,King,Кинг,Кінг,کنگ,King,King,King
last_name_male_lewis,Lewis,Lewis,Льюис,Льюис,Lewis,ሉዊስ,لويس,Լյուիս,Lewis,লুইস,Льюіс,Lewis,လူးဝစ်စ်,路易斯,刘易斯,路易斯,Lewis,Lewis,Lewis,Lewis,Nelson,Lewis,Lewis,Lewis,ლუისი,Lewis,Λιούις,લુઇસ,לואיס,लुईस,Lewis,Lewis,Lewis,Lewis,ルイス,ಲೂಯಿಸ್,Льюис,ល្វីស,루이스,Льюис,ຫຼຸຍສ໌,Lūiss,Liudvikas,Луис,Lewis,ലൂയിസ്,लुईस,Льюис,लुइस,Lewis,لوئیس,Lewis,Lewis,Lewis,ਲੂਈਸ,Lewis,Льюис,Луис,ලුවිස්,Lewis,Lewis,Lewis,Lewis,Lewis,Lewis,லூயிஸ்,లూయిస్,Луис,ลูอิส,Luis,Lewis,Льюис,Льюїс,لیوس,Luis,Lewis,Lewis
last_name_male_nelson,Nelson,Nelson,Нельсон,Нельсон,Nelson,ኔልሰን,نيلسون,Նելսոն,Nelson,নেলসন,Нэльсан,Nelson,နယ်လ်ဆန်,尼爾森,尼尔森,尼爾森,Nelson,Nelson,Nelson,Nelson,Parker,Nelson,Nelson,Nelson,ნელსონი,Nelson,Νέλσον,નેલ્સન,נלסון,नेल्सन,Nelson,Nelson,Nelson,Nelson,ネルソン,ನೆಲ್ಸನ್,Нельсон,នេលសុន,넬슨,Нельсон,ເນນສັນ,Nelsons,Nelsonas,Нелсон,Nelson,നെൽസൺ,नेल्सन,Нельсон,नेल्सन,Nelson,نلسون,Nelson,Nelson,Nelson,ਨੈਲਸਨ,Nelson,Нельсон,Нелсон,නෙල්සන්,Nelson,Nelson,Nelson,Nelson,Nelson,Nelson,நெல்சன்,నెల్సన్,Нельсон,เนลสัน,Nelson,Nelson,Нельсон,Нельсон,نیلسن,Nelson,Nelson,Nelson
last_name_male_parker,Parker,Parker,Паркер,Паркер,Parker,ፓርከር,باركر,Փարքեր,Parker,পার্কার,Паркер,Parker,ပါကာ,帕克,帕克,帕克,Parker,Parker,Parker,Parker,Roberts,Parker,Parker,Parker,პარკერი,Parker,Πάρκερ,પાર્કર,פרקר,पार्कर,Parker,Parker,Parker,Parker,パーカー,ಪಾರ್ಕರ್,Паркер,ប៉ាកឃឺ,파커,Паркер,ພາກເກີ,Pārkers,Parkeris,Паркер,Parker,പാർക്കർ,पार्कर,Паркер,पार्कर,Parker,پارکر,Parker,Parker,Parker,ਪਾਰਕਰ,Parker,Паркер,Паркер,පාකර්,Parker,Parker,Parker,Parker,Parker,Parker,பார்க்கர்,పార్కర్,Паркер,ปาร์คเกอร์,Parker,Parker,Паркер,Паркер,پارکر,Parker,Parker,Parker
last_name_male_roberts,Roberts,Roberts,Робертс,Робертс,Roberts,ሮበርትስ,روبرتس,Ռոբերտս,Roberts,রবার্টস,Робертс,Roberts,ရောဘတ်စ်,羅伯茲,罗伯茨,羅伯茲,Roberts,Roberts,Roberts,Roberts,Scott,Roberts,Roberts,Roberts,რობერტსი,Roberts,Ρόμπερτς,રોબર્ટ્સ,רוברטס,रॉबर्ट्स,Roberts,Roberts,Roberts,Roberts,ロバーツ,ರಾಬರ್ಟ್ಸ್,Робертс,រ៉ូបឺត,로버츠,Робертс,ໂຣເບີດສ໌,Robertss,Robertsas,Робертс,Roberts,റോബർട്ട്സ്,रॉबर्ट्स,Робертс,रोबर्ट्स,Roberts,رابرتز,Roberts,Roberts,Roberts,ਰੌਬਰਟਸ,Roberts,Робертс,Робертс,රොබර්ට්ස්,Roberts,Roberts,Roberts,Roberts,Roberts,Roberts,ராபர்ட்ஸ்,రాబర్ట్స్,Робертс,โรเบิร์ตส์,Roberts,Roberts,Робертс,Робертс,رابرٹس,Roberts,Roberts,Roberts
last_name_male_scott,Scott,Scott,Скотт,Скотт,Scott,ስኮት,سكوت,Սքոթ,Scott,স্কট,Скот,Scott,စကော့,史考特,斯科特,史考特,Scott,Scott,Scott,Scott,Thomas,Scott,Scott,Scott,სკოტი,Scott,Σκοτ,સ્કોટ,סקוט,स्कॉट,Scott,Scott,Scott,Scott,スコット,ಸ್ಕಾಟ್,Скотт,ស្កុត,스콧,Скотт,ສກອດ,Skots,Skotas,Скот,Scott,സ്കോട്ട്,स्कॉट,Скотт,स्कट,Scott,اسکات,Scott,Scott,Scott,ਸਕਾਟ,Scott,Скотт,Скот,ස්කොට්,Scott,Scott,Scott,Scott,Scott,Scott,ஸ்காட்,స్కాట్,Скотт,สก็อตต์,Skott,Scott,Скотт,Скотт,سکاٹ,Skott,Scott,Scott
last_name_male_thomas,Thomas,Thomas,Томас,Томас,Thomas,ቶማስ,توماس,Թոմաս,Thomas,থমাস,Томас,Thomas,သောမတ်စ်,湯瑪斯,托马斯,湯瑪斯,Thomas,Thomas,Thomas,Thomas,Turner,Thomas,Thomas,Thomas,თომასი,Thomas,Θωμάς,થોમસ,תומאס,थॉमस,Thomas,Thomas,Thomas,Thomas,トーマス,ಥಾಮಸ್,Томас,ថូម៉ាស,토마스,Томас,ໂທມັສ,Tomass,Tomas,Томас,Thomas,തോമസ്,थॉमस,Томас,थोमस,Thomas,توماس,Thomas,Thomas,Thomas,ਥਾਮਸ,Thomas,Томас,Томас,තෝමස්,Thomas,Thomas,Thomas,Thomas,Thomas,Thomas,தாமஸ்,థామస్,Томас,โทมัส,Tomas,Thomas,Томас,Томас,تھامس,Tomas,Thomas,Thomas
last_name_male_turner,Turner,Turner,Тернер,Тёрнер,Turner,ተርነር,تورنر,Թերներ,Turner,টার্নার,Тэрнер,Turner,တာနာ,特納,特纳,特納,Turner,Turner,Turner,Turner,Walker,Turner,Turner,Turner,ტერნერი,Turner,Τέρνερ,ટર્નર,טרנר,टर्नर,Turner,Turner,Turner,Turner,ターナー,ಟರ್ನರ್,Тёрнер,ថឺនឺរ,터너,Тёрнер,ເຕີເນີ,Tērners,Terneris,Тарнер,Turner,ടർണർ,टर्नर,Тернер,टर्नर,Turner,ترنر,Turner,Turner,Turner,ਟਰਨਰ,Turner,Тёрнер,Тарнер,ටර්නර්,Turner,Turner,Turner,Turner,Turner,Turner,டர்னர்,టర్నర్,Тернер,เทิร์นเนอร์,Terner,Turner,Тернер,Тернер,ٹرنر,Terner,Turner,Turner
last_name_male_walker,Walker,Walker,Уокер,Уокер,Walker,ዎከር,والكر,Ուոքեր,Walker,ওয়াকার,Уокер,Walker,ဝေါ်ကာ,沃克,沃克,沃克,Walker,Walker,Walker,Walker,White,Walker,Walker,Walker,უოკერი,Walker,Γουόκερ,વોકર,ווקר,वॉकर,Walker,Walker,Walker,Walker,ウォーカー,ವಾಕರ್,Уокер,វ៉កឃឺ,워커,Уокер,ວອກເກີ,Vokers,Vokeris,Вокер,Walker,വാക്കർ,वॉकर,Уокер,वाकर,Walker,واکر,Walker,Walker,Walker,ਵਾਕਰ,Walker,Уокер,Вокер,වෝකර්,Walker,Walker,Walker,Walker,Walker,Walker,வாக்கர்,వాకర్,Уокер,วอล์คเกอร์,Woker,Walker,Уокер,Вокер,واکر,Voker,Walker,Walker
last_name_male_white,White,White,Уайт,Уайт,White,ዋይት,وايت,Ուայթ,White,হোয়াইট,Уайт,White,ဝိုက်,懷特,怀特,懷特,White,White,White,White,Young,White,White,White,უაიტი,White,Γουάιτ,વ્હાઇટ,וויט,व्हाइट,White,White,White,White,ホワイト,ವೈಟ್,Уайт,វ៉ៃត៍,화이트,Уайт,ວາຍຕ໌,Vaits,Vaitas,Вајт,White,വൈറ്റ്,व्हाइट,Уайт,व्हाइट,White,وایت,White,White,White,ਵਾਈਟ,White,Уайт,Вајт,වයිට්,White,White,White,White,White,White,வைட்,వైట్,Уайт,ไวท์,Waýt,White,Уайт,Вайт,وائٹ,Vayt,White,White
last_name_male_young,Young,Young,Янг,Янг,Young,ያንግ,يونغ,Յանգ,Young,ইয়ং,Янг,Young,ယန်း,楊,杨,楊,Young,Young,Young,Young,Fischer,Young,Young,Young,იანგი,Young,Γιανγκ,યંગ,יאנג,यंग,Young,Young,Young,Young,ヤング,ಯಂಗ್,Янг,យ៉ាំង,영,Янг,ຢັງ,Jangs,Jangas,Јанг,Young,യംഗ്,यंग,Янг,यंग,Young,یانگ,Young,Young,Young,ਯੰਗ,Young,Янг,Јанг,යං,Young,Young,Young,Young,Young,Young,யங்,యంగ్,Янг,ยัง,Ýang,Young,Янг,Янг,ینگ,Yangi,Young,Young
last_name_male_fischer,Fischer,Fischer,Фишер,Фишер,Fischer,ፊሸር,فيشر,Ֆիշեր,Fischer,ফিশার,Фішэр,Fischer,ဖစ်ရှာ,費雪,费舍尔,費雪,Fischer,Fischer,Fischer,Fischer,Meyer,Fischer,Fischer,Fischer,ფიშერი,Fischer,Φίσερ,ફિશર,פישר,फिशर,Fischer,Fischer,Fischer,Fischer,フィッシャー,ಫಿಶರ್,Фишер,ហ្វីសឺរ,피셔,Фишер,ຟິດເຊີ,Fišers,Fišeris,Фишер,Fischer,ഫിഷർ,फिशर,Фишер,फिशर,Fischer,فیشر,Fischer,Fischer,Fischer,ਫਿਸ਼ਰ,Fischer,Фишер,Фишер,ෆිෂර්,Fischer,Fischer,Fischer,Fischer,Fischer,Fischer,ஃபிஷர்,ఫిషర్,Фишер,ฟิชเชอร์,Fişer,Fischer,Фишер,Фішер,فشر,Fisher,Fischer,Fischer
last_name_male_meyer,Meyer,Meyer,Мейер,Мейер,Meyer,ሜየር,ماير,Մեյեր,Meyer,মেয়ার,Меер,Meyer,မဲယာ,邁耶,迈耶,邁耶,Meyer,Meyer,Meyer,Meyer,Schmidt,Meyer,Meyer,Meyer,მაიერი,Meyer,Μάγερ,મેયર,מייר,मेयर,Meyer,Meyer,Meyer,Meyer,マイヤー,ಮೇಯರ್,Майер,ម៉ាយឺរ,마이어,Майер,ໄມເຢີ,Meiers,Maieris,Мајер,Meyer,മേയർ,मेयर,Майер,मेयर,Meyer,مایر,Meyer,Meyer,Meyer,ਮੇਅਰ,Meyer,Мейер,Мајер,මෙයර්,Meyer,Meyer,Meyer,Meyer,Meyer,Meyer,மேயர்,మేయర్,Майер,เมเยอร์,Meýer,Meyer,Мейер,Меєр,مائر,Mayer,Meyer,Meyer
last_name_male_schmidt,Schmidt,Schmidt,Шмидт,Шмидт,Schmidt,ሽሚት,شميدت,Շմիդտ,Schmidt,শ্মিট,Шмідт,Schmidt,ရှမစ်,施密特,施密特,施密特,Schmidt,Schmidt,Schmidt,Schmidt,Schneider,Schmidt,Schmidt,Schmidt,შმიდტი,Schmidt,Σμιτ,શ્મિડ્ટ,שמידט,श्मिट,Schmidt,Schmidt,Schmidt,Schmidt,シュミット,ಶ್ಮಿಡ್ಟ್,Шмидт,ស្មីត,슈미트,Шмидт,ສມິດ,Šmits,Šmitas,Шмит,Schmidt,ഷ്മിഡ്,श्मिट,Шмидт,स्मिट,Schmidt,اشمیت,Schmidt,Schmidt,Schmidt,ਸ਼ਮਿਟ,Schmidt,Шмидт,Шмит,ෂ්මිඩ්ට්,Schmidt,Schmidt,Schmidt,Schmidt,Schmidt,Schmidt,ஷ்மிட்,ష్మిడ్ట్,Шмидт,ชมิดต์,Şmidt,Schmidt,Шмидт,Шмідт,شمٹ,Shmidt,Schmidt,Schmidt
last_name_male_schneider,Schneider,Schneider,Шнайдер,Шнайдер,Schneider,ሽናይደር,شنايدر,Շնայդեր,Schneider,শ্নাইডার,Шнайдэр,Schneider,ရှနိုင်ဒါ,施奈德,施奈德,施奈德,Schneider,Schneider,Schneider,Schneider,Lang,Schneider,Schneider,Schneider,შნაიდერი,Schneider,Σνάιντερ,શ્નાઇડર,שניידר,श्नाइडर,Schneider,Schneider,Schneider,Schneider,シュナイダー,ಶ್ನೈಡರ್,Шнайдер,ស្នាយដឺរ,슈나이더,Шнайдер,ສະນາຍເດີ,Šneiders,Šneideris,Шнајдер,Schneider,ഷ്നൈഡർ,श्नायडर,Шнайдер,स्नाइडर,Schneider,اشنایدر,Schneider,Schneider,Schneider,ਸ਼ਨਾਈਡਰ,Schneider,Шнайдер,Шнајдер,ෂ්නයිඩර්,Schneider,Schneider,Schneider,Schneider,Schneider,Schneider,ஷ்னைடர்,ష్నైడర్,Шнайдер,ชไนเดอร์,Şnaýder,Schneider,Шнайдер,Шнайдер,شنائیڈر,Shnayder,Schneider,Schneider
last_name_male_lang,Lang,Lang,Ланг,Ланг,Lang,ላንግ,لانغ,Լանգ,Lang,ল্যাং,Ланг,Lang,လန်,朗,朗,朗,Lang,Lang,Lang,Lang,Gallo,Lang,Lang,Lang,ლანგი,Lang,Λανγκ,લેંગ,לאנג,लैंग,Lang,Lang,Lang,Lang,ラング,ಲ್ಯಾಂಗ್,Ланг,ឡាំង,랑,Ланг,ລາງ,Lang,Langas,Ланг,Lang,ലാംഗ്,लँग,Ланг,ल्याङ,Lang,لانگ,Lang,Lang,Lang,ਲੈਂਗ,Lang,Ланг,Ланг,ලැන්ග්,Lang,Lang,Lang,Lang,Lang,Lang,லாங்,లాంగ్,Ланг,แลง,Lang,Lang,Ланг,Ланг,لینگ,Lang,Lang,Lang
last_name_male_gallo,Gallo,Gallo,Галло,Галло,Gallo,ጋሎ,غالو,Գալլո,Gallo,গ্যালো,Гало,Gallo,ဂယ်လို,加洛,加洛,加洛,Gallo,Gallo,Gallo,Gallo,Conti,Gallo,Gallo,Gallo,გალო,Gallo,Γκάλο,ગેલો,גאלו,गैलो,Gallo,Gallo,Gallo,Gallo,ガロ,ಗ್ಯಾಲೊ,Галло,ហ្គាឡូ,갈로,Галло,ກາໂນ,Gallo,Galo,Гало,Gallo,ഗാലോ,गॅलो,Галло,गालो,Gallo,گالو,Gallo,Gallo,Gallo,ਗੈਲੋ,Gallo,Галло,Гало,ගැලෝ,Gallo,Gallo,Gallo,Gallo,Gallo,Gallo,காலோ,గాలో,Галло,กัลโล,Gallo,Gallo,Галло,Галло,گیلو,Gallo,Gallo,Gallo
last_name_male_conti,Conti,Conti,Конти,Конти,Conti,ኮንቲ,كونتي,Կոնտի,Conti,কোন্টি,Конці,Conti,ကွန်တီ,康蒂,康蒂,康蒂,Conti,Conti,Conti,Conti,Fontana,Conti,Conti,Conti,კონტი,Conti,Κόντι,કોન્ટી,קונטי,कोंटी,Conti,Conti,Conti,Conti,コンティ,ಕಾಂಟಿ,Конти,កុងទី,콘티,Конти,ກອນຕີ,Konti,Kontis,Конти,Conti,കോണ്ടി,कॉन्टी,Конти,कन्टी,Conti,کونتی,Conti,Conti,Conti,ਕੌਂਟੀ,Conti,Конти,Конти,කොන්ටි,Conti,Conti,Conti,Conti,Conti,Conti,கோன்டி,కాంటీ,Конти,คอนติ,Konti,Conti,Конти,Конті,کونٹی,Konti,Conti,Conti
last_name_male_fontana,Fontana,Fontana,Фонтана,Фонтана,Fontana,ፎንታና,فونتانا,Ֆոնտանա,Fontana,ফন্টানা,Фантана,Fontana,ဖွန်တားနား,方塔納,方塔纳,方塔納,Fontana,Fontana,Fontana,Fontana,Almeida,Fontana,Fontana,Fontana,ფონტანა,Fontana,Φοντάνα,ફોન્ટાના,פונטנה,फोंटाना,Fontana,Fontana,Fontana,Fontana,フォンタナ,ಫಾಂಟಾನಾ,Фонтана,ហ្វុងតាណា,폰타나,Фонтана,ຟອນຕານາ,Fontana,Fontana,Фонтана,Fontana,ഫോണ്ടാന,फॉन्टाना,Фонтана,फोन्टाना,Fontana,فونتانا,Fontana,Fontana,Fontana,ਫੋਂਟਾਨਾ,Fontana,Фонтана,Фонтана,ෆොන්ටානා,Fontana,Fontana,Fontana,Fontana,Fontana,Fontana,ஃபோன்டானா,ఫోంటానా,Фонтана,ฟอนทาน่า,Fontana,Fontana,Фонтана,Фонтана,فونٹانا,Fontana,Fontana,Fontana
last_name_male_almeida,Almeida,Almeida,Алмейда,Алмейда,Almeida,አልሜዳ,ألميدا,Ալմեյդա,Almeida,আলমেইদা,Алмейда,Almeida,အယ်လ်မေဒါ,阿爾梅達,阿尔梅达,阿爾梅達,Almeida,Almeida,Almeida,Almeida,Rodriguez,Almeida,Almeida,Almeida,ალმეიდა,Almeida,Αλμέιδα,અલ્મેઇડા,אלמיידה,अल्मेडा,Almeida,Almeida,Almeida,Almeida,アルメイダ,ಅಲ್ಮೇಡಾ,Алмейда,អាល់ម៉េដា,알메이다,Алмейда,ອານເມດາ,Almeida,Almeida,Алмеида,Almeida,അൽമേദ,अल्मेडा,Альмейда,अल्मेडा,Almeida,آلمیدا,Almeida,Almeida,Almeida,ਅਲਮੇਡਾ,Almeida,Алмейда,Алмеида,ඇල්මෙයිඩා,Almeida,Almeida,Almeida,Almeida,Almeida,Almeida,அல்மேடா,ఆల్మేడా,Алмейда,อัลเมดา,Almeida,Almeida,Алмейда,Алмейда,المیڈا,Almeida,Almeida,Almeida
last_name_male_rodriguez,Rodriguez,Rodriguez,Родригес,Родригес,Rodriguez,ሮድሪጌዝ,رودريغيز,Ռոդրիգես,Rodriguez,রদ্রিগেজ,Радрыгес,Rodriguez,ရိုဒရီဂက်ဇ်,羅德里格斯,罗德里格斯,羅德里格斯,Rodriguez,Rodriguez,Rodriguez,Rodriguez,Sanchez,Rodriguez,Rodriguez,Rodriguez,როდრიგესი,Rodriguez,Ροδρίγκες,રોડ્રિગ્ઝ,רודריגז,रोड्रिगेज़,Rodriguez,Rodriguez,Rodriguez,Rodriguez,ロドリゲス,ರೋಡ್ರಿಗಸ್,Родригес,រ៉ូដ្រីហ្គេស,로드리게스,Родригес,ໂຣດຣິເກຊ,Rodrigess,Rodrigesas,Родригез,Rodriguez,റോഡ്രിഗസ്,रॉड्रिगेझ,Родригес,रोड्रिगेज,Rodriguez,رودریگز,Rodriguez,Rodriguez,Rodriguez,ਰੋਡਰੀਗਜ਼,Rodriguez,Родригес,Родригез,රොඩ්‍රිගස්,Rodriguez,Rodriguez,Rodriguez,Rodríguez,Rodriguez,Rodriguez,ரோட்ரிகஸ்,రోడ్రిగెజ్,Родригес,โรดริเกซ,Rodriges,Rodriguez,Родригес,Родрігес,روڈریگس,Rodriges,Rodriguez,Rodriguez
last_name_male_sanchez,Sanchez,Sanchez,Санчес,Санчес,Sanchez,ሳንቼዝ,سانشيز,Սանչես,Sanchez,সানচেজ,Санчэс,Sanchez,ဆန်ချက်ဇ်,桑切斯,桑切斯,桑切斯,Sanchez,Sanchez,Sanchez,Sanchez,Romano,Sanchez,Sanchez,Sanchez,სანჩესი,Sanchez,Σάντσεζ,સાન્ચેઝ,סנצ'ז,सांचेज़,Sanchez,Sanchez,Sanchez,Sanchez,サンチェス,ಸ್ಯಾಂಚೆಜ್,Санчес,សាន់ឆេស,산체스,Санчес,ຊານເຊຊ,Sančess,Sančesas,Санчез,Sanchez,സാഞ്ചസ്,सांचेझ,Санчес,सान्चेज,Sanchez,سانچز,Sanchez,Sanchez,Sanchez,ਸੈਂਚੇਜ਼,Sanchez,Санчес,Санчез,සැන්චෙස්,Sanchez,Sanchez,Sanchez,Sánchez,Sanchez,Sanchez,சான்சஸ்,సాంచెజ్,Санчес,ซานเชซ,Sançes,Sanchez,Санчес,Санчес,سانچیز,Sanches,Sanchez,Sanchez
last_name_male_romano,Romano,Romano,Романо,Романо,Romano,ሮማኖ,رومانو,Ռոմանո,Romano,রোমানো,Рамана,Romano,ရိုမာနို,羅馬諾,罗马诺,羅馬諾,Romano,Romano,Romano,Romano,Dumas,Romano,Romano,Romano,რომანო,Romano,Ρομάνο,રોમાનો,רומנו,रोमानो,Romano,Romano,Romano,Romano,ロマーノ,ರೊಮಾನೊ,Романо,រ៉ូម៉ាណូ,로마노,Романо,ໂຣມາໂນ,Romano,Romanas,Романо,Romano,റോമാനോ,रोमानो,Романо,रोमानो,Romano,رومانو,Romano,Romano,Romano,ਰੋਮਾਨੋ,Romano,Романо,Романо,රොමානෝ,Romano,Romano,Romano,Romano,Romano,Romano,ரோமானோ,రోమానో,Романо,โรมาโน,Romano,Romano,Романо,Романо,رومانو,Romano,Romano,Romano
last_name_male_dumas,Dumas,Dumas,Дюма,Дюма,Dumas,ዱማስ,ديوماس,Դյումա,Dumas,ডুমাস,Дзюма,Dumas,ဒူးမာ့စ်,仲馬,大仲马,仲馬,Dumas,Dumas,Dumas,Dumas,Morozov,Dumas,Dumas,Dumas,დიუმა,Dumas,Δουμάς,ડુમાસ,דיומא,डुमास,Dumas,Dumas,Dumas,Dumas,デュマ,ಡ್ಯೂಮಾಸ್,Дюма,ឌូម៉ា,뒤마,Дюма,ດູມາ,Dimā,Diuma,Дима,Dumas,ഡുമാസ്,ड्युमास,Дюма,डुमास,Dumas,دوما,Dumas,Dumas,Dumas,ਡੂਮਾਸ,Dumas,Дюма,Дима,ඩුමාස්,Dumas,Dumas,Dumas,Dumas,Dumas,Dumas,டுமாஸ்,డుమాస్,Дюма,ดูมาส์,Dýuma,Dumas,Дюма,Дюма,ڈوماس,Duma,Dumas,Dumas
last_name_male_morozov,Morozov,Morozov,Морозов,Морозов,Morozov,ሞሮዞቭ,موروزوف,Մորոզով,Morozov,মোরোজভ,Марозаў,Morozov,မိုရိုဇိုဗ်,莫羅佐夫,莫罗佐夫,莫羅佐夫,Morozov,Morozov,Morozov,Morozov,Pavlov,Morozov,Morozov,Morozov,მოროზოვი,Morozov,Μορόζοφ,મોરોઝોવ,מורוזוב,मोरोज़ोव,Morozov,Morozov,Morozov,Morozov,モロゾフ,ಮೊರೊಜೊವ್,Морозов,ម៉ូរ៉ូហ្សូវ,모로조프,Морозов,ໂມໂຣໂຊບ,Morozovs,Morozovas,Морозов,Morozov,മൊറോസോവ്,मोरोझोव,Морозов,मोरोजोभ,Morozov,موروزوف,Morozov,Morozov,Morozov,ਮੋਰੋਜ਼ੋਵ,Morozov,Морозов,Морозов,මොරොසොව්,Morozov,Morozov,Morozov,Morozov,Morozov,Morozov,மோரோசோவ்,మొరోజోవ్,Морозов,โมโรซอฟ,Morozow,Morozov,Морозов,Морозов,موروزوف,Morozov,Morozov,Morozov
last_name_male_pavlov,Pavlov,Pavlov,Павлов,Павлов,Pavlov,ፓቭሎቭ,بافلوف,Պավլով,Pavlov,পাভলভ,Паўлаў,Pavlov,ပါ့ဗ်လိုဗ်,巴甫洛夫,巴甫洛夫,巴甫洛夫,Pavlov,Pavlov,Pavlov,Pavlov,Orlov,Pavlov,Pavlov,Pavlov,პავლოვი,Pavlov,Πάβλοφ,પાવલોવ,פבלוב,पावलोव,Pavlov,Pavlov,Pavlov,Pavlov,パブロフ,ಪಾವ್ಲೊವ್,Павлов,ប៉ាវឡូវ,파블로프,Павлов,ປາບໂລບ,Pavlovs,Pavlovas,Павлов,Pavlov,പാവ്ലോവ്,पावलोव,Павлов,पाभ्लोभ,Pavlov,پاولوف,Pavlov,Pavlov,Pavlov,ਪਾਵਲੋਵ,Pavlov,Павлов,Павлов,පැව්ලොව්,Pavlov,Pavlov,Pavlov,Pavlov,Pavlov,Pavlov,பாவ்லோவ்,పావ్లోవ్,Павлов,พาฟลอฟ,Pawlow,Pavlov,Павлов,Павлов,پاولوف,Pavlov,Pavlov,Pavlov
last_name_male_orlov,Orlov,Orlov,Орлов,Орлов,Orlov,ኦርሎቭ,أورلوف,Օրլով,Orlov,অরলভ,Арлоў,Orlov,အော်လိုဗ်,奧爾洛夫,奥尔洛夫,奧爾洛夫,Orlov,Orlov,Orlov,Orlov,Wong,Orlov,Orlov,Orlov,ორლოვი,Orlov,Όρλοφ,ઓર્લોવ,אורלוב,ओरलोव,Orlov,Orlov,Orlov,Orlov,オルロフ,ಒರ್ಲೊವ್,Орлов,អ័រឡូវ,올로프,Орлов,ອອນໂລບ,Orlovs,Orlovas,Орлов,Orlov,ഓർലോവ്,ओर्लोव,Орлов,ओर्लोभ,Orlov,اورلوف,Orlov,Orlov,Orlov,ਓਰਲੋਵ,Orlov,Орлов,Орлов,ඔර්ලොව්,Orlov,Orlov,Orlov,Orlov,Orlov,Orlov,ஓர்லோவ்,ఓర్లోవ్,Орлов,ออร์ลอฟ,Orlow,Orlov,Орлов,Орлов,اورلوف,Orlov,Orlov,Orlov
last_name_male_wong,Wong,Wong,Вонг,Вонг,Wong,ዎንግ,وونغ,Վոնգ,Wong,ওং,Вонг,Wong,ဝေါင်း,王,王,王,Wong,Wong,Wong,Wong,Vargas,Wong,Wong,Wong,ვონგი,Wong,Γουόνγκ,વોંગ,וונג,वोंग,Wong,Wong,Wong,Wong,ウォン,ವಾಂಗ್,Вонг,វ៉ុង,웡,Вонг,ວ,Vongs,Vongas,Вонг,Wong,വോങ്ങ്,वाँग,Вонг,वोङ,Wong,وانگ,Wong,Wong,Wong,ਵੋਂਗ,Wong,Вонг,Вонг,වොන්ග්,Wong,Wong,Wong,Wong,Wong,Wong,வோங்,వాంగ్,Вонг,หว่อง,Wong,Wong,Вонг,Вонг,ونگ,Vong,Wong,Wong
last_name_male_vargas,Vargas,Vargas,Варгас,Варгас,Vargas,ቫርጋስ,فارغاس,Վարգաս,Vargas,ভার্গাস,Варгас,Vargas,ဗာဂါစ်,瓦爾加斯,巴尔加斯,瓦爾加斯,Vargas,Vargas,Vargas,Vargas,Castro,Vargas,Vargas,Vargas,ვარგასი,Vargas,Βάργκας,વર્ગાસ,ורגאס,वर्गास,Vargas,Vargas,Vargas,Vargas,バルガス,ವರ್ಗಾಸ್,Варгас,វ៉ាហ្គាស,바르가스,Варгас,,Vargass,Vargasas,Варгас,Vargas,വാർഗാസ്,व्हर्गास,Варгас,भार्गास,Vargas,وارگاس,Vargas,Vargas,Vargas,ਵਾਰਗਾਸ,Vargas,Варгас,Варгас,වර්ගාස්,Vargas,Vargas,Vargas,Vargas,Vargas,Vargas,வர்காஸ்,వర్గాస్,Варгас,วาร์กัส,Wargas,Vargas,Варгас,Варгас,وارگاس,Vargas,Vargas,Vargas
last_name_male_castro,Castro,Castro,Кастро,Кастро,Castro,ካስትሮ,كاسترو,Կաստրո,Castro,কাস্ত্রো,Кастра,Castro,ကက်စ်ထရို,卡斯楚,卡斯特罗,卡斯楚,Castro,Castro,Castro,Castro,Mendoza,Castro,Castro,Castro,კასტრო,Castro,Κάστρο,કાસ્ટ્રો,קסטרו,कास्त्रो,Castro,Castro,Castro,Castro,カストロ,ಕ್ಯಾಸ್ಟ್ರೊ,Кастро,កាស្ត្រូ,카스트로,Кастро,,Kastro,Kastras,Кастро,Castro,കാസ്ട്രോ,कास्त्रो,Кастро,कास्ट्रो,Castro,کاسترو,Castro,Castro,Castro,ਕਾਸਟਰੋ,Castro,Кастро,Кастро,කාස්ට්‍රෝ,Castro,Castro,Castro,Castro,Castro,Castro,காஸ்ட்ரோ,కాస్ట్రో,Кастро,คาสโตร,Kastro,Castro,Кастро,Кастро,کاسترو,Kastro,Castro,Castro
last_name_male_mendoza,Mendoza,Mendoza,Мендоза,Мендоса,Mendoza,መንዶዛ,ميندوزا,Մենդոզա,Mendoza,মেন্ডোজা,Мендоса,Mendoza,မင်ဒိုဇာ,門多薩,门多萨,門多薩,Mendoza,Mendoza,Mendoza,Mendoza,Sinclair,Mendoza,Mendoza,Mendoza,მენდოზა,Mendoza,Μεντόζα,મેન્ડોઝા,מנדוזה,मेन्डोज़ा,Mendoza,Mendoza,Mendoza,Mendoza,メンドーサ,ಮೆಂಡೋಜಾ,Мендоса,ម៉េនដូហ្សា,멘도사,Мендоса,,Mendosa,Mendosa,Мендоза,Mendoza,മെൻഡോസ,मेन्डोझा,Мендоза,मेन्डोजा,Mendoza,مندوزا,Mendoza,Mendoza,Mendoza,ਮੈਂਡੋਜ਼ਾ,Mendoza,Мендоса,Мендоза,මෙන්ඩෝසා,Mendoza,Mendoza,Mendoza,Mendoza,Mendoza,Mendoza,மென்டோசா,మెండోజా,Мендоза,เมนโดซา,Mendoza,Mendoza,Мендоза,Мендоза,مینڈوزا,Mendoza,Mendoza,Mendoza
last_name_male_sinclair,Sinclair,Sinclair,Синклер,Синклер,Sinclair,ሲንክሌር,سنكلير,Սինքլեր,Sinclair,সিনক্লেয়ার,Сінклер,Sinclair,စင်ကလဲယား,辛克萊,辛克莱,辛克萊,Sinclair,Sinclair,Sinclair,Sinclair,Anderson,Sinclair,Sinclair,Sinclair,სინკლერი,Sinclair,Σίνκλερ,સિંકલેર,סינקלייר,सिनक्लेयर,Sinclair,Sinclair,Sinclair,Sinclair,シンクレア,ಸಿಂಕ್ಲೇರ್,Синклер,ស៊ីនខ្លែរ,싱클레어,Синклер,,Sinklērs,Sinkleris,Синклер,Sinclair,സിൻക്ലെയർ,सिन्क्लेअर,Синклер,सिन्क्लेयर,Sinclair,سینکلیر,Sinclair,Sinclair,Sinclair,ਸਿੰਕਲੇਅਰ,Sinclair,Синклер,Синклер,සින්ක්ලෙයාර්,Sinclair,Sinclair,Sinclair,Sinclair,Sinclair,Sinclair,சின்க்ளேர்,సింక్లేర్,Синклер,ซินแคลร์,Sinkler,Sinclair,Синклер,Сінклер,سنکلیئر,Sinkler,Sinclair,Sinclair
last_name_female_anderson,Anderson,Anderson,Андерсон,Андерсон,Anderson,አንደርሰን,أندرسون,Անդերսոն,Anderson,অ্যান্ডারসন,Андэрсан,Anderson,အန်ဒါဆန်,安德森,安德森,安德森,Anderson,Anderson,Anderson,Anderson,Brown,Anderson,Anderson,Anderson,ანდერსონი,Anderson,Άντερσον,એન્ડર્સન,אנדרסון,एंडरसन,Anderson,Anderson,Anderson,Anderson,アンダーソン,ಆಂಡರ್ಸನ್,Андерсон,អាន់ដឺសុន,앤더슨,Андерсон,,Andersons,Andersonas,Андерсон,Anderson,ആൻഡേഴ്സൺ,अँडरसन,Андерсон,एन्डरसन,Anderson,آندرسون,Anderson,Anderson,Anderson,ਐਂਡਰਸਨ,Anderson,Андерсон,Андерсон,ඇන්ඩර්සන්,Anderson,Anderson,Anderson,Anderson,Anderson,Andersson,ஆண்டர்சன்,ఆండర్సన్,Андерсон,แอนเดอร์สัน,Anderson,Anderson,Андерсон,Андерсон,اینڈرسن,Anderson,Anderson,Anderson
last_name_female_brown,Brown,Brown,Браун,Браун,Brown,ብራውን,براون,Բրաուն,Brown,ব্রাউন,Браўн,Brown,ဘရောင်း,布朗,布朗,布朗,Brown,Brown,Brown,Brown,Johnson,Brown,Brown,Brown,ბრაუნი,Brown,Μπράουν,બ્રાઉન,בראון,ब्राउन,Brown,Brown,Brown,Brown,ブラウン,ಬ್ರೌನ್,Браун,ប្រោន,브라운,Браун,,Brauns,Braunas,Браун,Brown,ബ്രൗൺ,ब्राउन,Браун,ब्राउन,Brown,براون,Brown,Brown,Brown,ਬ੍ਰਾਊਨ,Brown,Браун,Браун,බ්‍රවුන්,Brown,Brown,Brown,Brown,Brown,Brown,பிரவுன்,బ్రౌన్,Браун,บราวน์,Brown,Brown,Браун,Браун,براؤن,Braun,Brown,Brown
last_name_female_johnson,Johnson,Johnson,Джонсон,Джонсон,Johnson,ጆንሰን,جونسون,Ջոնսոն,Johnson,জনসন,Джонсан,Johnson,ဂျွန်ဆန်,強森,约翰逊,強森,Johnson,Johnson,Johnson,Johnson,Miller,Johnson,Johnson,Johnson,ჯონსონი,Johnson,Τζόνσον,જોહ્ન્સન,ג'ונסון,जॉनसन,Johnson,Johnson,Johnson,Johnson,ジョンソン,ಜಾನ್ಸನ್,Джонсон,ចនសុន,존슨,Джонсон,,Džonsons,Džonsonas,Џонсон,Johnson,ജോൺസൺ,जॉन्सन,Жонсон,जोन्सन,Johnson,جانسون,Johnson,Johnson,Johnson,ਜਾਨਸਨ,Johnson,Джонсон,Џонсон,ජොන්සන්,Johnson,Johnson,Johnson,Johnson,Johnson,Johnson,ஜான்சன்,జాన్సన్,Ҷонсон,จอห์นสัน,Johnson,Johnson,Джонсон,Джонсон,جانسن,Jonson,Johnson,Johnson
last_name_female_miller,Miller,Miller,Миллер,Миллер,Miller,ሚለር,ميلر,Միլեր,Miller,মিলার,Мілер,Miller,မီလာ,米勒,米勒,米勒,Miller,Miller,Miller,Miller,Moore,Miller,Miller,Miller,მილერი,Miller,Μίλερ,મિલર,מילר,मिलर,Miller,Miller,Miller,Miller,ミラー,ಮಿಲ್ಲರ್,Миллер,មីលឡឺ,밀러,Миллер,,Millers,Mileris,Милер,Miller,മില്ലർ,मिलर,Миллер,मिलर,Miller,میلر,Miller,Miller,Miller,ਮਿਲਰ,Miller,Миллер,Милер,මිලර්,Miller,Miller,Miller,Miller,Miller,Miller,மில்லர்,మిల్లర్,Миллер,มิลเลอร์,Miller,Miller,Миллер,Міллер,ملر,Miller,Miller,Miller
last_name_female_moore,Moore,Moore,Мур,Мур,Moore,ሙር,مور,Մուր,Moore,মুর,Мур,Moore,မူရာ,摩爾,摩尔,摩爾,Moore,Moore,Moore,Moore,Smith,Moore,Moore,Moore,მური,Moore,Μουρ,મૂર,מור,मूर,Moore,Moore,Moore,Moore,ムーア,ಮೂರ್,Мур,មួរ,무어,Мур,,Mūrs,Mūras,Мур,Moore,മൂർ,मूर,Мур,मूर,Moore,مور,Moore,Moore,Moore,ਮੂਰ,Moore,Мур,Мур,මුවර්,Moore,Moore,Moore,Moore,Moore,Moore,மூர்,మూర్,Мур,มัวร์,Mur,Moore,Мур,Мур,مور,Mur,Moore,Moore
last_name_female_smith,Smith,Smith,Смит,Смит,Smith,ስሚዝ,سميث,Սմիթ,Smith,স্মিথ,Сміт,Smith,စမစ်,史密斯,史密斯,史密斯,Smith,Smith,Smith,Smith,Taylor,Smith,Smith,Smith,სმიტი,Smith,Σμιθ,સ્મિથ,סמית,स्मिथ,Smith,Smith,Smith,Smith,スミス,ಸ್ಮಿತ್,Смит,ស្មីត,스미스,Смит,,Smits,Smitas,Смит,Smith,സ്മിത്,स्मिथ,Смит,स्मिथ,Smith,اسمیت,Smith,Smith,Smith,ਸਮਿਥ,Smith,Смит,Смит,ස්මිත්,Smith,Smith,Smith,Smith,Smith,Smith,ஸ்மித்,స్మిత్,Смит,สมิธ,Smit,Smith,Смит,Сміт,سمتھ,Smit,Smith,Smith
last_name_female_taylor,Taylor,Taylor,Тейлор,Тейлор,Taylor,ቴይለር,تايلور,Թեյլոր,Taylor,টেইলর,Тэйлар,Taylor,တေလာ,泰勒,泰勒,泰勒,Taylor,Taylor,Taylor,Taylor,Wilson,Taylor,Taylor,Taylor,ტეილორი,Taylor,Τέιλορ,ટેલર,טיילור,टेलर,Taylor,Taylor,Taylor,Taylor,テイラー,ಟೇಲರ್,Тейлор,តេយ្ល័រ,테일러,Тейлор,,Teilors,Teiloras,Тејлор,Taylor,ടെയ്ലർ,टेलर,Тейлор,टेलर,Taylor,تیلور,Taylor,Taylor,Taylor,ਟੇਲਰ,Taylor,Тейлор,Тејлор,ටේලර්,Taylor,Taylor,Taylor,Taylor,Taylor,Taylor,டேலர்,టేలర్,Тейлор,เทย์เลอร์,Teýlor,Taylor,Тейлор,Тейлор,ٹیلر,Teylor,Taylor,Taylor
last_name_female_wilson,Wilson,Wilson,Уилсон,Уилсон,Wilson,ዊልሰን,ويلسون,Ուիլսոն,Wilson,উইলসন,Уілсан,Wilson,ဝီလ်ဆန်,威爾森,威尔逊,威爾森,Wilson,Wilson,Wilson,Wilson,Fletcher,Wilson,Wilson,Wilson,უილსონი,Wilson,Γουίλσον,વિલ્સન,וילסון,विल्सन,Wilson,Wilson,Wilson,Wilson,ウィルソン,ವಿಲ್ಸನ್,Уилсон,វីលសុន,윌슨,Уилсон,,Vilsons,Vilsonas,Вилсон,Wilson,വിൽസൺ,विल्सन,Уилсон,विल्सन,Wilson,ویلسون,Wilson,Wilson,Wilson,ਵਿਲਸਨ,Wilson,Уилсон,Вилсон,විල්සන්,Wilson,Wilson,Wilson,Wilson,Wilson,Wilson,வில்சன்,విల్సన్,Уилсон,วิลสัน,Wilson,Wilson,Уилсон,Вілсон,ولسن,Uilson,Wilson,Wilson
last_name_female_fletcher,Fletcher,Fletcher,Флетчер,Флетчер,Fletcher,ፍሌቸር,فليتشر,Ֆլետչեր,Fletcher,ফ্লেচার,Флэтчэр,Fletcher,ဖလက်ချာ,弗萊徹,弗莱彻,弗萊徹,Fletcher,Fletcher,Fletcher,Fletcher,Stone,Fletcher,Fletcher,Fletcher,ფლეტჩერი,Fletcher,Φλέτσερ,ફ્લેચર,פלטצ'ר,फ्लेचर,Fletcher,Fletcher,Fletcher,Fletcher,フレッチャー,ಫ್ಲೆಚರ್,Флетчер,ហ្វ្លេឆឺ,플레처,Флетчер,,Fletčers,Flečeris,Флечер,Fletcher,ഫ്ലെച്ചർ,फ्लेचर,Флетчер,फ्लेचर,Fletcher,فلچر,Fletcher,Fletcher,Fletcher,ਫਲੈਚਰ,Fletcher,Флетчер,Флечер,ෆ්ලෙචර්,Fletcher,Fletcher,Fletcher,Fletcher,Fletcher,Fletcher,ஃப்ளெட்சர்,ఫ్లెచర్,Флетчер,เฟลทเชอร์,Fleçer,Fletcher,Флетчер,Флетчер,فلیچر,Fletcher,Fletcher,Fletcher
last_name_female_stone,Stone,Stone,Стоун,Стоун,Stone,ስቶን,ستون,Սթոուն,Stone,স্টোন,Стоўн,Stone,စတုန်း,史東,斯通,史東,Stone,Stone,Stone,Stone,Novakova,Stone,Stone,Stone,სტოუნი,Stone,Στόουν,સ્ટોન,סטון,स्टोन,Stone,Stone,Stone,Stone,ストーン,ಸ್ಟೋನ್,Стоун,ស្តូន,스톤,Стоун,,Stouns,Stounas,Стоун,Stone,സ്റ്റോൺ,स्टोन,Стоун,स्टोन,Stone,استون,Stone,Stone,Stone,ਸਟੋਨ,Stone,Стоун,Стоун,ස්ටෝන්,Stone,Stone,Stone,Stone,Stone,Stone,ஸ்டோன்,స్టోన్,Стоун,สโตน,Stoun,Stone,Стоун,Стоун,سٹون,Stoun,Stone,Stone
last_name_female_novak,Novakova,Novakova,Новакова,Новакова,Novakova,ኖቫኮቫ,نوفاكوفا,Նովակովա,Novakova,নোভাকোভা,Новакава,Novakova,နိုဗာကိုဗာ,諾瓦科娃,诺瓦科娃,諾瓦科娃,Novakova,Novakova,Novakova,Novakova,Koval,Novakova,Novak,Novakova,ნოვაკოვა,Novakova,Νοβάκοβα,નોવાકોવા,נובאקובה,नोवाकोवा,Novakova,Novakova,Novakova,Novakova,ノバコバ,ನೋವಾಕೋವಾ,Новакова,ណូវ៉ាកូវ៉ា,노바코바,Новакова,,Novakova,Novakova,Новакова,Novakova,നോവാകോവ,नोवाकोवा,Новакова,नोभाकोभा,Novakova,نواکووا,Novakova,Novakova,Novakova,ਨੋਵਾਕੋਵਾ,Novakova,Новакова,Новакова,නොවාකෝවා,Novakova,Novakova,Novakova,Novakova,Novakova,Novakova,நோவகோவா,నోవాకోవా,Новакова,โนวาโควา,Nowakowa,Novakova,Новакова,Новакова,نوواکووا,Novakova,Novakova,Novakova
last_name_female_koval,Koval,Koval,Коваль,Коваль,Koval,ኮቫል,كوفال,Կովալ,Koval,কোভাল,Коваль,Koval,ကိုဗယ်,科瓦爾,科瓦尔,科瓦爾,Koval,Koval,Koval,Koval,Rossi,Koval,Koval,Koval,კოვალი,Koval,Κόβαλ,કોવલ,קובל,कोवाल,Koval,Koval,Koval,Koval,コヴァル,ಕೋವಲ್,Коваль,កូវ៉ាល,코발,Коваль,,Kovals,Kovalas,Ковал,Koval,കോവൽ,कोवाल,Коваль,कोभाल,Koval,کووال,Koval,Koval,Koval,ਕੋਵਾਲ,Koval,Коваль,Ковал,කොවල්,Koval,Koval,Koval,Koval,Koval,Koval,கோவல்,కోవల్,Ковал,โควัล,Kowal,Koval,Коваль,Коваль,کووال,Koval,Koval,Koval
last_name_female_rossi,Rossi,Rossi,Росси,Росси,Rossi,ሮሲ,روسي,Ռոսի,Rossi,রসি,Росі,Rossi,ရော့စီ,羅西,罗西,羅西,Rossi,Rossi,Rossi,Rossi,Bianchi,Rossi,Rossi,Rossi,როსი,Rossi,Ρόσι,રોસી,רוסי,रॉसी,Rossi,Rossi,Rossi,Rossi,ロッシ,ರೋಸ್ಸಿ,Росси,រ៉ូស៊ី,로시,Росси,,Rosī,Rosis,Роси,Rossi,റോസി,रोसी,Росси,रोसी,Rossi,روسی,Rossi,Rossi,Rossi,ਰੌਸੀ,Rossi,Росси,Роси,රොසි,Rossi,Rossi,Rossi,Rossi,Rossi,Rossi,ரோஸ்ஸி,రోస్సీ,Росси,รอสซี่,Rossi,Rossi,Росси,Россі,روسی,Rossi,Rossi,Rossi
last_name_female_bianchi,Bianchi,Bianchi,Бьянки,Бьянки,Bianchi,ቢያንኪ,بيانكي,Բիանկի,Bianchi,বিয়াঙ্কি,Б'янкі,Bianchi,ဘီယန်ချီ,比安奇,比安奇,比安奇,Bianchi,Bianchi,Bianchi,Bianchi,Marin,Bianchi,Bianchi,Bianchi,ბიანკი,Bianchi,Μπιάνκι,બિયાન્ચી,ביאנקי,बियांची,Bianchi,Bianchi,Bianchi,Bianchi,ビアンキ,ಬಿಯಾಂಚಿ,Бьянки,ប៊ីអានគី,비안키,Бьянки,,Bjanki,Biankis,Бјанки,Bianchi,ബിയാൻചി,बियांची,Бьянки,बियान्ची,Bianchi,بیانکی,Bianchi,Bianchi,Bianchi,ਬੀਆਂਕੀ,Bianchi,Бьянки,Бјанки,බියන්චි,Bianchi,Bianchi,Bianchi,Bianchi,Bianchi,Bianchi,பியாஞ்சி,బియాంచి,Бианки,เบียนคี่,Bianki,Bianchi,Бьянки,Б'янкі,بیانچی,Bianki,Bianchi,Bianchi
last_name_female_marin,Marin,Marin,Марин,Марин,Marin,ማሪን,مارين,Մարին,Marin,মারিন,Марын,Marin,မာရင်,馬林,马林,馬林,Marin,Marin,Marin,Marin,Silva,Marin,Marin,Marin,მარინი,Marin,Μαρίν,મરિન,מרין,मारिन,Marin,Marin,Marin,Marin,マリン,ಮಾರಿನ್,Марин,ម៉ារិន,마린,Марин,,Marins,Marinas,Марин,Marin,മാരിൻ,मारिन,Марин,मारिन,Marin,مارین,Marin,Marin,Marin,ਮੈਰੀਨ,Marin,Марин,Марин,මරින්,Marin,Marin,Marin,Marin,Marin,Marin,மரின்,మారిన్,Марин,มาริน,Marin,Marin,Марин,Марін,مارن,Marin,Marin,Marin
last_name_female_silva,Silva,Silva,Силва,Силва,Silva,ሲልቫ,سيلفا,Սիլվա,Silva,সিলভা,Сілва,Silva,ဆစ်လ်ဗာ,席爾瓦,席尔瓦,席爾瓦,Silva,Silva,Silva,Silva,Santos,Silva,Silva,Silva,სილვა,Silva,Σίλβα,સિલ્વા,סילבה,सिल्वा,Silva,Silva,Silva,Silva,シルバ,ಸಿಲ್ವಾ,Сильва,ស៊ីលវ៉ា,실바,Сильва,,Silva,Silva,Силва,Silva,സിൽവ,सिल्वा,Силва,सिल्भा,Silva,سیلوا,Silva,Silva,Silva,ਸਿਲਵਾ,Silva,Силва,Силва,සිල්වා,Silva,Silva,Silva,Silva,Silva,Silva,சில்வா,సిల్వా,Силва,ซิลวา,Silwa,Silva,Силва,Сільва,سلوا,Silva,Silva,Silva
last_name_female_santos,Santos,Santos,Сантос,Сантос,Santos,ሳንቶስ,سانتوس,Սանտոս,Santos,সান্টোস,Сантос,Santos,ဆန်တို့စ်,桑托斯,桑托斯,桑托斯,Santos,Santos,Santos,Santos,Costa,Santos,Santos,Santos,სანტოსი,Santos,Σάντος,સેન્ટોસ,סנטוס,सैंटोस,Santos,Santos,Santos,Santos,サントス,ಸ್ಯಾಂಟೋಸ್,Сантос,សានតូស,산토스,Сантос,,Santoss,Santosas,Сантос,Santos,സാന്റോസ്,सॅन्टोस,Сантос,सान्टोस,Santos,سانتوس,Santos,Santos,Santos,ਸੈਂਟੋਸ,Santos,Сантос,Сантос,සැන්ටොස්,Santos,Santos,Santos,Santos,Santos,Santos,சாண்டோஸ்,సాంటోస్,Сантос,ซานโตส,Santos,Santos,Сантос,Сантос,سینٹوس,Santos,Santos,Santos
last_name_female_costa,Costa,Costa,Коста,Коста,Costa,ኮስታ,كوستا,Կոստա,Costa,কোস্টা,Коста,Costa,ကိုစတာ,科斯塔,科斯塔,科斯塔,Costa,Costa,Costa,Costa,Garcia,Costa,Costa,Costa,კოსტა,Costa,Κόστα,કોસ્ટા,קוסטה,कोस्टा,Costa,Costa,Costa,Costa,コスタ,ಕೋಸ್ಟಾ,Коста,កូស្តា,코스타,Коста,,Kosta,Kosta,Коста,Costa,കോസ്റ്റ,कोस्टा,Коста,कोस्टा,Costa,کاستا,Costa,Costa,Costa,ਕੋਸਟਾ,Costa,Коста,Коста,කොස්ටා,Costa,Costa,Costa,Costa,Costa,Costa,கோஸ்டா,కోస్టా,Коста,คอสต้า,Kosta,Costa,Коста,Коста,کوسٹا,Kosta,Costa,Costa
last_name_female_garcia,Garcia,Garcia,Гарсия,Гарсия,Garcia,ጋርሲያ,غارسيا,Գարսիա,Garcia,গার্সিয়া,Гарсія,Garcia,ဂါစီယာ,加西亞,加西亚,加西亞,Garcia,Garcia,Garcia,Garcia,Martinez,Garcia,Garcia,Garcia,გარსია,Garcia,Γκαρσία,ગાર્સિયા,גרסיה,गार्सिया,Garcia,Garcia,Garcia,Garcia,ガルシア,ಗಾರ್ಸಿಯಾ,Гарсия,ហ្គាស៊ីយ៉ា,가르시아,Гарсия,,Garsija,Garsija,Гарсија,Garcia,ഗാർസിയ,गार्सिया,Гарсиа,गार्सिया,Garcia,گارسیا,Garcia,Garcia,Garcia,ਗਾਰਸੀਆ,Garcia,Гарсия,Гарсија,ගාර්සියා,Garcia,Garcia,Garcia,García,Garcia,Garcia,கார்சியா,గార్సియా,Гарсия,การ์เซีย,Garsiýa,Garcia,Гарсия,Гарсія,گارسیا,Garsiya,Garcia,Garcia
last_name_female_martinez,Martinez,Martinez,Мартинес,Мартинес,Martinez,ማርቲኔዝ,مارتينيز,Մարտինես,Martinez,মার্টিনেজ,Марцінес,Martinez,မာတီနက်ဇ်,馬丁內斯,马丁内斯,馬丁內斯,Martinez,Martinez,Martinez,Martinez,Lopez,Martinez,Martinez,Martinez,მარტინესი,Martinez,Μαρτίνεζ,માર્ટિનેઝ,מרטינס,मार्टिनेज़,Martinez,Martinez,Martinez,Martinez,マルティネス,ಮಾರ್ಟಿನೆಜ್,Мартинес,ម៉ាទីណេស,마르티네스,Мартинес,,Martiness,Martinesas,Мартинез,Martinez,മാർട്ടിനെസ്,मार्टिनेझ,Мартинес,मार्टिनेज,Martinez,مارتینز,Martinez,Martinez,Martinez,ਮਾਰਟੀਨੇਜ਼,Martinez,Мартинес,Мартинез,මාර්ටිනෙස්,Martinez,Martinez,Martinez,Martínez,Martinez,Martinez,மார்டினெஸ்,మార్టినెజ్,Мартинес,มาร์ติเนซ,Martinez,Martinez,Мартинес,Мартінес,مارٹینز,Martinez,Martinez,Martinez
last_name_female_lopez,Lopez,Lopez,Лопес,Лопес,Lopez,ሎፔዝ,لوبيز,Լոպես,Lopez,লোপেজ,Лопес,Lopez,လိုပက်ဇ်,洛佩斯,洛佩斯,洛佩斯,Lopez,Lopez,Lopez,Lopez,Gomez,Lopez,Lopez,Lopez,ლოპესი,Lopez,Λόπεζ,લોપેઝ,לופז,लोपेज़,Lopez,Lopez,Lopez,Lopez,ロペス,ಲೋಪೆಜ್,Лопес,ឡូប៉េស,로페스,Лопес,,Lopess,Lopesas,Лопез,Lopez,ലോപസ്,लोपेझ,Лопес,लोपेज,Lopez,لوپز,Lopez,Lopez,Lopez,ਲੋਪੇਜ਼,Lopez,Лопес,Лопез,ලොපෙස්,Lopez,Lopez,Lopez,López,Lopez,Lopez,லோபஸ்,లోపెజ్,Лопес,โลเปซ,Lopes,Lopez,Лопес,Лопес,لوپیز,Lopes,Lopez,Lopez
last_name_female_gomez,Gomez,Gomez,Гомес,Гомес,Gomez,ጎሜዝ,غوميز,Գոմես,Gomez,গোমেজ,Гомес,Gomez,ဂိုမက်ဇ်,戈麥斯,戈麦斯,戈麥斯,Gomez,Gomez,Gomez,Gomez,Dupont,Gomez,Gomez,Gomez,გომესი,Gomez,Γκόμεζ,ગોમેઝ,גומז,गोमेज़,Gomez,Gomez,Gomez,Gomez,ゴメス,ಗೊಮೆಜ್,Гомес,ហ្គូម៉េស,고메즈,Гомес,,Gomezs,Gomezas,Гомез,Gomez,ഗോമസ്,गोमेझ,Гомес,गोमेज,Gomez,گومز,Gomez,Gomez,Gomez,ਗੋਮੇਜ਼,Gomez,Гомес,Гомез,ගෝමෙස්,Gomez,Gomez,Gomez,Gómez,Gomez,Gomez,கோமஸ்,గోమెజ్,Гомес,โกเมซ,Gomez,Gomez,Гомес,Гомес,گومز,Gomes,Gomez,Gomez
last_name_female_dupont,Dupont,Dupont,Дюпон,Дюпон,Dupont,ዱፖንት,ديوبونت,Դյուպոն,Dupont,ডুপন্ট,Дзюпон,Dupont,ဒူပွန့်စ်,杜邦,杜邦,杜邦,Dupont,Dupont,Dupont,Dupont,Martin,Dupont,Dupont,Dupont,დიუპონი,Dupont,Ντιπόν,ડુપોન્ટ,דופונט,ड्यूपॉन्ट,Dupont,Dupont,Dupont,Dupont,デュポン,ಡುಪಾಂಟ್,Дюпон,ឌូផុន,뒤퐁,Дюпон,,Dipons,Diponas,Дупон,Dupont,ഡ്യൂപോണ്ട്,ड्युपॉन्ट,Дюпонт,डुपोन्ट,Dupont,دوپون,Dupont,Dupont,Dupont,ਡੂਪੋਂਟ,Dupont,Дюпон,Дупон,ඩුපොන්ට්,Dupont,Dupont,Dupont,Dupont,Dupont,Dupont,டுபோன்ட்,డ్యూపాంట్,Дюпон,ดูปองต์,Dupon,Dupont,Дюпон,Дюпон,ڈوپونٹ,Dyupon,Dupont,Dupont
last_name_female_martin,Martin,Martin,Мартин,Мартин,Martin,ማርቲን,مارتن,Մարտին,Martin,মার্টিন,Марцін,Martin,မာတင်,馬丁,马丁,馬丁,Martin,Martin,Martin,Martin,Leroy,Martin,Martin,Martin,მარტინი,Martin,Μαρτίν,માર્ટિન,מרטין,मार्टिन,Martin,Martin,Martin,Martin,マーティン,ಮಾರ್ಟಿನ್,Мартин,ម៉ាទីន,마틴,Мартин,,Martins,Martinas,Мартин,Martin,മാർട്ടിൻ,मार्टिन,Мартин,मार्टिन,Martin,مارتین,Martin,Martin,Martin,ਮਾਰਟਿਨ,Martin,Мартин,Мартин,මාටින්,Martin,Martin,Martin,Martín,Martin,Martin,மார்டின்,మార్టిన్,Мартин,มาร์ติน,Martin,Martin,Мартин,Мартін,مارٹن,Martin,Martin,Martin
last_name_female_leroy,Leroy,Leroy,Лерой,Леруа,Leroy,ሌሮይ,لوروي,Լերոյ,Leroy,লেরয়,Леруа,Leroy,လီရိုင်,勒羅伊,勒罗伊,勒羅伊,Leroy,Leroy,Leroy,Leroy,Becker,Leroy,Leroy,Leroy,ლეროი,Leroy,Λιρόι,લેરોય,לרוי,लेरॉय,Leroy,Leroy,Leroy,Leroy,ルロワ,ಲೆರಾಯ್,Лерой,លេរ៉យ,르로이,Лерой,,Lerojs,Lerojus,Лерој,Leroy,ലെറോയ്,लेरॉय,Лерой,लेरोय,Leroy,لروی,Leroy,Leroy,Leroy,ਲੇਰੌਏ,Leroy,Леруа,Лерој,ලෙරෝයි,Leroy,Leroy,Leroy,Leroy,Leroy,Leroy,லெராய்,లెరాయ్,Лерой,เลอรอย,Leroý,Leroy,Лерой,Лерой,لیرائے,Leroy,Leroy,Leroy
last_name_female_becker,Becker,Becker,Беккер,Беккер,Becker,ቤከር,بيكر,Բեկեր,Becker,বেকার,Бекер,Becker,ဘက်ကာ,貝克,贝克,貝克,Becker,Becker,Becker,Becker,Schulz,Becker,Becker,Becker,ბეკერი,Becker,Μπέκερ,બેકર,בקר,बेकर,Becker,Becker,Becker,Becker,ベッカー,ಬೆಕರ್,Беккер,បេកឃឺ,베커,Беккер,,Bekers,Bekeris,Бекер,Becker,ബെക്കർ,बेकर,Беккер,बेकर,Becker,بکر,Becker,Becker,Becker,ਬੇਕਰ,Becker,Беккер,Бекер,බෙකර්,Becker,Becker,Becker,Becker,Becker,Becker,பேக்கர்,బెకర్,Беккер,เบกเกอร์,Beker,Becker,Беккер,Беккер,بیکر,Beker,Becker,Becker
last_name_female_schulz,Schulz,Schulz,Шульц,Шульц,Schulz,ሹልዝ,شولتز,Շուլց,Schulz,শুলৎজ,Шульц,Schulz,ရှူးလ်ဇ်,舒爾茨,舒尔茨,舒爾茨,Schulz,Schulz,Schulz,Schulz,Wagner,Schulz,Schulz,Schulz,შულცი,Schulz,Σουλτς,શુલ્ઝ,שולץ,शुल्ज़,Schulz,Schulz,Schulz,Schulz,シュルツ,ಶುಲ್ಜ್,Шульц,ស៊ូលហ្ស,슐츠,Шульц,,Šulcs,Šulcas,Шулц,Schulz,ഷുൽട്സ്,शुल्ट्झ,Шульц,सुल्ज,Schulz,شولتس,Schulz,Schulz,Schulz,ਸ਼ੁਲਟਜ਼,Schulz,Шульц,Шулц,ෂුල්ට්ස්,Schulz,Schulz,Schulz,Schulz,Schulz,Schulz,ஷுல்ட்ஸ்,షుల్ట్జ్,Шултс,ชูลทซ์,Şults,Schulz,Шульц,Шульц,شولٹز,Shults,Schulz,Schulz
last_name_female_wagner,Wagner,Wagner,Вагнер,Вагнер,Wagner,ዋግነር,فاغنر,Վագներ,Wagner,ওয়াগনার,Вагнер,Wagner,ဝါဂနာ,華格納,瓦格纳,華格納,Wagner,Wagner,Wagner,Wagner,Klein,Wagner,Wagner,Wagner,ვაგნერი,Wagner,Βάγκνερ,વાગ્નર,וגנר,वैगनर,Wagner,Wagner,Wagner,Wagner,ワグナー,ವ್ಯಾಗ್ನರ್,Вагнер,វ៉ាក់នឺ,바그너,Вагнер,,Vāgners,Vagneris,Вагнер,Wagner,വാഗ്നർ,वॅग्नर,Вагнер,वाग्नर,Wagner,واگنر,Wagner,Wagner,Wagner,ਵੈਗਨਰ,Wagner,Вагнер,Вагнер,වැග්නර්,Wagner,Wagner,Wagner,Wagner,Wagner,Wagner,வாக்னர்,వాగ్నర్,Вагнер,วากเนอร์,Wagner,Wagner,Вагнер,Вагнер,واگنر,Vagner,Wagner,Wagner
last_name_female_klein,Klein,Klein,Кляйн,Кляйн,Klein,ክላይን,كلاين,Կլայն,Klein,ক্লেইন,Кляйн,Klein,ကလိုင်း,克萊因,克莱因,克萊因,Klein,Klein,Klein,Klein,Weber,Klein,Klein,Klein,კლაინი,Klein,Κλάιν,ક્લેઇન,קליין,क्लेन,Klein,Klein,Klein,Klein,クライン,ಕ್ಲೈನ್,Кляйн,ក្លាយ,클라인,Кляйн,,Kleins,Kleinas,Клајн,Klein,ക്ലീൻ,क्लाइन,Кляйн,क्लाइन,Klein,کلاین,Klein,Klein,Klein,ਕਲੇਨ,Klein,Кляйн,Клајн,ක්ලයින්,Klein,Klein,Klein,Klein,Klein,Klein,க்ளைன்,క్లైన్,Клайн,ไคลน์,Klaýn,Klein,Кляйн,Кляйн,کلین,Klayn,Klein,Klein
last_name_female_weber,Weber,Weber,Вебер,Вебер,Weber,ዌበር,ويبر,Վեբեր,Weber,ওয়েবার,Вебер,Weber,ဝက်ဘာ,韋伯,韦伯,韋伯,Weber,Weber,Weber,Weber,Jansen,Weber,Weber,Weber,ვებერი,Weber,Βέμπερ,વેબર,ובר,वेबर,Weber,Weber,Weber,Weber,ウェーバー,ವೆಬರ್,Вебер,វ៉េបឺ,베버,Вебер,,Vēbers,Veberis,Вебер,Weber,വെബർ,वेबर,Вебер,वेबर,Weber,وبر,Weber,Weber,Weber,ਵੇਬਰ,Weber,Вебер,Вебер,වෙබර්,Weber,Weber,Weber,Weber,Weber,Weber,வெபர்,వెబర్,Вебер,เวเบอร์,Weber,Weber,Вебер,Вебер,ویبر,Veber,Weber,Weber
last_name_female_jansen,Jansen,Jansen,Янсен,Янсен,Jansen,ያንሰን,يانسن,Յանսեն,Jansen,ইয়ানসেন,Янсен,Jansen,ယန်ဆန်,詹森,詹森,詹森,Jansen,Jansen,Jansen,Jansen,Nilsson,Jansen,Jansen,Jansen,იანსენი,Jansen,Γιάνσεν,જાન્સેન,יאנסן,जानसेन,Jansen,Jansen,Jansen,Jansen,ヤンセン,ಯಾನ್ಸೆನ್,Янсен,យ៉ានសិន,얀센,Янсен,,Jansens,Jansenas,Јансен,Jansen,ജാൻസെൻ,जान्सेन,Янсен,जान्सेन,Jansen,یانسن,Jansen,Jansen,Jansen,ਜੈਨਸਨ,Jansen,Янсен,Јансен,ජැන්සන්,Jansen,Jansen,Jansen,Jansen,Jansen,Jansen,ஜான்சென்,జాన్సెన్,Янсен,แจนเซ่น,Ýansen,Jansen,Янсен,Янсен,جینسن,Yansen,Jansen,Jansen
last_name_female_nilsson,Nilsson,Nilsson,Нильсон,Нильссон,Nilsson,ኒልሰን,نيلسون,Նիլսոն,Nilsson,নিলসন,Нільсан,Nilsson,နီလ်ဆန်,尼爾森,尼尔森,尼爾森,Nilsson,Nilsson,Nilsson,Nilsson,Hansen,Nilsson,Nilsson,Nilsson,ნილსონი,Nilsson,Νίλσον,નિલ્સન,נילסון,नीलसन,Nilsson,Nilsson,Nilsson,Nilsson,ニルソン,ನಿಲ್ಸನ್,Нильсон,នីលសុន,닐슨,Нильсон,,Nilsons,Nilsonas,Нилсон,Nilsson,നിൽസൺ,निल्सन,Нильсон,निल्सन,Nilsson,نیلسن,Nilsson,Nilsson,Nilsson,ਨਿਲਸਨ,Nilsson,Нильссон,Нилсон,නිල්සන්,Nilsson,Nilsson,Nilsson,Nilsson,Nilsson,Nilsson,நில்சன்,నిల్సన్,Нилсон,นิลส์สัน,Nilson,Nilsson,Нильсон,Нільсон,نیلسن,Nilson,Nilsson,Nilsson
last_name_female_hansen,Hansen,Hansen,Хансен,Хансен,Hansen,ሀንሰን,هانسن,Հանսեն,Hansen,হ্যানসেন,Хансен,Hansen,ဟန်ဆန်,韓森,汉森,韓森,Hansen,Hansen,Hansen,Hansen,Larsen,Hansen,Hansen,Hansen,ჰანსენი,Hansen,Χάνσεν,હેન્સન,הנסן,हैनसेन,Hansen,Hansen,Hansen,Hansen,ハンセン,ಹ್ಯಾನ್ಸನ್,Хансен,ហានសិន,한센,Хансен,,Hansens,Hansenas,Хансен,Hansen,ഹാൻസെൻ,हान्सेन,Хансен,हान्सेन,Hansen,هانسن,Hansen,Hansen,Hansen,ਹੈਨਸਨ,Hansen,Хансен,Хансен,හැන්සන්,Hansen,Hansen,Hansen,Hansen,Hansen,Hansen,ஹான்சென்,హాన్సెన్,Хансен,ฮันเซ่น,Hansen,Hansen,Хансен,Гансен,ہینسن,Xansen,Hansen,Hansen
last_name_female_larsen,Larsen,Larsen,Ларсен,Ларсен,Larsen,ላርሰን,لارسن,Լարսեն,Larsen,লারসেন,Ларсен,Larsen,လာဆန်,拉森,拉森,拉森,Larsen,Larsen,Larsen,Larsen,Berger,Larsen,Larsen,Larsen,ლარსენი,Larsen,Λάρσεν,લાર્સન,לארסן,लार्सन,Larsen,Larsen,Larsen,Larsen,ラーセン,ಲಾರ್ಸನ್,Ларсен,ឡាសិន,라르센,Ларсен,,Larsens,Larsenas,Ларсен,Larsen,ലാർസൻ,लार्सन,Ларсен,लार्सेन,Larsen,لارسن,Larsen,Larsen,Larsen,ਲਾਰਸਨ,Larsen,Ларсен,Ларсен,ලාර්සන්,Larsen,Larsen,Larsen,Larsen,Larsen,Larsen,லார்சென்,లార్సెన్,Ларсен,ลาร์เซ่น,Larsen,Larsen,Ларсен,Ларсен,لارسن,Larsen,Larsen,Larsen
last_name_female_berger,Berger,Berger,Бергер,Бергер,Berger,ቤርገር,بيرغر,Բերգեր,Berger,বার্গার,Бергер,Berger,ဘာဂါ,柏格,伯格,柏格,Berger,Berger,Berger,Berger,Stewart,Berger,Berger,Berger,ბერგერი,Berger,Μπέργκερ,બર્ગર,ברגר,बर्गर,Berger,Berger,Berger,Berger,バーガー,ಬರ್ಗರ್,Бергер,បឺហ្គឺ,버거,Бергер,,Bergers,Bergeris,Бергер,Berger,ബെർഗർ,बर्गर,Бергер,बर्गर,Berger,برگر,Berger,Berger,Berger,ਬਰਗਰ,Berger,Бергер,Бергер,බර්ගර්,Berger,Berger,Berger,Berger,Berger,Berger,பெர்கர்,బర్గర్,Бергер,เบอร์เกอร์,Berger,Berger,Бергер,Бергер,برگر,Berger,Berger,Berger
last_name_female_stewart,Stewart,Stewart,Стюарт,Стюарт,Stewart,ስቱዋርት,ستيوارت,Ստյուարտ,Stewart,স্টুয়ার্ট,Сцюарт,Stewart,စတူးဝပ်,史都華,斯图尔特,史都華,Stewart,Stewart,Stewart,Stewart,Murphy,Stewart,Stewart,Stewart,სტიუარტი,Stewart,Στιούαρτ,સ્ટુઅર્ટ,סטיוארט,स्टीवर्ट,Stewart,Stewart,Stewart,Stewart,スチュワート,ಸ್ಟುವರ್ಟ್,Стюарт,ស្ទូអាត,스튜어트,Стюарт,,Stjuarts,Stiuartas,Стјуарт,Stewart,സ്റ്റുവർട്ട്,स्ट्युअर्ट,Стюарт,स्टुअर्ट,Stewart,استوارت,Stewart,Stewart,Stewart,ਸਟੀਵਰਟ,Stewart,Стюарт,Стјуарт,ස්ටුවර්ට්,Stewart,Stewart,Stewart,Stewart,Stewart,Stewart,ஸ்டூவர்ட்,స్టూవర్ట్,Стюарт,สจ๊วต,Stýuart,Stewart,Стюарт,Стюарт,سٹیورٹ,Styuart,Stewart,Stewart
last_name_female_murphy,Murphy,Murphy,Мёрфи,Мёрфи,Murphy,መርፊ,ميرفي,Մերֆի,Murphy,মারফি,Мёрфі,Murphy,မာဖီ,墨菲,墨菲,墨菲,Murphy,Murphy,Murphy,Murphy,Bell,Murphy,Murphy,Murphy,მერფი,Murphy,Μέρφι,મર્ફી,מרפי,मर्फी,Murphy,Murphy,Murphy,Murphy,マーフィー,ಮರ್ಫಿ,Мёрфи,មឺហ្វី,머피,Мёрфи,,Mērfijs,Merfis,Мерфи,Murphy,മർഫി,मर्फी,Мерфи,मर्फी,Murphy,مورفی,Murphy,Murphy,Murphy,ਮਰਫੀ,Murphy,Мёрфи,Мерфи,මර්ෆි,Murphy,Murphy,Murphy,Murphy,Murphy,Murphy,மர்பி,మర్ఫీ,Мерфи,เมอร์ฟี,Merfi,Murphy,Мёрфи,Мерфі,مرفی,Merfi,Murphy,Murphy
last_name_female_bell,Bell,Bell,Белл,Белл,Bell,ቤል,بيل,Բել,Bell,বেল,Бел,Bell,ဘဲလ်,貝爾,贝尔,貝爾,Bell,Bell,Bell,Bell,Clark,Bell,Bell,Bell,ბელი,Bell,Μπελ,બેલ,בל,बेल,Bell,Bell,Bell,Bell,ベル,ಬೆಲ್,Белл,បែល,벨,Белл,,Bells,Belas,Бел,Bell,ബെൽ,बेल,Белл,बेल,Bell,بل,Bell,Bell,Bell,ਬੈੱਲ,Bell,Белл,Бел,බෙල්,Bell,Bell,Bell,Bell,Bell,Bell,பெல்,బెల్,Белл,เบลล์,Bell,Bell,Белл,Белл,بیل,Bell,Bell,Bell
last_name_female_clark,Clark,Clark,Кларк,Кларк,Clark,ክላርክ,كلارك,Քլարկ,Clark,ক্লার্ক,Кларк,Clark,ကလာ့ခ်,克拉克,克拉克,克拉克,Clark,Clark,Clark,Clark,Collins,Clark,Clark,Clark,კლარკი,Clark,Κλαρκ,ક્લાર્ક,קלארק,क्लार्क,Clark,Clark,Clark,Clark,クラーク,ಕ್ಲಾರ್ಕ್,Кларк,ក្លាក,클라크,Кларк,,Klarks,Klerkas,Кларк,Clark,ക്ലാർക്ക്,क्लार्क,Кларк,क्लार्क,Clark,کلارک,Clark,Clark,Clark,ਕਲਾਰਕ,Clark,Кларк,Кларк,ක්ලාක්,Clark,Clark,Clark,Clark,Clark,Clark,கிளார்க்,క్లార్క్,Кларк,คลาร์ก,Clark,Clark,Кларк,Кларк,کلارک,Klark,Clark,Clark
last_name_female_collins,Collins,Collins,Коллинз,Коллинз,Collins,ኮሊንስ,كولينز,Քոլինզ,Collins,কলিন্স,Колінз,Collins,ကိုလင်စ်,柯林斯,柯林斯,柯林斯,Collins,Collins,Collins,Collins,Morgan,Collins,Collins,Collins,კოლინზი,Collins,Κόλινς,કોલિન્સ,קולינס,कॉलिन्स,Collins,Collins,Collins,Collins,コリンズ,ಕಾಲಿನ್ಸ್,Коллинз,កូលីន,콜린스,Коллинз,,Kolinss,Kolinsas,Колинс,Collins,കോളിൻസ്,कॉलिन्स,Коллинз,कोलिन्स,Collins,کالینز,Collins,Collins,Collins,ਕੋਲਿਨਸ,Collins,Коллинз,Колинс,කොලින්ස්,Collins,Collins,Collins,Collins,Collins,Collins,காலின்ஸ்,కాలిన్స్,Коллинз,คอลลินส์,Kollinz,Collins,Коллинз,Коллінз,کولنز,Kollinz,Collins,Collins
last_name_female_morgan,Morgan,Morgan,Морган,Морган,Morgan,ሞርጋን,مورغان,Մորգան,Morgan,মরগান,Морган,Morgan,မော်ဂန်,摩根,摩根,摩根,Morgan,Morgan,Morgan,Morgan,Evans,Morgan,Morgan,Morgan,მორგანი,Morgan,Μόργκαν,મોર્ગન,מורגן,मॉर्गन,Morgan,Morgan,Morgan,Morgan,モーガン,ಮಾರ್ಗನ್,Морган,ម៉រហ្គាន,모건,Морган,,Morgans,Morganas,Морган,Morgan,മോർഗൻ,मॉर्गन,Морган,मोर्गन,Morgan,مورگان,Morgan,Morgan,Morgan,ਮੋਰਗਨ,Morgan,Морган,Морган,මෝගන්,Morgan,Morgan,Morgan,Morgan,Morgan,Morgan,மோர்கன்,మోర్గాన్,Морган,มอร์แกน,Morgan,Morgan,Морган,Морган,مورگن,Morgan,Morgan,Morgan
last_name_female_evans,Evans,Evans,Эванс,Эванс,Evans,ኢቫንስ,إيفانز,Էվանս,Evans,ইভান্স,Эванс,Evans,အီဗန်စ်,埃文斯,埃文斯,埃文斯,Evans,Evans,Evans,Evans,Kovaleva,Evans,Evans,Evans,ევანსი,Evans,Έβανς,ઇવાન્સ,אוונס,इवांस,Evans,Evans,Evans,Evans,エバンス,ಇವಾನ್ಸ್,Эванс,អ៊ីវ៉ាន់,에반스,Эванс,,Evanss,Evansas,Еванс,Evans,ഇവാൻസ്,इव्हान्स,Эванс,इभान्स,Evans,ایوانز,Evans,Evans,Evans,ਇਵਾਨਸ,Evans,Эванс,Еванс,එවන්ස්,Evans,Evans,Evans,Evans,Evans,Evans,எவன்ஸ்,ఎవాన్స్,Эванс,อีแวนส์,Ewans,Evans,Эванс,Еванс,ایونز,Evans,Evans,Evans
last_name_female_kovalev,Kovaleva,Kovaleva,Ковалёва,Ковалёва,Kovaleva,ኮቫሌቫ,كوفاليفا,Կովալևա,Kovaleva,কোভালেভা,Кавалёва,Kovaleva,ကိုဗာလျက်ဗာ,科瓦列娃,科瓦列娃,科瓦列娃,Kovaleva,Kovaleva,Kovaleva,Kovaleva,Petrova,Kovaleva,Kovaleva,Kovaleva,კოვალევა,Kovaleva,Κοβάλεβα,કોવાલેવા,קובלבה,कोवालेवा,Kovaleva,Kovaleva,Kovaleva,Kovaleva,コバレバ,ಕೋವಲೆವಾ,Ковалёва,កូវ៉ាឡេវ៉ា,코발레바,Ковалёва,,Kovaļeva,Kovaliova,Ковалева,Kovaleva,കോവലേവ,कोवालेवा,Ковалева,कोभालेवा,Kovaleva,کووالوا,Kovaleva,Kovaleva,Kovaleva,ਕੋਵਾਲੇਵਾ,Kovaleva,Ковалёва,Коваљева,කොවලෙවා,Kovaleva,Kovaleva,Kovaleva,Kovaleva,Kovaleva,Kovaleva,கோவலேவா,కోవలేవా,Ковалева,โควาเลวา,Kowalewa,Kovaleva,Ковалёва,Ковальова,کووالیوا,Kovalyova,Kovaleva,Kovaleva
last_name_female_petrov,Petrova,Petrova,Петрова,Петрова,Petrova,ፔትሮቫ,بيتروفا,Պետրովա,Petrova,পেট্রোভা,Пятрова,Petrova,ပက်ထရိုဗာ,彼得羅娃,彼得罗娃,彼得羅娃,Petrova,Petrova,Petrova,Petrova,Sokolova,Petrova,Petrova,Petrova,პეტროვა,Petrova,Πέτροβα,પેટ્રોવા,פטרובה,पेट्रोवा,Petrova,Petrova,Petrova,Petrova,ペトロバ,ಪೆಟ್ರೋವಾ,Петрова,ភីត្រូវ៉ា,페트로바,Петрова,,Petrova,Petrova,Петрова,Petrova,പെട്രോവ,पेट्रोवा,Петрова,पेट्रोभा,Petrova,پترووا,Petrova,Petrova,Petrova,ਪੈਟਰੋਵਾ,Petrova,Петрова,Петрова,පෙට්‍රොවා,Petrova,Petrova,Petrova,Petrova,Petrova,Petrova,பெட்ரோவா,పెట్రోవా,Петрова,เปโตรวา,Petrowa,Petrova,Петрова,Петрова,پیٹرووا,Petrova,Petrova,Petrova
last_name_female_sokolov,Sokolova,Sokolova,Соколова,Соколова,Sokolova,ሶኮሎቫ,سوكولوفا,Սոկոլովա,Sokolova,সোকোলোভা,Саколава,Sokolova,ဆိုကိုလိုဗာ,索科洛娃,索科洛娃,索科洛娃,Sokolova,Sokolova,Sokolova,Sokolova,Volkova,Sokolova,Sokolova,Sokolova,სოკოლოვა,Sokolova,Σοκόλοβα,સોકોલોવા,סוקולובה,सोकोलोवा,Sokolova,Sokolova,Sokolova,Sokolova,ソコロバ,ಸೊಕೊಲೊವಾ,Соколова,សូកូឡូវ៉ា,소콜로바,Соколова,,Sokolova,Sokolova,Соколова,Sokolova,സോകോലോവ,सोकोलोवा,Соколова,सोकोलोभा,Sokolova,سوکولووا,Sokolova,Sokolova,Sokolova,ਸੋਕੋਲੋਵਾ,Sokolova,Соколова,Соколова,සොකොලොවා,Sokolova,Sokolova,Sokolova,Sokolova,Sokolova,Sokolova,சோகோலோவா,సోకోలోవా,Соколова,โซโกโลวา,Sokolowa,Sokolova,Соколова,Соколова,سوکولووا,Sokolova,Sokolova,Sokolova
last_name_female_volkov,Volkova,Volkova,Волкова,Волкова,Volkova,ቮልኮቫ,فولكوفا,Վոլկովա,Volkova,ভোলকোভা,Волкава,Volkova,ဗော်လ်ကိုဗာ,沃爾科娃,沃尔科娃,沃爾科娃,Volkova,Volkova,Volkova,Volkova,Tarasova,Volkova,Volkova,Volkova,ვოლკოვა,Volkova,Βόλκοβα,વોલ્કોવા,וולקובה,वोल्कोवा,Volkova,Volkova,Volkova,Volkova,ヴォルコバ,ವೊಲ್ಕೊವಾ,Волкова,វ៉ុលកូវ៉ា,볼코바,Волкова,,Volkova,Volkova,Волкова,Volkova,വോൾകോവ,वोल्कोवा,Волкова,भोल्कोभा,Volkova,ولکووا,Volkova,Volkova,Volkova,ਵੋਲਕੋਵਾ,Volkova,Волкова,Волкова,වොල්කොවා,Volkova,Volkova,Volkova,Volkova,Volkova,Volkova,வோல்கோவா,వోల్కోవా,Волкова,โวลโควา,Wolkowa,Volkova,Волкова,Волкова,وولکووا,Volkova,Volkova,Volkova
last_name_female_tarasov,Tarasova,Tarasova,Тарасова,Тарасова,Tarasova,ታራሶቫ,تاراسوفا,Տարասովա,Tarasova,তারাসোভা,Тарасава,Tarasova,တာရာဆိုဗာ,塔拉索娃,塔拉索娃,塔拉索娃,Tarasova,Tarasova,Tarasova,Tarasova,Tanaka,Tarasova,Tarasova,Tarasova,ტარასოვა,Tarasova,Ταράσοβα,તારાસોવા,טרסובה,तारासोवा,Tarasova,Tarasova,Tarasova,Tarasova,タラソバ,ತರಾಸೊವಾ,Тарасова,តារ៉ាសូវ៉ា,타라소바,Тарасова,,Tarasova,Tarasova,Тарасова,Tarasova,താരസോവ,तारासोवा,Тарасова,तारासोभा,Tarasova,تاراسووا,Tarasova,Tarasova,Tarasova,ਤਾਰਾਸੋਵਾ,Tarasova,Тарасова,Тарасова,තරසොවා,Tarasova,Tarasova,Tarasova,Tarasova,Tarasova,Tarasova,தராசோவா,తరాసోవా,Тарасова,ทาราโซวา,Tarasowa,Tarasova,Тарасова,Тарасова,تاراسووا,Tarasova,Tarasova,Tarasova
last_name_female_tanaka,Tanaka,Tanaka,Танака,Танака,Tanaka,ታናካ,تاناكا,Տանակա,Tanaka,তানাকা,Танака,Tanaka,တာနာကာ,田中,田中,田中,Tanaka,Tanaka,Tanaka,Tanaka,Sato,Tanaka,Tanaka,Tanaka,ტანაკა,Tanaka,Τανάκα,તાનાકા,טנקה,तनाका,Tanaka,Tanaka,Tanaka,Tanaka,タナカ,ತನಕ,Танака,តាណាកា,다나카,Танака,,Tanaka,Tanaka,Танака,Tanaka,തനാക,तनाका,Танака,तानाका,Tanaka,تاناکا,Tanaka,Tanaka,Tanaka,ਤਾਨਾਕਾ,Tanaka,Танака,Танака,තනකා,Tanaka,Tanaka,Tanaka,Tanaka,Tanaka,Tanaka,தனகா,తనాకా,Танака,ทานากะ,Tanaka,Tanaka,Танака,Танака,تاناکا,Tanaka,Tanaka,Tanaka
last_name_female_sato,Sato,Sato,Сато,Сато,Sato,ሳቶ,ساتو,Սատո,Sato,সাতো,Сато,Sato,ဆာတို,佐藤,佐藤,佐藤,Sato,Sato,Sato,Sato,Kim,Sato,Sato,Sato,სატო,Sato,Σάτο,સાટો,סאטו,सातो,Sato,Sato,Sato,Sato,サトウ,ಸಾಟೊ,Сато,សាតូ,사토,Сато,,Sato,Sato,Сато,Sato,സാറ്റോ,सातो,Сато,सातो,Sato,ساتو,Sato,Sato,Sato,ਸਾਟੋ,Sato,Сато,Сато,සාටෝ,Sato,Sato,Sato,Sato,Sato,Sato,சாடோ,సాటో,Сато,ซาโต้,Sato,Sato,Сато,Сато,ساتو,Sato,Sato,Sato
last_name_female_kim,Kim,Kim,Ким,Ким,Kim,ኪም,كيم,Կիմ,Kim,কিম,Кім,Kim,ကင်မ်,金,金,金,Kim,Kim,Kim,Kim,Park,Kim,Kim,Kim,კიმი,Kim,Κιμ,કિમ,קים,किम,Kim,Kim,Kim,Kim,キム,ಕಿಮ್,Ким,គីម,김,Ким,,Kims,Kim,Ким,Kim,കിം,किम,Ким,किम,Kim,کیم,Kim,Kim,Kim,ਕਿਮ,Kim,Ким,Ким,කිම්,Kim,Kim,Kim,Kim,Kim,Kim,கிம்,కిమ్,Ким,คิม,Kim,Kim,Ким,Кім,کم,Kim,Kim,Kim
last_name_female_park,Park,Park,Пак,Пак,Park,ፓርክ,بارك,Պարկ,Park,পার্ক,Пак,Park,ပါ့ခ်,朴,朴,朴,Park,Park,Park,Park,Lee,Park,Park,Park,პარკი,Park,Παρκ,પાર્ક,פארק,पार्क,Park,Park,Park,Park,パク,ಪಾರ್ಕ್,Пак,ប៉ាក,박,Пак,,Paks,Parkas,Парк,Park,പാർക്ക്,पार्क,Пак,पार्क,Park,پارک,Park,Park,Park,ਪਾਰਕ,Park,Пак,Парк,පාක්,Park,Park,Park,Park,Park,Park,பார்க்,పార్క్,Парк,ปาร์ค,Park,Park,Пак,Пак,پارک,Park,Park,Park
last_name_female_lee,Lee,Lee,Ли,Ли,Lee,ሊ,لي,Լի,Lee,লি,Лі,Lee,လီ,李,李,李,Lee,Lee,Lee,Lee,Lin,Lee,Lee,Lee,ლი,Lee,Λι,લી,לי,ली,Lee,Lee,Lee,Lee,イ,ಲೀ,Ли,លី,이,Ли,,Lī,Li,Ли,Lee,ലീ,ली,Ли,ली,Lee,لی,Lee,Lee,Lee,ਲੀ,Lee,Ли,Ли,ලී,Lee,Lee,Lee,Lee,Lee,Lee,லீ,లీ,Ли,ลี,Li,Lee,Ли,Лі,لی,Li,Lee,Lee
last_name_female_lin,Lin,Lin,Лин,Лин,Lin,ሊን,لين,Լին,Lin,লিন,Лін,Lin,လင်,林,林,林,Lin,Lin,Lin,Lin,Chen,Lin,Lin,Lin,ლინი,Lin,Λιν,લિન,לין,लिन,Lin,Lin,Lin,Lin,リン,ಲಿನ್,Лин,លីន,린,Лин,,Lins,Lin,Лин,Lin,ലിൻ,लिन,Лин,लिन,Lin,لین,Lin,Lin,Lin,ਲਿਨ,Lin,Лин,Лин,ලින්,Lin,Lin,Lin,Lin,Lin,Lin,லின்,లిన్,Лин,หลิน,Lin,Lin,Лин,Лін,لن,Lin,Lin,Lin
last_name_female_chen,Chen,Chen,Чен,Чен,Chen,ቼን,تشين,Չեն,Chen,চেন,Чэн,Chen,ချန်,陳,陈,陳,Chen,Chen,Chen,Chen,Khan,Chen,Chen,Chen,ჩენი,Chen,Τσεν,ચેન,צ'ן,चेन,Chen,Chen,Chen,Chen,チェン,ಚೆನ್,Чен,ឆេន,첸,Чен,,Čens,Čenas,Чен,Chen,ചെൻ,चेन,Чен,चेन,Chen,چن,Chen,Chen,Chen,ਚੇਨ,Chen,Чен,Чен,චෙන්,Chen,Chen,Chen,Chen,Chen,Chen,சென்,చెన్,Чен,เฉิน,Çen,Chen,Чен,Чен,چن,Chen,Chen,Chen
last_name_female_khan,Khan,Khan,Хан,Хан,Khan,ካን,خان,Խան,Khan,খান,Хан,Khan,ခန်,汗,汗,汗,Khan,Khan,Khan,Khan,Malik,Khan,Khan,Khan,ხანი,Khan,Χαν,ખાન,חאן,खान,Khan,Khan,Khan,Khan,カーン,ಖಾನ್,Хан,ខាន់,칸,Хан,,Khans,Khanas,Кан,Khan,ഖാൻ,खान,Хан,खान,Khan,خان,Khan,Khan,Khan,ਖਾਨ,Khan,Хан,Кан,කාන්,Khan,Khan,Khan,Khan,Khan,Khan,கான்,ఖాన్,Хан,ข่าน,Han,Khan,Хан,Хан,خان,Xon,Khan,Khan
last_name_female_malik,Malik,Malik,Малик,Малик,Malik,ማሊክ,مالك,Մալիկ,Malik,মালিক,Малік,Malik,မာလစ်,馬利克,马利克,馬利克,Malik,Malik,Malik,Malik,Mehta,Malik,Malik,Malik,მალიკი,Malik,Μαλίκ,મલિક,מאליק,मलिक,Malik,Malik,Malik,Malik,マリク,ಮಲಿಕ್,Малик,ម៉ាលីក,말릭,Малик,,Maliks,Malikas,Малик,Malik,മാലിക്,मलिक,Малик,मालिक,Malik,مالک,Malik,Malik,Malik,ਮਾਲਿਕ,Malik,Малик,Малик,මාලික්,Malik,Malik,Malik,Malik,Malik,Malik,மாலிக்,మాలిక్,Малик,มาลิก,Malik,Malik,Малик,Малік,ملک,Malik,Malik,Malik
last_name_female_mehta,Mehta,Mehta,Мехта,Мехта,Mehta,ሜህታ,مهتا,Մեհտա,Mehta,মেহতা,Мехта,Mehta,မယ်ထာ,梅塔,梅塔,梅塔,Mehta,Mehta,Mehta,Mehta,Adams,Mehta,Mehta,Mehta,მეჰტა,Mehta,Μεχτά,મહેતા,מהטה,मेहता,Mehta,Mehta,Mehta,Mehta,メータ,ಮೆಹ್ತಾ,Мехта,មេហ្តា,메타,Мехта,,Mehta,Mehta,Мехта,Mehta,മേത്ത,मेहता,Мехта,मेहता,Mehta,میتا,Mehta,Mehta,Mehta,ਮਹਿਤਾ,Mehta,Мехта,Мехта,මෙහ්තා,Mehta,Mehta,Mehta,Mehta,Mehta,Mehta,மேத்தா,మెహతా,Мехта,เมห์ตา,Mehta,Mehta,Мехта,Мехта,مہتا,Mehta,Mehta,Mehta
last_name_female_adams,Adams,Adams,Адамс,Адамс,Adams,አዳምስ,آدامز,Ադամս,Adams,অ্যাডামস,Адамс,Adams,အက်ဒမ်စ်,亞當斯,亚当斯,亞當斯,Adams,Adams,Adams,Adams,Baker,Adams,Adams,Adams,ადამსი,Adams,Άνταμς,એડમ્સ,אדמס,एडम्स,Adams,Adams,Adams,Adams,アダムズ,ಆಡಮ್ಸ್,Адамс,អាដាម,아담스,Адамс,,Adamss,Adamsas,Адамс,Adams,ആഡംസ്,अॅडम्स,Адамс,एडम्स,Adams,آدامز,Adams,Adams,Adams,ਐਡਮਜ਼,Adams,Адамс,Адамс,ඇඩම්ස්,Adams,Adams,Adams,Adams,Adams,Adams,ஆடம்ஸ்,ఆడమ్స్,Адамс,อดัมส์,Adams,Adams,Адамс,Адамс,ایڈمز,Adams,Adams,Adams
last_name_female_baker,Baker,Baker,Бейкер,Бейкер,Baker,ቤከር,بايكر,Բեյքեր,Baker,বেকার,Бэйкер,Baker,ဘေကာ,貝克,贝克,貝克,Baker,Baker,Baker,Baker,Carter,Baker,Baker,Baker,ბეიკერი,Baker,Μπέικερ,બેકર,בייקר,बेकर,Baker,Baker,Baker,Baker,ベイカー,ಬೇಕರ್,Бейкер,បេកឃឺ,베이커,Бейкер,,Beikers,Bekeris,Бејкер,Baker,ബേക്കർ,बेकर,Бейкер,बेकर,Baker,بیکر,Baker,Baker,Baker,ਬੇਕਰ,Baker,Бейкер,Бејкер,බේකර්,Baker,Baker,Baker,Baker,Baker,Baker,பேக்கர்,బేకర్,Бейкер,เบเกอร์,Beýker,Baker,Бейкер,Бейкер,بیکر,Beyker,Baker,Baker
last_name_female_carter,Carter,Carter,Картер,Картер,Carter,ካርተር,كارتر,Քարթեր,Carter,কার্টার,Картэр,Carter,ကာတာ,卡特,卡特,卡特,Carter,Carter,Carter,Carter,Cooper,Carter,Carter,Carter,კარტერი,Carter,Κάρτερ,કાર્ટર,קרטר,कार्टर,Carter,Carter,Carter,Carter,カーター,ಕಾರ್ಟರ್,Картер,កាតឺរ,카터,Картер,,Kārters,Karteris,Картер,Carter,കാർട്ടർ,कार्टर,Картер,कार्टर,Carter,کارتر,Carter,Carter,Carter,ਕਾਰਟਰ,Carter,Картер,Картер,කාටර්,Carter,Carter,Carter,Carter,Carter,Carter,கார்ட்டர்,కార్టర్,Картер,คาร์เตอร์,Karter,Carter,Картер,Картер,کارٹر,Karter,Carter,Carter
last_name_female_cooper,Cooper,Cooper,Купер,Купер,Cooper,ኩፐር,كوبر,Քուպեր,Cooper,কুপার,Купер,Cooper,ကုပါ,庫柏,库珀,庫柏,Cooper,Cooper,Cooper,Cooper,Davis,Cooper,Cooper,Cooper,კუპერი,Cooper,Κούπερ,કૂપર,קופר,कूपर,Cooper,Cooper,Cooper,Cooper,クーパー,ಕೂಪರ್,Купер,គូភឺរ,쿠퍼,Купер,,Kūpers,Kuperis,Купер,Cooper,കൂപ്പർ,कूपर,Купер,कुपर,Cooper,کوپر,Cooper,Cooper,Cooper,ਕੂਪਰ,Cooper,Купер,Купер,කූපර්,Cooper,Cooper,Cooper,Cooper,Cooper,Cooper,கூப்பர்,కూపర్,Купер,คูเปอร์,Kuper,Cooper,Купер,Купер,کوپر,Kuper,Cooper,Cooper
last_name_female_davis,Davis,Davis,Дэвис,Дэвис,Davis,ዴቪስ,ديفيس,Դեյվիս,Davis,ডেভিস,Дэвіс,Davis,ဒေးဗစ်စ်,戴維斯,戴维斯,戴維斯,Davis,Davis,Davis,Davis,Edwards,Davis,Davis,Davis,დეივისი,Davis,Ντέιβις,ડેવિસ,דייוויס,डेविस,Davis,Davis,Davis,Davis,デイビス,ಡೇವಿಸ್,Дэвис,ដេវីស,데이비스,Дэвис,,Deiviss,Deivisas,Дејвис,Davis,ഡേവിസ്,डेव्हिस,Дэвис,डेभिस,Davis,دیویس,Davis,Davis,Davis,ਡੇਵਿਸ,Davis,Дэвис,Дејвис,ඩේවිස්,Davis,Davis,Davis,Davis,Davis,Davis,டேவிஸ்,డేవిస్,Дэвис,เดวิส,Deýwis,Davis,Дэвис,Девіс,ڈیوس,Devis,Davis,Davis
last_name_female_edwards,Edwards,Edwards,Эдвардс,Эдвардс,Edwards,ኤድዋርድስ,إدواردز,Էդվարդս,Edwards,এডওয়ার্ডস,Эдвардс,Edwards,အဒွါ့်စ်,愛德華茲,爱德华兹,愛德華茲,Edwards,Edwards,Edwards,Edwards,Green,Edwards,Edwards,Edwards,ედვარდსი,Edwards,Έντουαρντς,એડવર્ડ્સ,אדוארדס,एडवर्ड्स,Edwards,Edwards,Edwards,Edwards,エドワーズ,ಎಡ್ವರ್ಡ್ಸ್,Эдвардс,អេដវឺត,에드워즈,Эдвардс,,Edvardss,Edvardas,Едвардс,Edwards,എഡ്വേർഡ്സ്,एडवर्ड्स,Эдвардс,एडवर्ड्स,Edwards,ادواردز,Edwards,Edwards,Edwards,ਐਡਵਰਡਜ਼,Edwards,Эдвардс,Едвардс,එඩ්වර්ඩ්ස්,Edwards,Edwards,Edwards,Edwards,Edwards,Edwards,எட்வர்ட்ஸ்,ఎడ్వర్డ్స్,Эдвардс,เอ็ดเวิร์ดส์,Edwards,Edwards,Эдвардс,Едвардс,ایڈورڈز,Edvards,Edwards,Edwards
last_name_female_green,Green,Green,Грин,Грин,Green,ግሪን,غرين,Գրին,Green,গ্রিন,Грын,Green,ဂရင်း,格林,格林,格林,Green,Green,Green,Green,Hall,Green,Green,Green,გრინი,Green,Γκριν,ગ્રીન,גרין,ग्रीन,Green,Green,Green,Green,グリーン,ಗ್ರೀನ್,Грин,ហ្គ្រីន,그린,Грин,,Grīns,Grinas,Грин,Green,ഗ്രീൻ,ग्रीन,Грин,ग्रीन,Green,گرین,Green,Green,Green,ਗ੍ਰੀਨ,Green,Грин,Грин,ග්‍රීන්,Green,Green,Green,Green,Green,Green,கிரீன்,గ్రీన్,Грин,กรีน,Grin,Green,Грин,Грін,گرین,Grin,Green,Green
last_name_female_hall,Hall,Hall,Холл,Холл,Hall,ሆል,هول,Հոլ,Hall,হল,Хол,Hall,ဟော,霍爾,霍尔,霍爾,Hall,Hall,Hall,Hall,Harris,Hall,Hall,Hall,ჰოლი,Hall,Χολ,હોલ,הול,हॉल,Hall,Hall,Hall,Hall,ホール,ಹಾಲ್,Холл,ហូល,홀,Холл,,Holss,Holas,Хол,Hall,ഹോൾ,हॉल,Холл,हल,Hall,هال,Hall,Hall,Hall,ਹਾਲ,Hall,Холл,Хол,හෝල්,Hall,Hall,Hall,Hall,Hall,Hall,ஹால்,హాల్,Холл,ฮอลล์,Hall,Hall,Холл,Холл,ہال,Xoll,Hall,Hall
last_name_female_harris,Harris,Harris,Харрис,Харрис,Harris,ሃሪስ,هاريس,Հարիս,Harris,হ্যারিস,Харыс,Harris,ဟယ်ရစ်,哈里斯,哈里斯,哈里斯,Harris,Harris,Harris,Harris,Hill,Harris,Harris,Harris,ჰარისი,Harris,Χάρις,હેરિસ,האריס,हैरिस,Harris,Harris,Harris,Harris,ハリス,ಹ್ಯಾರಿಸ್,Харрис,ហារីស,해리스,Харрис,,Heriss,Harisas,Харис,Harris,ഹാരിസ്,हॅरिस,Харрис,ह्यारिस,Harris,هریس,Harris,Harris,Harris,ਹੈਰਿਸ,Harris,Харрис,Харис,හැරිස්,Harris,Harris,Harris,Harris,Harris,Harris,ஹாரிஸ்,హారిస్,Харрис,แฮร์ริส,Harris,Harris,Харрис,Гарріс,ہیرس,Xarris,Harris,Harris
last_name_female_hill,Hill,Hill,Хилл,Хилл,Hill,ሂል,هيل,Հիլ,Hill,হিল,Хіл,Hill,ဟီလ်,希爾,希尔,希爾,Hill,Hill,Hill,Hill,Jackson,Hill,Hill,Hill,ჰილი,Hill,Χιλ,હિલ,היל,हिल,Hill,Hill,Hill,Hill,ヒル,ಹಿಲ್,Хилл,ហ៊ីល,힐,Хилл,,Hils,Hilas,Хил,Hill,ഹിൽ,हिल,Хилл,हिल,Hill,هیل,Hill,Hill,Hill,ਹਿੱਲ,Hill,Хилл,Хил,හිල්,Hill,Hill,Hill,Hill,Hill,Hill,ஹில்,హిల్,Хилл,ฮิลล์,Hill,Hill,Хилл,Гілл,ہل,Xill,Hill,Hill
last_name_female_jackson,Jackson,Jackson,Джексон,Джексон,Jackson,ጃክሰን,جاكسون,Ջեքսոն,Jackson,জ্যাকসন,Джэксан,Jackson,ဂျက်ဆန်,傑克森,杰克逊,傑克森,Jackson,Jackson,Jackson,Jackson,King,Jackson,Jackson,Jackson,ჯექსონი,Jackson,Τζάκσον,જેક્સન,ג'קסון,जैक्सन,Jackson,Jackson,Jackson,Jackson,ジャクソン,ಜಾಕ್ಸನ್,Джексон,ហ្សាក់សុន,잭슨,Джексон,,Džeksons,Džeksonas,Џексон,Jackson,ജാക്സൺ,जॅक्सन,Жаксон,ज्याक्सन,Jackson,جکسون,Jackson,Jackson,Jackson,ਜੈਕਸਨ,Jackson,Джексон,Џексон,ජැක්සන්,Jackson,Jackson,Jackson,Jackson,Jackson,Jackson,ஜாக்சன்,జాక్సన్,Джексон,แจ็คสัน,Jekson,Jackson,Джексон,Джексон,جیکسن,Jekson,Jackson,Jackson
last_name_female_king,King,King,Кинг,Кинг,King,ኪንግ,كينغ,Քինգ,King,কিং,Кінг,King,ကင်း,金恩,金,金恩,King,King,King,King,Lewis,King,King,King,კინგი,King,Κινγκ,કિંગ,קינג,किंग,King,King,King,King,キング,ಕಿಂಗ್,Кинг,គីង,킹,Кинг,,Kings,Kingas,Кинг,King,കിംഗ്,किंग,Кинг,किङ,King,کینگ,King,King,King,ਕਿੰਗ,King,Кинг,Кинг,කිං,King,King,King,King,King,King,கிங்,కింగ్,Кинг,คิง,King,King,Кинг,Кінг,کنگ,King,King,King
last_name_female_lewis,Lewis,Lewis,Льюис,Льюис,Lewis,ሉዊስ,لويس,Լյուիս,Lewis,লুইস,Льюіс,Lewis,လူးဝစ်စ်,路易斯,刘易斯,路易斯,Lewis,Lewis,Lewis,Lewis,Nelson,Lewis,Lewis,Lewis,ლუისი,Lewis,Λιούις,લુઇસ,לואיס,लुईस,Lewis,Lewis,Lewis,Lewis,ルイス,ಲೂಯಿಸ್,Льюис,ល្វីស,루이스,Льюис,,Lūiss,Liudvikas,Луис,Lewis,ലൂയിസ്,लुईस,Льюис,लुइस,Lewis,لوئیس,Lewis,Lewis,Lewis,ਲੂਈਸ,Lewis,Льюис,Луис,ලුවිස්,Lewis,Lewis,Lewis,Lewis,Lewis,Lewis,லூயிஸ்,లూయిస్,Луис,ลูอิส,Luis,Lewis,Льюис,Льюїс,لیوس,Luis,Lewis,Lewis
last_name_female_nelson,Nelson,Nelson,Нельсон,Нельсон,Nelson,ኔልሰን,نيلسون,Նելսոն,Nelson,নেলসন,Нэльсан,Nelson,နယ်လ်ဆန်,尼爾森,尼尔森,尼爾森,Nelson,Nelson,Nelson,Nelson,Parker,Nelson,Nelson,Nelson,ნელსონი,Nelson,Νέλσον,નેલ્સન,נלסון,नेल्सन,Nelson,Nelson,Nelson,Nelson,ネルソン,ನೆಲ್ಸನ್,Нельсон,នេលសុន,넬슨,Нельсон,,Nelsons,Nelsonas,Нелсон,Nelson,നെൽസൺ,नेल्सन,Нельсон,नेल्सन,Nelson,نلسون,Nelson,Nelson,Nelson,ਨੈਲਸਨ,Nelson,Нельсон,Нелсон,නෙල්සන්,Nelson,Nelson,Nelson,Nelson,Nelson,Nelson,நெல்சன்,నెల్సన్,Нельсон,เนลสัน,Nelson,Nelson,Нельсон,Нельсон,نیلسن,Nelson,Nelson,Nelson
last_name_female_parker,Parker,Parker,Паркер,Паркер,Parker,ፓርከር,باركر,Փարքեր,Parker,পার্কার,Паркер,Parker,ပါကာ,帕克,帕克,帕克,Parker,Parker,Parker,Parker,Roberts,Parker,Parker,Parker,პარკერი,Parker,Πάρκερ,પાર્કર,פרקר,पार्कर,Parker,Parker,Parker,Parker,パーカー,ಪಾರ್ಕರ್,Паркер,ប៉ាកឃឺ,파커,Паркер,,Pārkers,Parkeris,Паркер,Parker,പാർക്കർ,पार्कर,Паркер,पार्कर,Parker,پارکر,Parker,Parker,Parker,ਪਾਰਕਰ,Parker,Паркер,Паркер,පාකර්,Parker,Parker,Parker,Parker,Parker,Parker,பார்க்கர்,పార్కర్,Паркер,ปาร์คเกอร์,Parker,Parker,Паркер,Паркер,پارکر,Parker,Parker,Parker
last_name_female_roberts,Roberts,Roberts,Робертс,Робертс,Roberts,ሮበርትስ,روبرتس,Ռոբերտս,Roberts,রবার্টস,Робертс,Roberts,ရောဘတ်စ်,羅伯茲,罗伯茨,羅伯茲,Roberts,Roberts,Roberts,Roberts,Scott,Roberts,Roberts,Roberts,რობერტსი,Roberts,Ρόμπερτς,રોબર્ટ્સ,רוברטס,रॉबर्ट्स,Roberts,Roberts,Roberts,Roberts,ロバーツ,ರಾಬರ್ಟ್ಸ್,Робертс,រ៉ូបឺត,로버츠,Робертс,,Robertss,Robertsas,Робертс,Roberts,റോബർട്ട്സ്,रॉबर्ट्स,Робертс,रोबर्ट्स,Roberts,رابرتز,Roberts,Roberts,Roberts,ਰੌਬਰਟਸ,Roberts,Робертс,Робертс,රොබර්ට්ස්,Roberts,Roberts,Roberts,Roberts,Roberts,Roberts,ராபர்ட்ஸ்,రాబర్ట్స్,Робертс,โรเบิร์ตส์,Roberts,Roberts,Робертс,Робертс,رابرٹس,Roberts,Roberts,Roberts
last_name_female_scott,Scott,Scott,Скотт,Скотт,Scott,ስኮት,سكوت,Սքոթ,Scott,স্কট,Скот,Scott,စကော့,史考特,斯科特,史考特,Scott,Scott,Scott,Scott,Thomas,Scott,Scott,Scott,სკოტი,Scott,Σκοτ,સ્કોટ,סקוט,स्कॉट,Scott,Scott,Scott,Scott,スコット,ಸ್ಕಾಟ್,Скотт,ស្កុត,스콧,Скотт,,Skots,Skotas,Скот,Scott,സ്കോട്ട്,स्कॉट,Скотт,स्कट,Scott,اسکات,Scott,Scott,Scott,ਸਕਾਟ,Scott,Скотт,Скот,ස්කොට්,Scott,Scott,Scott,Scott,Scott,Scott,ஸ்காட்,స్కాట్,Скотт,สก็อตต์,Skott,Scott,Скотт,Скотт,سکاٹ,Skott,Scott,Scott
last_name_female_thomas,Thomas,Thomas,Томас,Томас,Thomas,ቶማስ,توماس,Թոմաս,Thomas,থমাস,Томас,Thomas,သောမတ်စ်,湯瑪斯,托马斯,湯瑪斯,Thomas,Thomas,Thomas,Thomas,Turner,Thomas,Thomas,Thomas,თომასი,Thomas,Θωμάς,થોમસ,תומאס,थॉमस,Thomas,Thomas,Thomas,Thomas,トーマス,ಥಾಮಸ್,Томас,ថូម៉ាស,토마스,Томас,,Tomass,Tomas,Томас,Thomas,തോമസ്,थॉमस,Томас,थोमस,Thomas,توماس,Thomas,Thomas,Thomas,ਥਾਮਸ,Thomas,Томас,Томас,තෝමස්,Thomas,Thomas,Thomas,Thomas,Thomas,Thomas,தாமஸ்,థామస్,Томас,โทมัส,Tomas,Thomas,Томас,Томас,تھامس,Tomas,Thomas,Thomas
last_name_female_turner,Turner,Turner,Тернер,Тёрнер,Turner,ተርነር,تورنر,Թերներ,Turner,টার্নার,Тэрнер,Turner,တာနာ,特納,特纳,特納,Turner,Turner,Turner,Turner,Walker,Turner,Turner,Turner,ტერნერი,Turner,Τέρνερ,ટર્નર,טרנר,टर्नर,Turner,Turner,Turner,Turner,ターナー,ಟರ್ನರ್,Тёрнер,ថឺនឺរ,터너,Тёрнер,,Tērners,Terneris,Тарнер,Turner,ടർണർ,टर्नर,Тернер,टर्नर,Turner,ترنر,Turner,Turner,Turner,ਟਰਨਰ,Turner,Тёрнер,Тарнер,ටර්නර්,Turner,Turner,Turner,Turner,Turner,Turner,டர்னர்,టర్నర్,Тернер,เทิร์นเนอร์,Terner,Turner,Тернер,Тернер,ٹرنر,Terner,Turner,Turner
last_name_female_walker,Walker,Walker,Уокер,Уокер,Walker,ዎከር,والكر,Ուոքեր,Walker,ওয়াকার,Уокер,Walker,ဝေါ်ကာ,沃克,沃克,沃克,Walker,Walker,Walker,Walker,White,Walker,Walker,Walker,უოკერი,Walker,Γουόκερ,વોકર,ווקר,वॉकर,Walker,Walker,Walker,Walker,ウォーカー,ವಾಕರ್,Уокер,វ៉កឃឺ,워커,Уокер,,Vokers,Vokeris,Вокер,Walker,വാക്കർ,वॉकर,Уокер,वाकर,Walker,واکر,Walker,Walker,Walker,ਵਾਕਰ,Walker,Уокер,Вокер,වෝකර්,Walker,Walker,Walker,Walker,Walker,Walker,வாக்கர்,వాకర్,Уокер,วอล์คเกอร์,Woker,Walker,Уокер,Вокер,واکر,Voker,Walker,Walker
last_name_female_white,White,White,Уайт,Уайт,White,ዋይት,وايت,Ուայթ,White,হোয়াইট,Уайт,White,ဝိုက်,懷特,怀特,懷特,White,White,White,White,Young,White,White,White,უაიტი,White,Γουάιτ,વ્હાઇટ,וויט,व्हाइट,White,White,White,White,ホワイト,ವೈಟ್,Уайт,វ៉ៃត៍,화이트,Уайт,,Vaits,Vaitas,Вајт,White,വൈറ്റ്,व्हाइट,Уайт,व्हाइट,White,وایت,White,White,White,ਵਾਈਟ,White,Уайт,Вајт,වයිට්,White,White,White,White,White,White,வைட்,వైట్,Уайт,ไวท์,Waýt,White,Уайт,Вайт,وائٹ,Vayt,White,White
last_name_female_young,Young,Young,Янг,Янг,Young,ያንግ,يونغ,Յանգ,Young,ইয়ং,Янг,Young,ယန်း,楊,杨,楊,Young,Young,Young,Young,Fischer,Young,Young,Young,იანგი,Young,Γιανγκ,યંગ,יאנג,यंग,Young,Young,Young,Young,ヤング,ಯಂಗ್,Янг,យ៉ាំង,영,Янг,,Jangs,Jangas,Јанг,Young,യംഗ്,यंग,Янг,यंग,Young,یانگ,Young,Young,Young,ਯੰਗ,Young,Янг,Јанг,යං,Young,Young,Young,Young,Young,Young,யங்,యంగ్,Янг,ยัง,Ýang,Young,Янг,Янг,ینگ,Yangi,Young,Young
last_name_female_fischer,Fischer,Fischer,Фишер,Фишер,Fischer,ፊሸር,فيشر,Ֆիշեր,Fischer,ফিশার,Фішэр,Fischer,ဖစ်ရှာ,費雪,费舍尔,費雪,Fischer,Fischer,Fischer,Fischer,Meyer,Fischer,Fischer,Fischer,ფიშერი,Fischer,Φίσερ,ફિશર,פישר,फिशर,Fischer,Fischer,Fischer,Fischer,フィッシャー,ಫಿಶರ್,Фишер,ហ្វីសឺរ,피셔,Фишер,,Fišers,Fišeris,Фишер,Fischer,ഫിഷർ,फिशर,Фишер,फिशर,Fischer,فیشر,Fischer,Fischer,Fischer,ਫਿਸ਼ਰ,Fischer,Фишер,Фишер,ෆිෂර්,Fischer,Fischer,Fischer,Fischer,Fischer,Fischer,ஃபிஷர்,ఫిషర్,Фишер,ฟิชเชอร์,Fişer,Fischer,Фишер,Фішер,فشر,Fisher,Fischer,Fischer
last_name_female_meyer,Meyer,Meyer,Мейер,Мейер,Meyer,ሜየር,ماير,Մեյեր,Meyer,মেয়ার,Меер,Meyer,မဲယာ,邁耶,迈耶,邁耶,Meyer,Meyer,Meyer,Meyer,Schmidt,Meyer,Meyer,Meyer,მაიერი,Meyer,Μάγερ,મેયર,מייר,मेयर,Meyer,Meyer,Meyer,Meyer,マイヤー,ಮೇಯರ್,Майер,ម៉ាយឺរ,마이어,Майер,,Meiers,Maieris,Мајер,Meyer,മേയർ,मेयर,Майер,मेयर,Meyer,مایر,Meyer,Meyer,Meyer,ਮੇਅਰ,Meyer,Мейер,Мајер,මෙයර්,Meyer,Meyer,Meyer,Meyer,Meyer,Meyer,மேயர்,మేయర్,Майер,เมเยอร์,Meýer,Meyer,Мейер,Меєр,مائر,Mayer,Meyer,Meyer
last_name_female_schmidt,Schmidt,Schmidt,Шмидт,Шмидт,Schmidt,ሽሚት,شميدت,Շմիդտ,Schmidt,শ্মিট,Шмідт,Schmidt,ရှမစ်,施密特,施密特,施密特,Schmidt,Schmidt,Schmidt,Schmidt,Schneider,Schmidt,Schmidt,Schmidt,შმიდტი,Schmidt,Σμιτ,શ્મિડ્ટ,שמידט,श्मिट,Schmidt,Schmidt,Schmidt,Schmidt,シュミット,ಶ್ಮಿಡ್ಟ್,Шмидт,ស្មីត,슈미트,Шмидт,,Šmits,Šmitas,Шмит,Schmidt,ഷ്മിഡ്,श्मिट,Шмидт,स्मिट,Schmidt,اشمیت,Schmidt,Schmidt,Schmidt,ਸ਼ਮਿਟ,Schmidt,Шмидт,Шмит,ෂ්මිඩ්ට්,Schmidt,Schmidt,Schmidt,Schmidt,Schmidt,Schmidt,ஷ்மிட்,ష్మిడ్ట్,Шмидт,ชมิดต์,Şmidt,Schmidt,Шмидт,Шмідт,شمٹ,Shmidt,Schmidt,Schmidt
last_name_female_schneider,Schneider,Schneider,Шнайдер,Шнайдер,Schneider,ሽናይደር,شنايدر,Շնայդեր,Schneider,শ্নাইডার,Шнайдэр,Schneider,ရှနိုင်ဒါ,施奈德,施奈德,施奈德,Schneider,Schneider,Schneider,Schneider,Lang,Schneider,Schneider,Schneider,შნაიდერი,Schneider,Σνάιντερ,શ્નાઇડર,שניידר,श्नाइडर,Schneider,Schneider,Schneider,Schneider,シュナイダー,ಶ್ನೈಡರ್,Шнайдер,ស្នាយដឺរ,슈나이더,Шнайдер,,Šneiders,Šneideris,Шнајдер,Schneider,ഷ്നൈഡർ,श्नायडर,Шнайдер,स्नाइडर,Schneider,اشنایدر,Schneider,Schneider,Schneider,ਸ਼ਨਾਈਡਰ,Schneider,Шнайдер,Шнајдер,ෂ්නයිඩර්,Schneider,Schneider,Schneider,Schneider,Schneider,Schneider,ஷ்னைடர்,ష్నైడర్,Шнайдер,ชไนเดอร์,Şnaýder,Schneider,Шнайдер,Шнайдер,شنائیڈر,Shnayder,Schneider,Schneider
last_name_female_lang,Lang,Lang,Ланг,Ланг,Lang,ላንግ,لانغ,Լանգ,Lang,ল্যাং,Ланг,Lang,လန်,朗,朗,朗,Lang,Lang,Lang,Lang,Gallo,Lang,Lang,Lang,ლანგი,Lang,Λανγκ,લેંગ,לאנג,लैंग,Lang,Lang,Lang,Lang,ラング,ಲ್ಯಾಂಗ್,Ланг,ឡាំង,랑,Ланг,,Lang,Langas,Ланг,Lang,ലാംഗ്,लँग,Ланг,ल्याङ,Lang,لانگ,Lang,Lang,Lang,ਲੈਂਗ,Lang,Ланг,Ланг,ලැන්ග්,Lang,Lang,Lang,Lang,Lang,Lang,லாங்,లాంగ్,Ланг,แลง,Lang,Lang,Ланг,Ланг,لینگ,Lang,Lang,Lang
last_name_female_gallo,Gallo,Gallo,Галло,Галло,Gallo,ጋሎ,غالو,Գալլո,Gallo,গ্যালো,Гало,Gallo,ဂယ်လို,加洛,加洛,加洛,Gallo,Gallo,Gallo,Gallo,Conti,Gallo,Gallo,Gallo,გალო,Gallo,Γκάλο,ગેલો,גאלו,गैलो,Gallo,Gallo,Gallo,Gallo,ガロ,ಗ್ಯಾಲೊ,Галло,ហ្គាឡូ,갈로,Галло,,Gallo,Galo,Гало,Gallo,ഗാലോ,गॅलो,Галло,गालो,Gallo,گالو,Gallo,Gallo,Gallo,ਗੈਲੋ,Gallo,Галло,Гало,ගැලෝ,Gallo,Gallo,Gallo,Gallo,Gallo,Gallo,காலோ,గాలో,Галло,กัลโล,Gallo,Gallo,Галло,Галло,گیلو,Gallo,Gallo,Gallo
last_name_female_conti,Conti,Conti,Конти,Конти,Conti,ኮንቲ,كونتي,Կոնտի,Conti,কোন্টি,Конці,Conti,ကွန်တီ,康蒂,康蒂,康蒂,Conti,Conti,Conti,Conti,Fontana,Conti,Conti,Conti,კონტი,Conti,Κόντι,કોન્ટી,קונטי,कोंटी,Conti,Conti,Conti,Conti,コンティ,ಕಾಂಟಿ,Конти,កុងទី,콘티,Конти,,Konti,Kontis,Конти,Conti,കോണ്ടി,कॉन्टी,Конти,कन्टी,Conti,کونتی,Conti,Conti,Conti,ਕੌਂਟੀ,Conti,Конти,Конти,කොන්ටි,Conti,Conti,Conti,Conti,Conti,Conti,கோன்டி,కాంటీ,Конти,คอนติ,Konti,Conti,Конти,Конті,کونٹی,Konti,Conti,Conti
last_name_female_fontana,Fontana,Fontana,Фонтана,Фонтана,Fontana,ፎንታና,فونتانا,Ֆոնտանա,Fontana,ফন্টানা,Фантана,Fontana,ဖွန်တားနား,方塔納,方塔纳,方塔納,Fontana,Fontana,Fontana,Fontana,Almeida,Fontana,Fontana,Fontana,ფონტანა,Fontana,Φοντάνα,ફોન્ટાના,פונטנה,फोंटाना,Fontana,Fontana,Fontana,Fontana,フォンタナ,ಫಾಂಟಾನಾ,Фонтана,ហ្វុងតាណា,폰타나,Фонтана,,Fontana,Fontana,Фонтана,Fontana,ഫോണ്ടാന,फॉन्टाना,Фонтана,फोन्टाना,Fontana,فونتانا,Fontana,Fontana,Fontana,ਫੋਂਟਾਨਾ,Fontana,Фонтана,Фонтана,ෆොන්ටානා,Fontana,Fontana,Fontana,Fontana,Fontana,Fontana,ஃபோன்டானா,ఫోంటానా,Фонтана,ฟอนทาน่า,Fontana,Fontana,Фонтана,Фонтана,فونٹانا,Fontana,Fontana,Fontana
last_name_female_almeida,Almeida,Almeida,Алмейда,Алмейда,Almeida,አልሜዳ,ألميدا,Ալմեյդա,Almeida,আলমেইদা,Алмейда,Almeida,အယ်လ်မေဒါ,阿爾梅達,阿尔梅达,阿爾梅達,Almeida,Almeida,Almeida,Almeida,Rodriguez,Almeida,Almeida,Almeida,ალმეიდა,Almeida,Αλμέιδα,અલ્મેઇડા,אלמיידה,अल्मेडा,Almeida,Almeida,Almeida,Almeida,アルメイダ,ಅಲ್ಮೇಡಾ,Алмейда,អាល់ម៉េដា,알메이다,Алмейда,,Almeida,Almeida,Алмеида,Almeida,അൽമേദ,अल्मेडा,Альмейда,अल्मेडा,Almeida,آلمیدا,Almeida,Almeida,Almeida,ਅਲਮੇਡਾ,Almeida,Алмейда,Алмеида,ඇල්මෙයිඩා,Almeida,Almeida,Almeida,Almeida,Almeida,Almeida,அல்மேடா,ఆల్మేడా,Алмейда,อัลเมดา,Almeida,Almeida,Алмейда,Алмейда,المیڈا,Almeida,Almeida,Almeida
last_name_female_rodriguez,Rodriguez,Rodriguez,Родригес,Родригес,Rodriguez,ሮድሪጌዝ,رودريغيز,Ռոդրիգես,Rodriguez,রদ্রিগেজ,Радрыгес,Rodriguez,ရိုဒရီဂက်ဇ်,羅德里格斯,罗德里格斯,羅德里格斯,Rodriguez,Rodriguez,Rodriguez,Rodriguez,Sanchez,Rodriguez,Rodriguez,Rodriguez,როდრიგესი,Rodriguez,Ροδρίγκες,રોડ્રિગ્ઝ,רודריגז,रोड्रिगेज़,Rodriguez,Rodriguez,Rodriguez,Rodriguez,ロドリゲス,ರೋಡ್ರಿಗಸ್,Родригес,រ៉ូដ្រីហ្គេស,로드리게스,Родригес,,Rodrigess,Rodrigesas,Родригез,Rodriguez,റോഡ്രിഗസ്,रॉड्रिगेझ,Родригес,रोड्रिगेज,Rodriguez,رودریگز,Rodriguez,Rodriguez,Rodriguez,ਰੋਡਰੀਗਜ਼,Rodriguez,Родригес,Родригез,රොඩ්‍රිගස්,Rodriguez,Rodriguez,Rodriguez,Rodríguez,Rodriguez,Rodriguez,ரோட்ரிகஸ்,రోడ్రిగెజ్,Родригес,โรดริเกซ,Rodriges,Rodriguez,Родригес,Родрігес,روڈریگس,Rodriges,Rodriguez,Rodriguez
last_name_female_sanchez,Sanchez,Sanchez,Санчес,Санчес,Sanchez,ሳንቼዝ,سانشيز,Սանչես,Sanchez,সানচেজ,Санчэс,Sanchez,ဆန်ချက်ဇ်,桑切斯,桑切斯,桑切斯,Sanchez,Sanchez,Sanchez,Sanchez,Romano,Sanchez,Sanchez,Sanchez,სანჩესი,Sanchez,Σάντσεζ,સાન્ચેઝ,סנצ'ז,सांचेज़,Sanchez,Sanchez,Sanchez,Sanchez,サンチェス,ಸ್ಯಾಂಚೆಜ್,Санчес,សាន់ឆេស,산체스,Санчес,,Sančess,Sančesas,Санчез,Sanchez,സാഞ്ചസ്,सांचेझ,Санчес,सान्चेज,Sanchez,سانچز,Sanchez,Sanchez,Sanchez,ਸੈਂਚੇਜ਼,Sanchez,Санчес,Санчез,සැන්චෙස්,Sanchez,Sanchez,Sanchez,Sánchez,Sanchez,Sanchez,சான்சஸ்,సాంచెజ్,Санчес,ซานเชซ,Sançes,Sanchez,Санчес,Санчес,سانچیز,Sanches,Sanchez,Sanchez
last_name_female_romano,Romano,Romano,Романо,Романо,Romano,ሮማኖ,رومانو,Ռոմանո,Romano,রোমানো,Рамана,Romano,ရိုမာနို,羅馬諾,罗马诺,羅馬諾,Romano,Romano,Romano,Romano,Dumas,Romano,Romano,Romano,რომანო,Romano,Ρομάνο,રોમાનો,רומנו,रोमानो,Romano,Romano,Romano,Romano,ロマーノ,ರೊಮಾನೊ,Романо,រ៉ូម៉ាណូ,로마노,Романо,,Romano,Romanas,Романо,Romano,റോമാനോ,रोमानो,Романо,रोमानो,Romano,رومانو,Romano,Romano,Romano,ਰੋਮਾਨੋ,Romano,Романо,Романо,රොමානෝ,Romano,Romano,Romano,Romano,Romano,Romano,ரோமானோ,రోమానో,Романо,โรมาโน,Romano,Romano,Романо,Романо,رومانو,Romano,Romano,Romano
last_name_female_dumas,Dumas,Dumas,Дюма,Дюма,Dumas,ዱማስ,ديوماس,Դյումա,Dumas,ডুমাস,Дзюма,Dumas,ဒူးမာ့စ်,仲馬,大仲马,仲馬,Dumas,Dumas,Dumas,Dumas,Morozova,Dumas,Dumas,Dumas,დიუმა,Dumas,Δουμάς,ડુમાસ,דיומא,डुमास,Dumas,Dumas,Dumas,Dumas,デュマ,ಡ್ಯೂಮಾಸ್,Дюма,ឌូម៉ា,뒤마,Дюма,,Dimā,Diuma,Дима,Dumas,ഡുമാസ്,ड्युमास,Дюма,डुमास,Dumas,دوما,Dumas,Dumas,Dumas,ਡੂਮਾਸ,Dumas,Дюма,Дима,ඩුමාස්,Dumas,Dumas,Dumas,Dumas,Dumas,Dumas,டுமாஸ்,డుమాస్,Дюма,ดูมาส์,Dýuma,Dumas,Дюма,Дюма,ڈوماس,Duma,Dumas,Dumas
last_name_female_morozov,Morozova,Morozova,Морозова,Морозова,Morozova,ሞሮዞቫ,موروزوفا,Մորոզովա,Morozova,মোরোজোভা,Марозава,Morozova,မိုရိုဇိုဗာ,莫羅佐娃,莫罗佐娃,莫羅佐娃,Morozova,Morozova,Morozova,Morozova,Pavlova,Morozova,Morozova,Morozova,მოროზოვა,Morozova,Μορόζοβα,મોરોઝોવા,מורוזובה,मोरोज़ोवा,Morozova,Morozova,Morozova,Morozova,モロゾバ,ಮೊರೊಜೊವಾ,Морозова,ម៉ូរ៉ូហ្សូវ៉ា,모로조바,Морозова,,Morozova,Morozova,Морозова,Morozova,മൊറോസോവ,मोरोझोवा,Морозова,मोरोजोभा,Morozova,موروزوا,Morozova,Morozova,Morozova,ਮੋਰੋਜ਼ੋਵਾ,Morozova,Морозова,Морозова,මොරොසොවා,Morozova,Morozova,Morozova,Morozova,Morozova,Morozova,மோரோசோவா,మొరోజోవా,Морозова,โมโรโซวา,Morozowa,Morozova,Морозова,Морозова,موروزووا,Morozova,Morozova,Morozova
last_name_female_pavlov,Pavlova,Pavlova,Павлова,Павлова,Pavlova,ፓቭሎቫ,بافلوفا,Պավլովա,Pavlova,পাভলোভা,Паўлава,Pavlova,ပါ့ဗ်လိုဗာ,巴甫洛娃,巴甫洛娃,巴甫洛娃,Pavlova,Pavlova,Pavlova,Pavlova,Orlova,Pavlova,Pavlova,Pavlova,პავლოვა,Pavlova,Πάβλοβα,પાવલોવા,פבלובה,पावलोवा,Pavlova,Pavlova,Pavlova,Pavlova,パブロバ,ಪಾವ್ಲೊವಾ,Павлова,ប៉ាវឡូវ៉ា,파블로바,Павлова,,Pavlova,Pavlova,Павлова,Pavlova,പാവ്ലോവ,पावलोवा,Павлова,पाभ्लोभा,Pavlova,پاولووا,Pavlova,Pavlova,Pavlova,ਪਾਵਲੋਵਾ,Pavlova,Павлова,Павлова,පැව්ලොවා,Pavlova,Pavlova,Pavlova,Pavlova,Pavlova,Pavlova,பாவ்லோவா,పావ్లోవా,Павлова,พาฟโลวา,Pawlowa,Pavlova,Павлова,Павлова,پاولووا,Pavlova,Pavlova,Pavlova
last_name_female_orlov,Orlova,Orlova,Орлова,Орлова,Orlova,ኦርሎቫ,أورلوفا,Օրլովա,Orlova,অরলোভা,Арлова,Orlova,အော်လိုဗာ,奧爾洛娃,奥尔洛娃,奧爾洛娃,Orlova,Orlova,Orlova,Orlova,Wong,Orlova,Orlova,Orlova,ორლოვა,Orlova,Όρλοβα,ઓર્લોવા,אורלובה,ओरलोवा,Orlova,Orlova,Orlova,Orlova,オルロバ,ಒರ್ಲೊವಾ,Орлова,អ័រឡូវ៉ា,올로바,Орлова,,Orlova,Orlova,Орлова,Orlova,ഓർലോവ,ओर्लोवा,Орлова,ओर्लोभा,Orlova,اورلووا,Orlova,Orlova,Orlova,ਓਰਲੋਵਾ,Orlova,Орлова,Орлова,ඔර්ලොවා,Orlova,Orlova,Orlova,Orlova,Orlova,Orlova,ஓர்லோவா,ఓర్లోవా,Орлова,ออร์โลวา,Orlowa,Orlova,Орлова,Орлова,اورلووا,Orlova,Orlova,Orlova
last_name_female_wong,Wong,Wong,Вонг,Вонг,Wong,ዎንግ,وونغ,Վոնգ,Wong,ওং,Вонг,Wong,ဝေါင်း,王,王,王,Wong,Wong,Wong,Wong,Vargas,Wong,Wong,Wong,ვონგი,Wong,Γουόνγκ,વોંગ,וונג,वोंग,Wong,Wong,Wong,Wong,ウォン,ವಾಂಗ್,Вонг,វ៉ុង,웡,Вонг,,Vongs,Vongas,Вонг,Wong,വോങ്ങ്,वाँग,Вонг,वोङ,Wong,وانگ,Wong,Wong,Wong,ਵੋਂਗ,Wong,Вонг,Вонг,වොන්ග්,Wong,Wong,Wong,Wong,Wong,Wong,வோங்,వాంగ్,Вонг,หว่อง,Wong,Wong,Вонг,Вонг,ونگ,Vong,Wong,Wong
last_name_female_vargas,Vargas,Vargas,Варгас,Варгас,Vargas,ቫርጋስ,فارغاس,Վարգաս,Vargas,ভার্গাস,Варгас,Vargas,ဗာဂါစ်,瓦爾加斯,巴尔加斯,瓦爾加斯,Vargas,Vargas,Vargas,Vargas,Castro,Vargas,Vargas,Vargas,ვარგასი,Vargas,Βάργκας,વર્ગાસ,ורגאס,वर्गास,Vargas,Vargas,Vargas,Vargas,バルガス,ವರ್ಗಾಸ್,Варгас,វ៉ាហ្គាស,바르가스,Варгас,,Vargass,Vargasas,Варгас,Vargas,വാർഗാസ്,व्हर्गास,Варгас,भार्गास,Vargas,وارگاس,Vargas,Vargas,Vargas,ਵਾਰਗਾਸ,Vargas,Варгас,Варгас,වර්ගාස්,Vargas,Vargas,Vargas,Vargas,Vargas,Vargas,வர்காஸ்,వర్గాస్,Варгас,วาร์กัส,Wargas,Vargas,Варгас,Варгас,وارگاس,Vargas,Vargas,Vargas
last_name_female_castro,Castro,Castro,Кастро,Кастро,Castro,ካስትሮ,كاسترو,Կաստրո,Castro,কাস্ত্রো,Кастра,Castro,ကက်စ်ထရို,卡斯楚,卡斯特罗,卡斯楚,Castro,Castro,Castro,Castro,Mendoza,Castro,Castro,Castro,კასტრო,Castro,Κάστρο,કાસ્ટ્રો,קסטרו,कास्त्रो,Castro,Castro,Castro,Castro,カストロ,ಕ್ಯಾಸ್ಟ್ರೊ,Кастро,កាស្ត្រូ,카스트로,Кастро,,Kastro,Kastras,Кастро,Castro,കാസ്ട്രോ,कास्त्रो,Кастро,कास्ट्रो,Castro,کاسترو,Castro,Castro,Castro,ਕਾਸਟਰੋ,Castro,Кастро,Кастро,කාස්ට්‍රෝ,Castro,Castro,Castro,Castro,Castro,Castro,காஸ்ட்ரோ,కాస్ట్రో,Кастро,คาสโตร,Kastro,Castro,Кастро,Кастро,کاسترو,Kastro,Castro,Castro
last_name_female_mendoza,Mendoza,Mendoza,Мендоза,Мендоса,Mendoza,መንዶዛ,ميندوزا,Մենդոզա,Mendoza,মেন্ডোজা,Мендоса,Mendoza,မင်ဒိုဇာ,門多薩,门多萨,門多薩,Mendoza,Mendoza,Mendoza,Mendoza,Sinclair,Mendoza,Mendoza,Mendoza,მენდოზა,Mendoza,Μεντόζα,મેન્ડોઝા,מנדוזה,मेन्डोज़ा,Mendoza,Mendoza,Mendoza,Mendoza,メンドーサ,ಮೆಂಡೋಜಾ,Мендоса,ម៉េនដូហ្សា,멘도사,Мендоса,,Mendosa,Mendosa,Мендоза,Mendoza,മെൻഡോസ,मेन्डोझा,Мендоза,मेन्डोजा,Mendoza,مندوزا,Mendoza,Mendoza,Mendoza,ਮੈਂਡੋਜ਼ਾ,Mendoza,Мендоса,Мендоза,මෙන්ඩෝසා,Mendoza,Mendoza,Mendoza,Mendoza,Mendoza,Mendoza,மென்டோசா,మెండోజా,Мендоза,เมนโดซา,Mendoza,Mendoza,Мендоза,Мендоза,مینڈوزا,Mendoza,Mendoza,Mendoza
last_name_female_sinclair,Sinclair,Sinclair,Синклер,Синклер,Sinclair,ሲንክሌር,سنكلير,Սինքլեր,Sinclair,সিনক্লেয়ার,Сінклер,Sinclair,စင်ကလဲယား,辛克萊,辛克莱,辛克萊,Sinclair,Sinclair,Sinclair,Sinclair,,Sinclair,Sinclair,Sinclair,სინკლერი,Sinclair,Σίνκλερ,સિંકલેર,סינקלייר,सिनक्लेयर,Sinclair,Sinclair,Sinclair,Sinclair,シンクレア,ಸಿಂಕ್ಲೇರ್,Синклер,ស៊ីនខ្លែរ,싱클레어,Синклер,,Sinklērs,Sinkleris,Синклер,Sinclair,സിൻക്ലെയർ,सिन्क्लेअर,Синклер,सिन्क्लेयर,Sinclair,سینکلیر,Sinclair,Sinclair,Sinclair,ਸਿੰਕਲੇਅਰ,Sinclair,Синклер,Синклер,සින්ක්ලෙයාර්,Sinclair,Sinclair,Sinclair,Sinclair,Sinclair,Sinclair,சின்க்ளேர்,సింక్లేర్,Синклер,ซินแคลร์,Sinkler,Sinclair,Синклер,Сінклер,سنکلیئر,Sinkler,Sinclair,Sinclair